Time,x_end_to_end,y_end_to_end,z_end_to_end
1.0000,70.855904,1.423372,-0.923644
2.0000,73.178830,2.705311,-5.175633
3.0000,72.864248,-0.489112,-5.603629
4.0000,70.273624,0.196964,-4.556230
5.0000,66.479674,2.345060,-2.325929
6.0000,64.369748,0.552043,-1.687100
7.0000,65.233402,3.191641,1.992271
8.0000,66.629557,0.080513,-1.233989
9.0000,66.469876,1.405587,-4.601461
10.0000,66.660723,2.414998,-4.052186
11.0000,68.740374,2.646593,-4.226192
12.0000,65.067588,1.838671,-6.018630
13.0000,66.142498,-1.339585,-5.122262
14.0000,65.261479,-6.537403,-3.614442
15.0000,64.972506,-6.233156,-3.387807
16.0000,64.326668,-5.133053,-5.016952
17.0000,63.729695,-4.020853,-5.288129
18.0000,64.408867,-7.416737,-8.163414
19.0000,64.343231,-8.744748,-9.921064
20.0000,63.866286,-10.249711,-7.887717
21.0000,68.752442,-8.248906,-6.018072
22.0000,67.140048,-6.170045,-6.680800
23.0000,66.249832,-10.291037,-4.543537
24.0000,65.951386,-11.564134,-3.877305
25.0000,66.427132,-8.754829,-1.015338
26.0000,66.989194,-9.287358,-1.215928
27.0000,68.271765,-9.695625,0.486253
28.0000,64.742485,-7.549516,3.096600
29.0000,63.926456,-6.868168,-2.677505
30.0000,66.057073,-6.762269,-2.608559
31.0000,66.152138,-4.960458,0.591733
32.0000,67.644297,-2.494431,1.621061
33.0000,68.021976,-3.110633,2.292241
34.0000,69.418487,-0.915272,-1.087804
35.0000,69.001626,-1.255267,-3.236215
36.0000,68.038388,-3.711740,-3.844092
37.0000,68.562704,-4.615163,-3.668921
38.0000,69.227474,-1.800654,-2.371296
39.0000,69.929404,-3.323499,-2.028465
40.0000,71.298335,-4.537274,-0.859722
41.0000,72.075273,-7.199855,-0.699149
42.0000,69.588261,-9.804117,-1.367962
43.0000,69.535795,-7.886694,-3.289026
44.0000,67.000691,-8.327903,-2.950962
45.0000,67.867736,-8.388556,-3.621495
46.0000,67.774633,-10.566224,-4.229214
47.0000,67.085423,-11.751651,-4.234988
48.0000,68.212986,-8.757580,-5.020447
49.0000,68.834780,-9.335499,-5.655532
50.0000,69.260743,-9.977102,-2.498757
51.0000,67.578602,-8.865751,-1.445249
52.0000,66.206227,-9.347197,-1.309327
53.0000,67.783445,-6.087342,-2.243138
54.0000,66.441283,-5.434959,-0.573559
55.0000,70.522312,-5.822278,-0.284602
56.0000,65.627455,-5.286928,1.193273
57.0000,61.584694,-3.512534,0.281896
58.0000,59.607632,-1.059357,-0.587244
59.0000,58.407622,0.178478,-1.105810
60.0000,60.336551,-0.212863,2.510010
61.0000,61.266552,-1.696594,4.784563
62.0000,60.289981,0.009829,5.233123
63.0000,63.912083,-0.251969,5.274165
64.0000,63.056674,0.262179,5.305975
65.0000,65.297646,1.501364,3.726315
66.0000,63.453073,-0.111727,0.875390
67.0000,65.540627,1.968341,1.702850
68.0000,63.323193,2.489885,4.683337
69.0000,62.776735,1.167643,8.462514
70.0000,60.057323,-1.208585,6.894859
71.0000,58.446570,-0.042372,6.946071
72.0000,55.961015,-0.374247,7.539520
73.0000,56.114253,-2.451389,10.209586
74.0000,56.736107,-3.886580,10.005951
75.0000,55.302056,-4.589226,6.899197
76.0000,54.764641,-6.551266,6.964050
77.0000,53.394149,-7.978969,5.799359
78.0000,53.221506,-7.424706,6.267231
79.0000,52.090178,-8.587842,4.483906
80.0000,51.694952,-8.742825,5.631025
81.0000,49.052277,-11.640888,8.045030
82.0000,50.488936,-13.993984,10.349748
83.0000,50.782770,-10.526077,12.132806
84.0000,52.699501,-10.902922,11.765873
85.0000,52.332166,-10.797632,12.475118
86.0000,53.511435,-9.565990,12.280839
87.0000,51.136642,-10.484263,14.340588
88.0000,50.633286,-14.400708,12.361338
89.0000,52.458921,-10.293049,12.415735
90.0000,50.878173,-11.666726,17.550465
91.0000,52.156636,-11.402480,14.501994
92.0000,51.022311,-13.307831,14.083922
93.0000,51.276436,-13.197286,14.310338
94.0000,51.236294,-13.211993,14.536666
95.0000,49.964232,-13.451889,14.159351
96.0000,49.827791,-13.255480,12.344576
97.0000,51.858454,-14.626982,13.928950
98.0000,51.934732,-18.709326,12.351353
99.0000,54.685717,-18.310848,13.693199
100.0000,56.829114,-17.722179,18.082921
101.0000,57.940838,-15.331419,15.412301
102.0000,56.398900,-13.847415,13.088477
103.0000,59.468807,-16.578207,13.993818
104.0000,59.077977,-14.881959,13.715889
105.0000,56.942556,-13.908256,16.027065
106.0000,56.609453,-12.883951,15.914279
107.0000,56.729446,-10.336251,14.539219
108.0000,58.877065,-10.872956,13.434253
109.0000,57.963175,-8.985323,15.311695
110.0000,60.176414,-6.978852,13.672021
111.0000,62.583363,-7.930003,14.356021
112.0000,59.616426,-9.408396,15.245995
113.0000,61.374899,-12.438779,14.469070
114.0000,57.840886,-11.315536,13.635593
115.0000,60.078231,-12.010945,14.425326
116.0000,59.526483,-10.553840,14.271584
117.0000,57.026725,-15.136508,17.202578
118.0000,56.932810,-15.165076,16.404862
119.0000,60.506404,-17.644748,19.697954
120.0000,58.898211,-18.825993,20.954526
121.0000,60.946141,-16.909614,22.743257
122.0000,63.478675,-13.982228,22.435240
123.0000,63.450829,-16.588157,22.959746
124.0000,63.452003,-16.974556,20.582711
125.0000,59.804980,-13.803038,22.871567
126.0000,60.563110,-13.387455,22.606742
127.0000,62.793241,-13.846377,21.536999
128.0000,61.021262,-14.103367,23.584567
129.0000,59.891088,-15.822842,24.278904
130.0000,60.106316,-16.130335,24.299966
131.0000,62.072201,-13.417334,22.035782
132.0000,59.738529,-12.569310,21.549817
133.0000,56.106875,-11.055558,17.620772
134.0000,53.672191,-14.587252,17.063565
135.0000,53.498852,-11.355435,16.644389
136.0000,52.115185,-11.027227,14.652959
137.0000,51.795376,-10.603628,14.260611
138.0000,51.873049,-9.971545,15.881547
139.0000,52.075231,-15.347267,17.986055
140.0000,51.345153,-13.180291,17.475109
141.0000,53.020836,-14.956428,16.532844
142.0000,54.680430,-15.894301,15.502494
143.0000,50.705939,-11.990835,17.131010
144.0000,47.948450,-14.752498,19.802790
145.0000,49.217238,-15.384576,15.819255
146.0000,48.742849,-13.991121,17.894570
147.0000,43.936019,-14.009196,14.172000
148.0000,41.590508,-17.036779,15.371309
149.0000,40.811210,-15.891257,14.815058
150.0000,39.245330,-12.822456,13.036196
151.0000,41.174251,-14.092410,13.080621
152.0000,43.813782,-12.441867,15.739261
153.0000,43.836533,-14.229398,19.397112
154.0000,48.014885,-10.191526,21.286469
155.0000,47.522948,-11.116291,19.967512
156.0000,44.437190,-11.038133,18.998420
157.0000,48.485178,-13.326176,17.909410
158.0000,50.136300,-11.088512,18.903751
159.0000,51.093101,-10.669196,21.342838
160.0000,49.072676,-10.796165,18.022824
161.0000,48.771239,-13.293204,17.629030
162.0000,46.073266,-10.973364,16.255821
163.0000,46.937254,-7.894445,16.017337
164.0000,46.160926,-7.894212,15.010068
165.0000,44.289073,-4.886657,13.280957
166.0000,45.719001,-4.696201,11.020824
167.0000,43.054480,-5.598856,10.429238
168.0000,43.400079,-5.466321,6.627133
169.0000,41.162254,-9.318339,5.056257
170.0000,42.045314,-8.510159,3.748386
171.0000,42.848772,-7.399117,3.664478
172.0000,39.763028,-6.859135,3.561903
173.0000,41.115631,-6.067929,2.468486
174.0000,39.246238,-8.785068,3.207115
175.0000,37.864103,-10.264641,5.346699
176.0000,36.857415,-9.435237,6.248257
177.0000,33.783903,-9.170040,7.959796
178.0000,35.943753,-6.177633,9.128319
179.0000,35.559088,-8.382508,12.063290
180.0000,34.426228,-10.398644,9.915599
181.0000,33.761460,-11.391483,12.051750
182.0000,32.196943,-13.445274,8.524158
183.0000,33.635566,-13.565614,5.074334
184.0000,34.992650,-13.488295,3.554510
185.0000,34.911675,-15.474409,4.958431
186.0000,36.702028,-15.286000,7.763798
187.0000,37.417563,-14.945506,6.587254
188.0000,37.141088,-17.167342,7.015960
189.0000,34.474150,-17.956292,6.317614
190.0000,35.051168,-19.592991,9.094344
191.0000,33.450378,-18.344979,8.958249
192.0000,35.773109,-15.795915,9.150282
193.0000,35.542270,-14.436670,13.551567
194.0000,32.446465,-13.833908,12.325794
195.0000,29.851191,-16.269991,11.261156
196.0000,30.371437,-17.099864,11.169626
197.0000,29.850563,-16.670869,12.488617
198.0000,28.706144,-17.112981,11.501976
199.0000,30.729016,-13.448279,9.850851
200.0000,32.738796,-13.409663,12.569013
201.0000,32.446709,-14.469632,13.916706
202.0000,30.090472,-13.148760,15.323256
203.0000,33.004811,-14.006070,17.014952
204.0000,31.558479,-12.565825,19.920556
205.0000,30.242286,-12.581558,19.358921
206.0000,33.021548,-12.571655,14.071751
207.0000,38.180656,-10.519744,13.112849
208.0000,37.240165,-9.649049,13.549863
209.0000,36.724109,-8.327153,16.384967
210.0000,36.905908,-8.197492,18.819446
211.0000,35.008108,-7.423048,16.027969
212.0000,38.904497,-8.444556,14.181419
213.0000,35.038124,-9.173284,17.545438
214.0000,35.219140,-9.888293,15.184566
215.0000,35.235320,-10.258950,14.991321
216.0000,34.407333,-9.818229,14.113431
217.0000,34.202681,-9.451207,15.102908
218.0000,33.532560,-8.680783,14.123060
219.0000,33.008104,-9.469041,13.214577
220.0000,30.471173,-5.984401,13.038629
221.0000,28.269924,-8.969873,12.106209
222.0000,26.844824,-10.383052,14.001252
223.0000,28.824205,-11.228508,15.892009
224.0000,27.791197,-7.158982,14.729526
225.0000,30.324698,-7.011092,17.154492
226.0000,30.559660,-8.930469,19.745984
227.0000,30.063759,-8.300615,16.866832
228.0000,31.738979,-8.380568,15.165017
229.0000,34.848815,-11.005439,15.461152
230.0000,34.879593,-10.840003,12.059048
231.0000,35.603196,-12.479180,10.764399
232.0000,33.370714,-13.792369,11.589173
233.0000,34.651359,-13.490142,12.962351
234.0000,35.496297,-14.149727,12.008951
235.0000,32.992801,-14.542731,13.423397
236.0000,33.106158,-13.875347,13.100793
237.0000,32.643636,-16.255214,12.373852
238.0000,35.876752,-16.920849,12.650723
239.0000,37.173981,-17.879395,10.408602
240.0000,34.723814,-19.989977,10.030078
241.0000,30.922566,-17.810426,7.734735
242.0000,28.231459,-17.161718,9.950704
243.0000,29.436214,-16.081902,12.150173
244.0000,29.229677,-19.947241,12.192318
245.0000,27.789255,-18.752021,13.847549
246.0000,28.609956,-14.502216,13.444531
247.0000,29.000707,-12.646373,11.440359
248.0000,30.176084,-12.112153,10.897948
249.0000,31.447910,-12.061668,9.996364
250.0000,30.102605,-8.088688,8.854375
251.0000,30.048178,-8.010189,7.050350
252.0000,30.187067,-6.199289,11.017283
253.0000,35.262127,-5.747753,8.485479
254.0000,33.497760,-9.744856,7.398399
255.0000,32.175114,-9.838879,7.927438
256.0000,31.852820,-10.822367,7.579733
257.0000,32.617576,-11.206267,5.616825
258.0000,33.058155,-9.201606,8.776473
259.0000,31.582823,-10.484705,12.213933
260.0000,31.646247,-10.263024,12.161412
261.0000,32.866317,-9.631946,10.405831
262.0000,35.147604,-11.470464,10.523860
263.0000,34.398350,-9.525942,12.155070
264.0000,34.295006,-10.800963,11.458005
265.0000,32.849111,-10.035825,10.681088
266.0000,32.328378,-8.736878,10.382751
267.0000,36.351135,-7.665753,7.098803
268.0000,34.214658,-6.338705,5.812423
269.0000,36.424372,-6.641127,3.646847
270.0000,35.609885,-12.798374,9.503685
271.0000,33.922690,-16.417304,7.754110
272.0000,33.450222,-17.648612,6.818346
273.0000,36.158450,-20.926146,4.273054
274.0000,33.316615,-16.469681,6.793382
275.0000,29.818524,-13.948256,8.862972
276.0000,31.572429,-11.206683,4.985142
277.0000,31.146326,-10.403958,3.663409
278.0000,29.532932,-9.753821,0.853846
279.0000,25.815694,-9.149427,0.234591
280.0000,22.737937,-8.565901,-0.398534
281.0000,21.158364,-6.915955,1.878863
282.0000,20.561629,-4.163738,1.941921
283.0000,20.086491,0.221002,-1.347911
284.0000,16.859989,-2.811760,0.282764
285.0000,17.761217,-3.371910,1.742530
286.0000,18.259999,-4.037749,0.681495
287.0000,18.726624,-8.134213,0.893040
288.0000,20.685146,-7.318136,-0.718789
289.0000,20.788486,-5.054903,2.329954
290.0000,22.082893,-7.244442,4.083056
291.0000,20.984647,-9.015650,4.665099
292.0000,18.481099,-8.087951,3.984951
293.0000,12.723057,-3.210802,1.669066
294.0000,13.400360,-3.092943,3.822248
295.0000,14.130907,-4.086642,-1.684654
296.0000,17.812786,-1.142058,-2.514611
297.0000,16.301153,-6.075813,-4.403708
298.0000,16.866070,-6.733141,-0.888415
299.0000,18.729265,-6.957094,-0.991897
300.0000,17.655118,-6.405899,-0.751532
301.0000,17.047727,-6.053631,-1.127425
302.0000,17.171805,-7.063009,-1.968115
303.0000,19.428353,-6.861695,-0.191163
304.0000,17.235777,-11.027785,-0.080229
305.0000,13.996572,-8.321541,-0.658088
306.0000,13.576438,-0.957875,-0.424035
307.0000,14.925986,-2.064409,2.106342
308.0000,13.663833,-0.535645,0.563448
309.0000,12.668760,-2.394067,2.876750
310.0000,12.498362,-2.518052,1.601844
311.0000,13.845368,-4.461798,3.254415
312.0000,14.521417,-2.311441,4.751112
313.0000,15.209546,-3.903847,3.292718
314.0000,14.995161,-3.306014,6.107687
315.0000,16.279065,-3.646140,6.269224
316.0000,17.125698,-6.464979,8.581910
317.0000,17.514050,-9.644567,8.196590
318.0000,18.085086,-9.975566,4.769660
319.0000,14.030302,-8.582315,5.199423
320.0000,12.817468,-7.228335,6.802702
321.0000,12.931143,-6.385291,3.631105
322.0000,11.319773,-7.123358,3.993064
323.0000,13.628307,-7.966827,1.035785
324.0000,11.267420,-8.289586,-1.924661
325.0000,8.756626,-6.558450,-0.764849
326.0000,8.091242,-6.952871,-1.379108
327.0000,11.959904,-11.546300,-3.477429
328.0000,11.318730,-10.289496,-3.536179
329.0000,10.441463,-12.786247,-3.666454
330.0000,13.403470,-13.966193,-4.292385
331.0000,11.970314,-11.627867,-2.661148
332.0000,11.186974,-5.514339,-2.331282
333.0000,11.418737,-6.194012,-6.526144
334.0000,10.394981,-6.823603,-5.650506
335.0000,8.506785,-7.982219,-4.728169
336.0000,4.431634,-9.479218,-5.039828
337.0000,7.598335,-7.401477,0.068638
338.0000,6.922834,-7.752851,1.153786
339.0000,8.422923,-9.308480,2.528519
340.0000,10.886842,-11.031750,0.556369
341.0000,12.064305,-10.822310,2.022375
342.0000,10.264171,-8.862152,0.737981
343.0000,9.803325,-8.225093,0.848424
344.0000,7.722330,-7.140502,0.719766
345.0000,12.862746,-4.805324,2.340557
346.0000,16.681636,-4.578380,1.328662
347.0000,16.166829,-7.076172,-2.177697
348.0000,15.823577,-6.118974,-3.384980
349.0000,14.877498,-2.049260,-1.732453
350.0000,13.779937,-0.209625,-0.845020
351.0000,12.116526,1.208910,1.321852
352.0000,14.450183,4.326404,-0.982890
353.0000,14.291166,3.138471,-3.962737
354.0000,14.044429,3.410855,-5.420135
355.0000,14.494231,-1.775099,-7.054481
356.0000,16.020851,-1.187433,-3.239630
357.0000,16.070565,-0.167109,-3.463099
358.0000,14.347439,-1.238638,-6.570370
359.0000,13.700342,-0.527121,-5.164233
360.0000,16.418945,1.976031,-0.807760
361.0000,18.364208,-0.041206,-0.209764
362.0000,20.307449,-0.045795,-1.344765
363.0000,19.728059,0.382916,1.445239
364.0000,19.009166,-0.885457,0.209089
365.0000,18.333150,-1.035153,2.114575
366.0000,17.897373,-1.697600,1.322109
367.0000,14.064248,-3.781437,1.296262
368.0000,12.490315,-6.601877,0.703277
369.0000,11.668633,-7.532649,3.827653
370.0000,10.852318,-6.667724,6.583946
371.0000,6.401239,-10.583008,7.055951
372.0000,8.940879,-10.092332,5.855095
373.0000,8.865425,-12.585952,8.243729
374.0000,13.154554,-10.324044,10.627344
375.0000,11.415676,-9.474226,11.522299
376.0000,12.229295,-9.718096,8.595428
377.0000,10.788520,-6.425905,7.417479
378.0000,10.766007,-5.354003,7.245903
379.0000,10.520172,-8.219297,3.728127
380.0000,9.525443,-8.699861,4.959100
381.0000,6.696276,-7.563741,2.546637
382.0000,6.219058,-8.458927,5.041749
383.0000,6.122304,-8.119536,8.268032
384.0000,6.112146,-7.384170,7.055340
385.0000,5.566970,-8.825397,10.162439
386.0000,4.399062,-9.061695,8.493646
387.0000,4.927978,-7.176025,5.621196
388.0000,5.071778,-8.875618,6.150860
389.0000,3.577713,-10.577644,3.842166
390.0000,5.441806,-13.757393,2.904545
391.0000,3.923670,-14.111828,1.886245
392.0000,0.952671,-14.684999,5.519252
393.0000,2.956050,-11.286859,4.882103
394.0000,3.509894,-11.210953,3.768974
395.0000,1.130588,-8.185154,2.905015
396.0000,3.325299,-6.832831,4.372522
397.0000,2.631864,-12.357530,7.542500
398.0000,1.890960,-12.269355,9.603781
399.0000,2.009320,-11.996623,8.233861
400.0000,-0.156041,-12.367810,8.370758
401.0000,1.524078,-8.468695,8.772193
402.0000,1.317915,-6.642522,10.136582
403.0000,-0.729920,-10.539615,10.277164
404.0000,-1.719373,-9.248080,8.815734
405.0000,-0.676990,-10.135760,7.211814
406.0000,0.159066,-8.199064,5.165858
407.0000,2.989189,-9.582997,4.531105
408.0000,-0.161062,-13.575326,5.174879
409.0000,-2.036021,-12.260805,6.925739
410.0000,-1.889126,-7.866162,8.211331
411.0000,-0.927194,-7.590341,7.806786
412.0000,0.237200,-8.757250,9.707199
413.0000,3.549744,-7.921926,8.635519
414.0000,5.788294,-9.796116,7.227133
415.0000,6.071559,-9.587514,6.495420
416.0000,4.895708,-6.537449,9.424089
417.0000,5.231195,-8.098454,9.507289
418.0000,6.096849,-6.917251,10.376473
419.0000,4.783805,-3.928138,7.498185
420.0000,6.630908,-4.844198,5.365802
421.0000,5.228232,-4.269892,4.535007
422.0000,4.604455,-2.896992,0.013292
423.0000,8.278664,-4.849693,-0.847904
424.0000,5.917124,-5.475475,4.219691
425.0000,3.551907,-7.582120,1.665769
426.0000,6.643101,-10.829580,-0.052360
427.0000,8.666540,-10.833413,-1.731408
428.0000,11.894655,-8.028151,-3.728561
429.0000,11.084458,-8.805639,-1.721203
430.0000,12.105823,-6.609188,0.691384
431.0000,15.804042,-8.897961,2.216115
432.0000,15.981575,-10.022414,-2.101286
433.0000,15.776851,-5.992378,-0.956661
434.0000,15.196109,-4.184859,-3.845319
435.0000,12.432460,-4.971407,-2.760273
436.0000,7.184959,-3.080839,-1.213054
437.0000,5.662495,-4.427320,-1.492950
438.0000,4.687118,-3.106266,-0.606471
439.0000,7.640234,-0.276298,-0.481524
440.0000,8.369972,0.397264,0.428829
441.0000,10.202908,-0.379771,2.824179
442.0000,11.857479,-1.782858,3.358789
443.0000,9.033519,-0.590167,1.143909
444.0000,11.276454,-1.595143,-1.145935
445.0000,7.723217,-0.105483,-2.257760
446.0000,9.794279,-3.921101,-1.531793
447.0000,8.678231,-2.486338,-3.701999
448.0000,6.892615,-2.491704,-4.001498
449.0000,7.968544,-3.301375,-4.439327
450.0000,7.871355,-3.789921,-5.671929
451.0000,8.622208,-6.743209,-5.821373
452.0000,5.415715,-7.592635,-3.326254
453.0000,8.403403,-8.254342,-4.088589
454.0000,7.736035,-10.447865,-1.299277
455.0000,6.113226,-8.536138,-4.229255
456.0000,4.025721,-4.939815,-4.872444
457.0000,6.712721,-4.639303,-1.562809
458.0000,7.403032,-0.798160,-2.856256
459.0000,6.276560,-1.623877,-3.453592
460.0000,9.012109,-5.268437,-4.446855
461.0000,10.888570,-5.600822,-1.899402
462.0000,14.358055,-3.458148,-2.015778
463.0000,13.522154,-2.304287,-2.820291
464.0000,12.957896,-2.639810,-1.862987
465.0000,11.433796,-3.166591,-2.201695
466.0000,11.295845,-1.987138,-1.707218
467.0000,11.495144,-9.019801,0.183249
468.0000,12.512879,-6.593912,-2.169551
469.0000,12.837106,-7.299864,0.682930
470.0000,9.751823,-7.609086,-0.782223
471.0000,13.743575,-7.550369,-1.862014
472.0000,12.220016,-7.931315,-3.722513
473.0000,12.218516,-7.458974,-4.205557
474.0000,10.934056,-7.764272,-2.940951
475.0000,12.991829,-9.720401,-1.213659
476.0000,14.986847,-9.125559,-2.748815
477.0000,13.370615,-9.034947,-1.233955
478.0000,12.968798,-9.495134,-0.263816
479.0000,15.281470,-7.251340,1.765618
480.0000,12.374620,-8.762582,2.950441
481.0000,11.289327,-10.257707,4.686482
482.0000,13.488829,-9.414951,2.766213
483.0000,11.661626,-9.046334,2.648208
484.0000,10.138168,-9.610734,0.321139
485.0000,9.482834,-13.269421,2.700605
486.0000,7.176074,-13.495120,5.192908
487.0000,5.802969,-17.348823,4.365942
488.0000,7.688713,-12.176538,2.811903
489.0000,7.368599,-11.212418,4.405943
490.0000,8.312476,-9.717876,3.066501
491.0000,10.250965,-11.688354,0.951908
492.0000,13.334687,-15.597780,-0.968498
493.0000,11.564722,-15.246290,2.164425
494.0000,15.430063,-20.601724,0.989794
495.0000,9.990036,-21.904787,-1.170609
496.0000,9.496244,-20.877159,-2.419901
497.0000,10.558929,-22.083417,-3.520257
498.0000,10.832388,-18.091396,-0.725373
499.0000,11.582646,-16.672535,-0.865838
500.0000,10.222918,-17.830936,0.521438
501.0000,10.252660,-19.838393,-2.950098
502.0000,10.763862,-21.295386,-5.554437
503.0000,7.956676,-21.329400,-0.780193
504.0000,12.329694,-22.823532,1.408261
505.0000,12.616919,-21.787519,1.176790
506.0000,9.443926,-20.688592,2.420286
507.0000,10.829466,-19.189921,3.016739
508.0000,11.774144,-18.883330,2.984128
509.0000,14.348556,-18.517793,4.910350
510.0000,16.468788,-20.980564,5.214011
511.0000,16.731229,-22.224752,4.773052
512.0000,21.420540,-23.537287,3.000832
513.0000,20.580520,-21.057294,3.430126
514.0000,21.239371,-20.601273,2.863698
515.0000,17.309098,-21.353050,-0.827640
516.0000,18.456582,-22.180888,-1.669432
517.0000,21.790112,-23.244686,0.691113
518.0000,22.693626,-21.976573,-1.018138
519.0000,23.533711,-21.910397,-1.668012
520.0000,23.785388,-21.543910,-3.174214
521.0000,20.341143,-19.463880,-3.797332
522.0000,16.193532,-20.634486,-3.238414
523.0000,19.365930,-17.241270,-2.968996
524.0000,20.941804,-19.225879,-1.326262
525.0000,20.542931,-19.481701,-1.273554
526.0000,18.163633,-19.952787,-2.331689
527.0000,18.666846,-15.302838,-2.039213
528.0000,13.546405,-13.978094,-3.814148
529.0000,12.528853,-10.983807,-4.909334
530.0000,12.539301,-9.890071,-5.540997
531.0000,18.096614,-9.375233,-6.952031
532.0000,18.302979,-7.561100,-6.205572
533.0000,19.768139,-10.859755,-4.704411
534.0000,16.917279,-9.094530,-6.263027
535.0000,21.309761,-7.384253,-5.284891
536.0000,19.268512,-4.562983,-6.591066
537.0000,21.416126,-1.769310,-6.622133
538.0000,23.268112,-3.372396,-6.491570
539.0000,25.067756,-5.210879,-6.389972
540.0000,25.522162,-5.362303,-8.465090
541.0000,24.693696,-8.067457,-7.832269
542.0000,25.375951,-8.587129,-5.162700
543.0000,26.132702,-6.851925,-7.940167
544.0000,29.652772,-8.334928,-9.214299
545.0000,31.125631,-7.638784,-9.521348
546.0000,28.560457,-8.758834,-10.043574
547.0000,23.315604,-8.477890,-9.590558
548.0000,22.407992,-8.262030,-10.548311
549.0000,22.716542,-7.416714,-8.845309
550.0000,23.820555,-7.076437,-8.002264
551.0000,21.305006,-3.628565,-6.346741
552.0000,21.625647,-2.779208,-8.407656
553.0000,21.251450,-3.962454,-6.430302
554.0000,21.311565,-3.216295,-10.277806
555.0000,19.944429,-0.191943,-11.802430
556.0000,20.309824,-1.568403,-13.730779
557.0000,23.868312,-3.022482,-9.844268
558.0000,23.912465,-0.262993,-4.422365
559.0000,24.140161,-0.797657,-5.504116
560.0000,22.122273,-0.056933,-7.850682
561.0000,24.764696,-2.153204,-9.703856
562.0000,23.354295,-4.176251,-8.963651
563.0000,23.904532,-4.480986,-13.658283
564.0000,22.151170,-5.412780,-13.501069
565.0000,21.779970,-4.513886,-16.355082
566.0000,19.969151,-4.851145,-14.233452
567.0000,18.005256,-8.150988,-15.050482
568.0000,15.674522,-7.911920,-8.348474
569.0000,16.003723,-7.311965,-10.232804
570.0000,16.405931,-6.889538,-11.089198
571.0000,18.890710,-8.516939,-9.710792
572.0000,16.353586,-10.698440,-8.632246
573.0000,17.580162,-9.018507,-10.418862
574.0000,17.947052,-5.362374,-9.857371
575.0000,14.896436,-4.265494,-9.977970
576.0000,14.893535,-2.678384,-8.816985
577.0000,16.351235,-3.489579,-6.652433
578.0000,20.277033,-6.320495,-9.774035
579.0000,21.949481,-7.914318,-10.672929
580.0000,21.333131,-6.060873,-9.997673
581.0000,22.572329,-6.002739,-11.970118
582.0000,24.582276,-8.652172,-11.711212
583.0000,28.010847,-6.323184,-9.201086
584.0000,28.245097,-7.507264,-9.370513
585.0000,26.247535,-10.498882,-10.399809
586.0000,25.226911,-9.989756,-12.271861
587.0000,24.621006,-8.791502,-12.388002
588.0000,27.295932,-8.422151,-10.707247
589.0000,29.119409,-5.085385,-12.922356
590.0000,27.183898,-4.118616,-11.802937
591.0000,25.365211,-3.019953,-11.401614
592.0000,25.770270,-1.324371,-13.119090
593.0000,23.844594,-3.777993,-13.366244
594.0000,25.338399,-3.725949,-10.048404
595.0000,25.029341,-0.276521,-10.333778
596.0000,24.919122,0.725276,-13.340931
597.0000,25.573325,2.013399,-12.578402
598.0000,27.479577,-0.279479,-8.933070
599.0000,27.705544,-1.953456,-8.656578
600.0000,29.597860,-5.541561,-11.089166
601.0000,30.876646,-5.181755,-12.131725
602.0000,35.447216,-5.984224,-9.152361
603.0000,37.265223,-9.468887,-10.802881
604.0000,37.681854,-9.736008,-11.265190
605.0000,33.668537,-9.096571,-13.290622
606.0000,34.770817,-9.506999,-12.204493
607.0000,34.538992,-7.126901,-10.497323
608.0000,34.977759,-5.119394,-8.666717
609.0000,33.535795,-5.993397,-9.989200
610.0000,30.476933,-6.333819,-10.408670
611.0000,32.737448,-5.743925,-12.942767
612.0000,33.062160,-5.801614,-11.284631
613.0000,35.042646,-5.927360,-12.527925
614.0000,34.268388,-8.733234,-9.193755
615.0000,30.708801,-7.949734,-4.944256
616.0000,34.327249,-5.415932,-7.211797
617.0000,35.094684,-4.295400,-5.247117
618.0000,32.032521,-1.946729,-4.554697
619.0000,29.356170,-1.443459,-5.686781
620.0000,28.345930,-2.924711,-5.743970
621.0000,26.123421,-3.323034,-7.048451
622.0000,30.263512,-3.268373,-8.595963
623.0000,32.406799,-3.667632,-7.208982
624.0000,31.994867,-3.071206,-7.030565
625.0000,31.760421,-4.683128,-3.840365
626.0000,32.759229,-6.015882,-6.981879
627.0000,35.853209,-4.830125,-8.699253
628.0000,35.040287,-4.346636,-6.827557
629.0000,35.018167,-4.776191,-8.536756
630.0000,34.909178,-3.841379,-8.953183
631.0000,32.865734,-3.790409,-7.880835
632.0000,34.116258,-5.871200,-2.463782
633.0000,36.174080,-6.902765,-4.999434
634.0000,36.347840,-9.131221,-8.149322
635.0000,36.674653,-8.224734,-8.931901
636.0000,33.342956,-4.668953,-8.339409
637.0000,33.521287,-6.152570,-6.372563
638.0000,31.037833,-8.594380,-8.382158
639.0000,28.814884,-7.235793,-11.065046
640.0000,27.856278,-3.667567,-11.033234
641.0000,27.854501,-0.189129,-14.005201
642.0000,22.807935,-1.464332,-19.401033
643.0000,23.726383,-3.441598,-19.372678
644.0000,25.547241,-4.350345,-17.333397
645.0000,23.851631,-5.078387,-15.126076
646.0000,26.224227,-7.503014,-11.427605
647.0000,25.770366,-8.413880,-10.265376
648.0000,26.135383,-11.054517,-8.831934
649.0000,26.488221,-11.165044,-12.959736
650.0000,29.232975,-9.236446,-11.979882
651.0000,27.618271,-6.790341,-11.391971
652.0000,27.641933,-7.175823,-8.050250
653.0000,24.775047,-7.501480,-6.132457
654.0000,25.893504,-10.925568,-5.243076
655.0000,25.376395,-12.028125,-5.428101
656.0000,26.674253,-8.465460,-4.817135
657.0000,25.435707,-6.426424,-6.417779
658.0000,22.836414,-5.635947,-7.619220
659.0000,25.289253,-8.944648,-11.805947
660.0000,25.695582,-10.638001,-13.314232
661.0000,23.682606,-11.576213,-12.407052
662.0000,23.972822,-7.928215,-15.287130
663.0000,24.901695,-8.465126,-13.171615
664.0000,22.231609,-9.984987,-13.174757
665.0000,23.440072,-12.770199,-14.791915
666.0000,25.955113,-14.277543,-14.598469
667.0000,26.865678,-11.485504,-11.984802
668.0000,26.888085,-10.134868,-14.150153
669.0000,26.023279,-11.662477,-10.943261
670.0000,27.317533,-9.978908,-9.402461
671.0000,26.704459,-11.183291,-12.699316
672.0000,28.946876,-8.138390,-16.868980
673.0000,27.035596,-7.915566,-15.461639
674.0000,25.890658,-5.132056,-13.684990
675.0000,26.527401,-6.542014,-12.897935
676.0000,26.175778,-6.516961,-16.818797
677.0000,25.125257,-8.827511,-19.657983
678.0000,27.594638,-10.187936,-18.636597
679.0000,29.495665,-14.192904,-16.852879
680.0000,33.024018,-13.072602,-15.344161
681.0000,31.880138,-12.521742,-17.925785
682.0000,31.405557,-6.764530,-18.664686
683.0000,26.884279,-8.580561,-19.891624
684.0000,25.470556,-6.193952,-22.234841
685.0000,22.005374,-4.865914,-22.050706
686.0000,25.009319,-0.225895,-25.190032
687.0000,27.448597,-1.973911,-26.791186
688.0000,26.794067,0.506699,-27.119485
689.0000,26.796153,-2.556014,-25.311805
690.0000,27.740575,-2.495926,-26.205956
691.0000,28.767930,-1.946695,-28.016090
692.0000,26.733515,-1.036427,-27.126659
693.0000,26.475043,-0.703870,-26.861615
694.0000,26.549901,-0.214409,-28.739034
695.0000,24.499056,-0.213126,-28.905541
696.0000,27.873093,0.136394,-24.629407
697.0000,30.267468,-0.858793,-25.324046
698.0000,29.026172,0.831078,-25.045135
699.0000,25.812575,0.997777,-28.133338
700.0000,26.329908,-1.191604,-28.933808
701.0000,26.111656,-2.197427,-27.806419
702.0000,24.415270,-3.509271,-25.088226
703.0000,24.588683,-6.375567,-21.236831
704.0000,24.800868,-6.853707,-18.002154
705.0000,26.529555,-7.338437,-19.087780
706.0000,27.697076,-3.153301,-17.993555
707.0000,25.717915,-2.481556,-19.859374
708.0000,29.321258,-3.045554,-16.504931
709.0000,28.014064,-6.136773,-15.908152
710.0000,28.108752,-7.455107,-18.472346
711.0000,26.253315,-6.082260,-13.584943
712.0000,25.795419,-1.725804,-17.257016
713.0000,23.023531,-0.363993,-15.998978
714.0000,25.416497,-0.591449,-15.721810
715.0000,26.384554,-0.248353,-10.786022
716.0000,26.975102,0.171953,-11.102906
717.0000,29.143417,-0.341333,-13.088972
718.0000,30.033098,-0.435851,-14.040054
719.0000,28.412313,-2.124554,-14.749158
720.0000,24.759494,-3.036012,-14.200131
721.0000,25.073462,-1.561985,-13.264778
722.0000,24.197583,0.230847,-11.423469
723.0000,22.813178,-1.112230,-9.888169
724.0000,26.434843,-2.584414,-5.666396
725.0000,24.998150,-4.526441,-5.436414
726.0000,26.623681,-4.700727,-3.760241
727.0000,27.998735,-5.577628,-5.511318
728.0000,24.354982,-6.683863,-3.827466
729.0000,23.477769,-8.502544,-3.221317
730.0000,24.439682,-9.311054,-3.775554
731.0000,24.151146,-6.574765,-0.997672
732.0000,21.431430,-5.482651,-4.052530
733.0000,20.261486,-7.131902,-2.804023
734.0000,15.199911,-7.953401,-0.679492
735.0000,16.558999,-7.660902,0.640975
736.0000,16.479295,-9.980119,1.911131
737.0000,16.323246,-6.201444,1.517283
738.0000,17.875022,-3.427452,-0.104098
739.0000,16.815456,-0.239595,1.119318
740.0000,16.362423,-2.422736,-0.245151
741.0000,16.150470,-1.243826,0.144313
742.0000,13.292173,-2.637154,2.552691
743.0000,12.206201,-3.659518,6.072585
744.0000,9.579157,-4.640766,2.671380
745.0000,5.902082,-5.433105,-0.531494
746.0000,2.670720,-0.646357,-3.790329
747.0000,2.954519,-4.886828,-6.765170
748.0000,4.560038,-7.847925,-9.088214
749.0000,1.831685,-5.803569,-8.454051
750.0000,-3.712966,-8.213977,-9.899813
751.0000,-2.838544,-10.264807,-8.580486
752.0000,-2.139276,-12.026105,-10.722839
753.0000,2.630803,-13.019612,-12.252426
754.0000,-0.422385,-11.756632,-12.780503
755.0000,-1.159506,-7.241179,-13.189534
756.0000,-3.488810,-5.897262,-10.507570
757.0000,-3.917164,-2.657808,-7.445076
758.0000,-5.275332,-4.810721,-9.785604
759.0000,-3.398498,-3.856937,-7.392465
760.0000,-5.697154,-2.120624,-8.280785
761.0000,-6.251081,-0.876732,-6.958840
762.0000,-6.947102,-1.483562,-5.644129
763.0000,-11.840584,-2.798218,-2.479103
764.0000,-13.407047,-6.013052,0.697265
765.0000,-13.897208,-4.818070,3.952601
766.0000,-12.577268,-1.485787,3.562603
767.0000,-15.713536,-2.154251,2.673210
768.0000,-14.930458,-2.393258,0.362515
769.0000,-13.914771,-3.009849,-1.041267
770.0000,-15.354062,-3.536487,-3.864459
771.0000,-12.821899,-3.539797,-5.912191
772.0000,-10.930382,-8.272611,-5.746097
773.0000,-9.859644,-9.448429,-5.790908
774.0000,-8.359967,-12.345827,-7.897551
775.0000,-7.904380,-10.041793,-8.850172
776.0000,-8.376894,-10.491761,-9.303043
777.0000,-9.240173,-11.230206,-6.066824
778.0000,-11.138084,-8.496233,-4.743281
779.0000,-11.534118,-7.434674,-1.548426
780.0000,-14.009361,-6.370809,-2.544316
781.0000,-14.629190,-5.780701,-5.254892
782.0000,-14.101260,-5.916430,-5.744287
783.0000,-13.349701,-5.549199,-9.033643
784.0000,-13.281559,-3.865871,-10.902729
785.0000,-9.530213,-2.186984,-10.818222
786.0000,-10.427365,-3.235256,-11.382724
787.0000,-9.519835,-6.049686,-11.283907
788.0000,-8.833596,-4.589603,-9.393968
789.0000,-7.234528,-4.091782,-9.950570
790.0000,-7.217647,-5.390940,-7.540813
791.0000,-6.943963,-5.866084,-8.560098
792.0000,-6.399147,-4.107218,-6.909625
793.0000,-8.909449,-4.639674,-9.238628
794.0000,-6.902311,-3.058989,-8.216277
795.0000,-5.082367,-6.578233,-8.009034
796.0000,-5.736400,-7.191562,-7.400117
797.0000,-5.112973,-7.992124,-5.059264
798.0000,-2.183432,-11.088331,-4.964713
799.0000,-0.747743,-8.598594,-2.770018
800.0000,-2.064295,-7.480336,-7.059289
801.0000,-3.862499,-7.266217,-6.447554
802.0000,-4.245949,-7.894441,-8.600888
803.0000,-2.491754,-7.651616,-10.109878
804.0000,-2.593225,-7.139810,-10.386307
805.0000,0.031455,-6.378844,-13.494203
806.0000,2.954448,-7.100736,-13.390538
807.0000,4.279967,-6.856436,-15.184441
808.0000,6.840368,-4.952993,-12.904843
809.0000,4.202333,-5.867948,-9.538592
810.0000,0.989175,-5.238969,-9.537615
811.0000,0.976965,-6.591558,-8.010574
812.0000,-0.304319,-5.751934,-6.786112
813.0000,-2.981336,-2.836134,-6.275917
814.0000,-1.641853,0.613665,-6.999429
815.0000,-2.692275,-2.268533,-8.327090
816.0000,-0.716582,-2.367618,-10.447714
817.0000,-3.211815,-3.808481,-15.330969
818.0000,-5.871057,-4.190428,-14.495807
819.0000,-6.518087,-3.024518,-14.364625
820.0000,-6.005182,-5.364919,-15.339595
821.0000,-4.847028,-7.541504,-15.915240
822.0000,-2.777505,-8.081293,-16.071466
823.0000,-4.583294,-9.324132,-17.532420
824.0000,1.406941,-7.386320,-15.341892
825.0000,-0.289888,-7.942821,-18.340333
826.0000,-1.390123,-8.617095,-16.241320
827.0000,-0.610610,-6.586557,-15.453417
828.0000,2.761347,-5.095892,-17.954967
829.0000,2.009976,-8.258043,-19.058499
830.0000,4.090542,-5.771661,-16.414246
831.0000,3.310704,-4.036426,-16.871553
832.0000,-1.713981,-2.747599,-17.202565
833.0000,-3.580884,-3.926747,-12.036994
834.0000,-5.672428,-6.110641,-12.410738
835.0000,-7.027978,-3.922181,-11.385730
836.0000,-7.160362,-1.146712,-13.731766
837.0000,-7.067019,0.049877,-16.117106
838.0000,-9.106866,-2.694317,-18.664726
839.0000,-11.299107,-3.861528,-19.697759
840.0000,-11.591854,-3.730247,-17.835791
841.0000,-9.928463,-2.998006,-16.702108
842.0000,-8.697086,-1.262078,-14.880913
843.0000,-10.646978,-2.841896,-16.050582
844.0000,-10.382513,2.474725,-15.469426
845.0000,-11.610116,4.459884,-18.772767
846.0000,-13.792598,6.777778,-18.829281
847.0000,-12.626037,9.535392,-16.368469
848.0000,-10.833282,7.440215,-17.387519
849.0000,-8.876197,6.338105,-15.008649
850.0000,-3.224389,6.584558,-15.013656
851.0000,-2.613649,7.448117,-16.593640
852.0000,-5.519771,8.381855,-14.425152
853.0000,-5.636067,10.821027,-15.130314
854.0000,-5.969731,11.288763,-13.486915
855.0000,-8.971051,11.443273,-13.100645
856.0000,-8.282086,13.674438,-13.640143
857.0000,-8.909133,10.643570,-12.790521
858.0000,-8.535591,13.187145,-14.928621
859.0000,-4.367953,15.379353,-15.040069
860.0000,-6.812035,18.721299,-12.550140
861.0000,-6.740077,15.609583,-11.403104
862.0000,-6.963637,14.557638,-15.214265
863.0000,-10.026907,16.178528,-14.270616
864.0000,-10.610995,14.621287,-14.007873
865.0000,-14.052479,14.378133,-14.936396
866.0000,-18.311090,12.272382,-15.469617
867.0000,-19.654961,13.608794,-13.287813
868.0000,-18.761794,15.139096,-13.518367
869.0000,-20.242277,11.723110,-13.973141
870.0000,-19.341523,9.951981,-13.272614
871.0000,-20.807765,10.151436,-11.139807
872.0000,-21.926536,10.563886,-8.901207
873.0000,-25.264433,10.010666,-11.425456
874.0000,-25.902692,13.902253,-13.361304
875.0000,-22.352148,13.032492,-12.942736
876.0000,-16.920405,12.672978,-15.211190
877.0000,-18.389075,12.353154,-19.084020
878.0000,-20.415043,11.833513,-15.504546
879.0000,-18.926672,11.806169,-17.089824
880.0000,-20.106604,14.217535,-19.314942
881.0000,-19.069787,13.766990,-16.842097
882.0000,-18.924025,14.740639,-15.151576
883.0000,-18.507581,15.763617,-15.872044
884.0000,-18.083874,12.272679,-15.303974
885.0000,-17.674278,10.936755,-13.392893
886.0000,-16.139556,9.552612,-12.049149
887.0000,-15.448991,11.529359,-9.977567
888.0000,-14.726593,9.769591,-12.942893
889.0000,-11.826992,9.021749,-8.480150
890.0000,-14.505963,8.162623,-7.209685
891.0000,-12.689137,9.135080,-7.462531
892.0000,-11.366184,10.823204,-9.627185
893.0000,-8.828959,11.875741,-5.515936
894.0000,-11.819301,10.733760,-6.240613
895.0000,-11.194466,12.955812,-6.022362
896.0000,-7.760505,11.259823,-11.923130
897.0000,-8.298258,11.546983,-11.333132
898.0000,-7.239822,7.941647,-10.183248
899.0000,-7.271663,6.617565,-8.969022
900.0000,-5.027725,3.940949,-6.637033
901.0000,-7.327919,1.955312,-5.293308
902.0000,-4.807350,6.318142,-6.629417
903.0000,-5.814454,7.928546,-4.811584
904.0000,-5.440606,9.184259,-5.393995
905.0000,-5.027047,10.229161,-9.812144
906.0000,-3.871970,11.215457,-15.394669
907.0000,-4.223604,9.102490,-15.322723
908.0000,-2.322201,7.850018,-17.014786
909.0000,-4.200601,9.297731,-20.682164
910.0000,-5.261761,8.334353,-20.078341
911.0000,-6.134079,10.358933,-16.226712
912.0000,-6.146320,8.023526,-16.433004
913.0000,-7.321573,6.811177,-19.082044
914.0000,-7.073950,7.804413,-16.689262
915.0000,-10.147360,6.471253,-18.421653
916.0000,-9.767158,7.164615,-18.373027
917.0000,-14.855922,8.499128,-20.178849
918.0000,-13.961994,9.691935,-18.559006
919.0000,-15.400612,8.106757,-20.572047
920.0000,-15.606182,8.262796,-24.568164
921.0000,-18.116284,10.748142,-24.622545
922.0000,-20.742440,13.206643,-25.693364
923.0000,-16.196279,12.758620,-25.043336
924.0000,-13.443669,11.156776,-25.618509
925.0000,-13.202821,10.799368,-26.827452
926.0000,-14.477953,8.681959,-24.529427
927.0000,-10.387249,6.182072,-22.885883
928.0000,-7.336634,7.116486,-22.886847
929.0000,-8.482356,8.745145,-22.420691
930.0000,-12.237857,7.093385,-19.738878
931.0000,-12.071253,6.404096,-21.398537
932.0000,-10.031937,9.008764,-18.550561
933.0000,-6.735481,10.781458,-18.285509
934.0000,-8.390667,10.639702,-17.118844
935.0000,-9.873306,17.407568,-16.192723
936.0000,-6.973632,15.101260,-13.608498
937.0000,-5.507762,15.701668,-14.026065
938.0000,-0.916806,14.146423,-13.348097
939.0000,-1.116360,13.004482,-12.197952
940.0000,-0.066895,12.987111,-15.124598
941.0000,-0.709304,13.669306,-11.803863
942.0000,0.794377,12.539951,-8.793547
943.0000,-0.227104,12.773651,-11.933192
944.0000,3.353489,12.972357,-14.961306
945.0000,3.056155,12.795112,-12.624464
946.0000,6.386545,9.530761,-10.219409
947.0000,6.321772,9.815490,-9.410308
948.0000,8.821364,9.954102,-9.562962
949.0000,8.708578,11.898011,-11.451396
950.0000,9.006013,11.986295,-11.177672
951.0000,13.511663,11.689589,-11.398376
952.0000,12.313580,8.835935,-8.826156
953.0000,11.321444,10.967373,-11.563029
954.0000,9.860031,7.528075,-9.100501
955.0000,13.336853,9.066993,-8.312503
956.0000,12.616261,9.961219,-7.022979
957.0000,14.416991,8.536146,-4.241337
958.0000,13.660925,8.721872,-5.902294
959.0000,15.255081,7.519035,-8.327948
960.0000,12.644230,11.993780,-11.073177
961.0000,14.053703,11.174853,-8.214051
962.0000,10.444301,11.197468,-9.776122
963.0000,13.198916,9.503039,-9.396696
964.0000,13.134295,8.854071,-8.736387
965.0000,14.186614,9.973354,-9.609578
966.0000,15.549910,12.867420,-9.409386
967.0000,17.455018,14.047362,-7.676522
968.0000,17.605416,15.305495,-11.541543
969.0000,18.685528,16.379978,-13.964800
970.0000,23.038680,14.298816,-11.755030
971.0000,20.655331,14.551628,-13.095158
972.0000,20.106840,16.092464,-15.133519
973.0000,17.332618,14.266944,-12.783880
974.0000,14.963108,10.864093,-13.985833
975.0000,18.103392,11.533916,-16.693353
976.0000,17.292506,11.106804,-13.520715
977.0000,14.542043,10.831429,-15.712610
978.0000,15.179093,12.224570,-17.432223
979.0000,13.609049,13.116867,-16.508116
980.0000,11.748352,12.163035,-15.242434
981.0000,10.604418,15.289038,-16.003278
982.0000,13.629521,15.468486,-15.747932
983.0000,17.261060,16.567865,-15.428753
984.0000,14.861576,14.363190,-14.308615
985.0000,13.884339,16.216858,-14.104029
986.0000,15.887108,17.374985,-13.753689
987.0000,15.683033,18.939671,-14.981688
988.0000,17.830021,20.346384,-15.373995
989.0000,17.921367,17.463762,-15.143196
990.0000,16.133481,16.617492,-13.270419
991.0000,15.066384,17.787362,-13.281884
992.0000,17.868865,17.916925,-15.996690
993.0000,14.138071,19.287668,-18.015621
994.0000,12.917904,17.797397,-19.055125
995.0000,11.636749,18.933733,-19.499713
996.0000,14.191814,19.421489,-17.619704
997.0000,12.770945,17.032034,-15.664189
998.0000,14.282584,13.966598,-17.716005
999.0000,14.127893,15.213029,-20.432012
1000.0000,15.497247,19.125449,-16.839319
1001.0000,15.324666,18.312741,-16.582820
1002.0000,14.051778,16.327421,-16.381339
1003.0000,12.269950,17.359950,-18.676548
1004.0000,10.746360,16.596073,-16.879854
1005.0000,11.309014,16.303784,-15.470128
1006.0000,12.543300,13.238095,-17.656693
1007.0000,14.600966,12.282919,-15.233781
1008.0000,14.728450,11.787527,-15.679435
1009.0000,15.272618,12.836670,-20.467745
1010.0000,20.420397,13.872620,-20.264339
1011.0000,21.469374,14.404118,-23.042566
1012.0000,18.505585,16.029102,-23.163702
1013.0000,19.795711,19.285029,-23.247786
1014.0000,21.450913,21.930266,-24.437874
1015.0000,20.276860,22.307720,-24.376732
1016.0000,22.470241,22.734664,-22.835886
1017.0000,19.497636,20.437563,-21.395413
1018.0000,18.897911,19.275604,-19.728408
1019.0000,18.621222,19.184400,-22.119159
1020.0000,19.554447,19.486556,-20.162324
1021.0000,19.956140,19.924601,-23.429486
1022.0000,20.170294,17.380654,-23.788436
1023.0000,21.714215,19.706534,-23.004649
1024.0000,19.590741,19.925958,-23.652689
1025.0000,17.630077,19.675019,-22.895835
1026.0000,18.644220,19.133800,-22.604034
1027.0000,21.354727,21.389862,-22.067537
1028.0000,22.569002,22.405003,-18.094588
1029.0000,23.185268,20.948048,-16.942422
1030.0000,21.990438,18.322763,-15.422486
1031.0000,22.093837,16.342676,-17.025342
1032.0000,20.045233,19.069267,-17.843665
1033.0000,20.140283,18.766190,-17.448598
1034.0000,21.734066,16.420210,-17.369311
1035.0000,19.473344,14.209135,-18.110066
1036.0000,17.675934,13.009463,-15.731962
1037.0000,16.924471,13.344893,-16.175783
1038.0000,15.497389,16.931546,-15.726822
1039.0000,16.211721,22.189789,-17.349424
1040.0000,15.220031,17.848546,-17.195409
1041.0000,17.284145,19.002798,-14.905338
1042.0000,17.049000,20.218399,-12.972436
1043.0000,17.858089,20.185516,-12.232476
1044.0000,16.903465,17.378822,-12.115342
1045.0000,14.238811,18.836837,-11.161327
1046.0000,12.419439,17.423020,-8.641290
1047.0000,12.855739,18.313690,-9.847487
1048.0000,10.951844,18.169236,-8.958873
1049.0000,11.823730,16.415492,-7.833894
1050.0000,12.395858,18.902994,-11.555781
1051.0000,12.781937,20.591331,-10.262869
1052.0000,11.070828,16.802538,-10.098214
1053.0000,15.126610,17.659787,-10.009805
1054.0000,16.027172,18.515553,-10.510544
1055.0000,15.288335,17.711237,-7.727819
1056.0000,16.750020,19.406926,-7.649550
1057.0000,16.900374,16.278510,-11.521064
1058.0000,18.558173,17.898857,-16.333225
1059.0000,21.690561,15.752277,-13.408876
1060.0000,22.240961,15.386265,-15.655443
1061.0000,19.401286,18.873451,-12.969461
1062.0000,18.201708,24.189304,-14.020929
1063.0000,14.044502,26.187607,-13.942512
1064.0000,15.584408,24.484312,-14.318837
1065.0000,17.377122,22.491941,-13.395698
1066.0000,16.879465,25.187730,-10.966636
1067.0000,15.560505,25.826343,-11.137678
1068.0000,15.801913,23.677218,-11.584472
1069.0000,10.487864,20.991054,-14.910064
1070.0000,10.730316,21.532525,-16.383733
1071.0000,9.959533,16.092582,-12.556251
1072.0000,12.110673,16.816088,-13.508292
1073.0000,8.811312,15.329759,-11.933680
1074.0000,9.518112,16.570191,-15.662741
1075.0000,11.488021,16.111742,-14.767667
1076.0000,10.970637,13.771778,-15.560374
1077.0000,11.475873,14.091000,-14.346881
1078.0000,13.031547,11.128178,-15.725308
1079.0000,13.153626,12.285869,-15.629072
1080.0000,10.303273,13.458554,-14.281428
1081.0000,11.984101,18.438459,-15.624702
1082.0000,10.226696,19.850546,-14.781564
1083.0000,8.163132,21.076210,-16.787939
1084.0000,8.902410,18.371897,-18.108791
1085.0000,7.512840,22.331608,-18.187720
1086.0000,6.824227,19.009906,-14.329135
1087.0000,8.262215,17.980112,-15.488975
1088.0000,7.624898,21.674187,-14.091009
1089.0000,5.477840,22.022246,-18.170989
1090.0000,6.992001,25.725050,-19.329638
1091.0000,9.626309,29.545910,-18.369043
1092.0000,11.040868,27.778065,-21.934958
1093.0000,11.408657,32.857138,-22.084407
1094.0000,11.783368,31.946994,-22.311890
1095.0000,8.581237,31.486856,-21.827541
1096.0000,6.959901,29.544236,-21.844098
1097.0000,8.047713,33.163607,-23.303404
1098.0000,9.447250,34.153548,-22.716211
1099.0000,10.532290,35.330608,-25.330635
1100.0000,10.906893,36.042160,-25.540022
1101.0000,12.345001,33.931399,-25.872820
1102.0000,13.619326,29.971022,-25.917697
1103.0000,13.918839,31.237758,-24.086924
1104.0000,12.065039,33.777961,-24.143162
1105.0000,16.995848,33.613654,-22.737028
1106.0000,15.958097,34.556154,-21.685725
1107.0000,11.615465,30.742298,-22.062868
1108.0000,13.555766,30.601004,-24.517929
1109.0000,12.835326,30.792953,-21.082691
1110.0000,11.378598,27.121841,-21.480168
1111.0000,10.499390,26.143634,-23.633087
1112.0000,10.642263,23.786232,-21.394526
1113.0000,10.326262,23.339510,-18.900122
1114.0000,7.904394,23.632819,-17.726949
1115.0000,6.316045,25.876100,-15.490117
1116.0000,7.106768,29.459422,-13.165273
1117.0000,7.068518,29.776552,-12.251614
1118.0000,5.421581,27.740215,-11.541100
1119.0000,5.660236,26.875858,-11.727188
1120.0000,7.125311,23.614443,-13.705955
1121.0000,9.978424,26.929832,-14.351992
1122.0000,11.696463,26.413984,-16.493977
1123.0000,10.889683,27.168487,-15.917230
1124.0000,12.863339,28.834181,-17.852741
1125.0000,10.809189,26.035612,-18.756594
1126.0000,8.396197,25.706263,-17.541465
1127.0000,8.955233,29.781868,-18.998715
1128.0000,8.019563,31.900229,-20.950786
1129.0000,5.889453,31.563068,-21.240365
1130.0000,5.878127,33.240664,-19.984946
1131.0000,8.722915,31.092397,-18.721859
1132.0000,12.489406,28.902904,-22.443164
1133.0000,13.683650,30.850499,-21.767547
1134.0000,15.840553,30.993017,-21.648137
1135.0000,13.699226,29.678933,-21.667246
1136.0000,12.089609,35.574594,-18.038664
1137.0000,11.911971,35.598357,-16.680736
1138.0000,9.454560,32.470337,-16.071752
1139.0000,9.033538,32.920657,-16.567148
1140.0000,8.756802,32.465943,-19.230261
1141.0000,10.082627,33.954687,-20.636934
1142.0000,11.616570,32.185497,-21.615538
1143.0000,13.749640,33.801399,-20.989155
1144.0000,10.947701,33.975075,-22.756120
1145.0000,11.313813,35.802809,-22.442990
1146.0000,10.735648,39.515976,-21.258273
1147.0000,9.174284,35.034233,-18.526981
1148.0000,9.211476,32.953002,-17.595863
1149.0000,10.777848,34.811933,-15.904394
1150.0000,4.900847,35.830603,-14.830011
1151.0000,2.951778,37.562500,-16.195218
1152.0000,2.401658,38.496410,-17.845616
1153.0000,3.013131,34.891175,-17.702393
1154.0000,3.837015,32.361966,-18.235815
1155.0000,3.068982,32.884693,-22.218915
1156.0000,3.242905,31.642112,-20.897326
1157.0000,5.081711,30.749041,-20.466624
1158.0000,5.034022,32.166106,-17.327139
1159.0000,1.969783,34.092050,-19.403902
1160.0000,3.343638,34.169281,-22.354575
1161.0000,4.396868,33.140397,-20.162358
1162.0000,1.608768,36.794656,-21.425424
1163.0000,-0.263507,35.968975,-23.916172
1164.0000,-1.844677,36.655171,-24.754590
1165.0000,-4.429737,35.757337,-21.401255
1166.0000,-9.349350,35.552906,-23.143224
1167.0000,-7.736557,36.440576,-23.830561
1168.0000,-5.077864,36.177161,-24.733475
1169.0000,-7.980000,34.569446,-22.271341
1170.0000,-7.279004,34.750609,-26.047809
1171.0000,-2.870695,32.901209,-25.723066
1172.0000,-3.198145,35.542073,-24.587480
1173.0000,-0.393409,37.073797,-21.809517
1174.0000,-3.768095,35.145170,-24.154657
1175.0000,-1.638196,32.867745,-23.468689
1176.0000,-0.874236,35.700904,-25.486643
1177.0000,-0.658183,34.205822,-25.386822
1178.0000,-3.954034,35.360201,-22.288003
1179.0000,-5.929030,36.211061,-20.559936
1180.0000,-5.091709,37.748722,-19.157052
1181.0000,-4.957582,39.602567,-19.603673
1182.0000,-2.134999,39.571475,-18.089161
1183.0000,0.795493,37.744287,-15.801643
1184.0000,1.105859,36.322320,-12.215022
1185.0000,2.689018,36.156532,-14.073755
1186.0000,3.294976,36.263915,-15.550907
1187.0000,1.568037,37.364688,-15.405209
1188.0000,1.852196,38.415422,-15.077181
1189.0000,2.417694,40.657359,-13.164632
1190.0000,3.788530,42.142292,-16.886896
1191.0000,3.068162,40.740388,-20.334864
1192.0000,-3.415330,38.272368,-20.598078
1193.0000,-4.451018,36.723438,-20.053674
1194.0000,-4.179934,34.598555,-18.537126
1195.0000,-2.524983,34.619689,-19.537726
1196.0000,-1.264463,36.748275,-19.500877
1197.0000,0.984379,35.748126,-18.266375
1198.0000,0.964316,37.487029,-17.960565
1199.0000,-1.980755,38.230103,-18.094591
1200.0000,0.384914,36.036777,-15.618839
1201.0000,-0.160521,38.603351,-19.285398
1202.0000,1.217585,38.496221,-18.987514
1203.0000,3.867785,37.484111,-19.125677
1204.0000,3.036987,37.113363,-19.056191
1205.0000,5.906190,36.510911,-16.453723
1206.0000,2.449034,40.424093,-17.506290
1207.0000,0.323719,40.213465,-19.158338
1208.0000,0.509245,41.032542,-16.933062
1209.0000,1.776755,44.170597,-17.328114
1210.0000,2.610142,44.081323,-19.555184
1211.0000,-0.880429,43.114344,-18.412060
1212.0000,-1.284441,38.861009,-21.472639
1213.0000,-2.335625,39.349251,-17.824509
1214.0000,-2.735829,40.374993,-15.842375
1215.0000,-2.111419,40.241884,-13.693236
1216.0000,1.007779,41.255909,-13.605949
1217.0000,1.564369,38.422572,-11.802364
1218.0000,2.462699,36.981490,-13.205392
1219.0000,3.789187,37.132938,-11.609972
1220.0000,4.072386,39.890724,-10.177901
1221.0000,2.743259,41.864921,-9.677674
1222.0000,5.223217,40.638560,-10.480927
1223.0000,7.796480,41.387672,-7.042762
1224.0000,5.649483,42.328732,-8.026138
1225.0000,5.808581,42.835942,-6.748107
1226.0000,4.460777,41.344479,-6.513978
1227.0000,6.766074,39.754955,-5.141173
1228.0000,8.546770,39.521721,-8.060750
1229.0000,7.902700,41.721113,-10.054384
1230.0000,7.910970,39.524738,-8.855983
1231.0000,7.069389,41.071835,-13.013595
1232.0000,7.945572,39.581414,-12.348361
1233.0000,9.519101,34.488657,-11.416238
1234.0000,8.801963,32.510855,-12.574442
1235.0000,9.903799,33.489534,-11.515950
1236.0000,11.350635,30.987922,-14.793095
1237.0000,10.803306,30.361679,-15.965533
1238.0000,10.529138,32.542271,-14.634674
1239.0000,10.155094,34.518091,-15.503108
1240.0000,7.971181,36.263405,-14.968299
1241.0000,6.601625,38.020784,-14.147742
1242.0000,6.876448,37.150647,-12.780523
1243.0000,5.439285,37.254843,-14.801270
1244.0000,3.027707,37.216018,-14.545642
1245.0000,2.276988,35.433883,-12.432976
1246.0000,1.573042,34.337189,-10.665176
1247.0000,5.078311,35.672613,-13.756706
1248.0000,6.483016,35.023441,-12.160763
1249.0000,2.632941,38.419183,-13.385395
1250.0000,3.307252,36.564621,-12.673118
1251.0000,1.757642,39.413946,-10.958644
1252.0000,1.223033,39.195824,-5.557544
1253.0000,2.780727,36.380583,-6.246791
1254.0000,5.104240,37.538408,-6.602786
1255.0000,3.560961,37.752453,-8.244417
1256.0000,2.172038,39.611737,-8.408438
1257.0000,2.453841,37.534474,-6.468385
1258.0000,5.724271,35.949657,-8.353355
1259.0000,4.068895,37.920959,-9.875534
1260.0000,6.414056,35.338955,-10.751834
1261.0000,3.595061,34.185007,-8.405880
1262.0000,0.994334,38.172548,-6.341454
1263.0000,-0.640115,36.531731,-9.680829
1264.0000,0.854348,35.000630,-8.002100
1265.0000,1.355394,39.790543,-6.995611
1266.0000,4.203582,37.819605,-9.052781
1267.0000,3.842478,38.577974,-11.112558
1268.0000,5.680979,36.786158,-12.440240
1269.0000,1.246021,35.788536,-11.491355
1270.0000,1.083636,35.997656,-11.674048
1271.0000,2.890716,37.482369,-10.845648
1272.0000,2.812119,36.980099,-12.456715
1273.0000,-0.179627,36.126473,-12.255121
1274.0000,1.120101,33.695151,-13.936576
1275.0000,-0.293418,36.612208,-15.748881
1276.0000,-4.494665,36.338698,-16.961868
1277.0000,-3.975322,35.361215,-16.418705
1278.0000,-0.494596,35.238858,-12.949097
1279.0000,-1.528733,36.728538,-13.619455
1280.0000,0.245552,33.663975,-12.080244
1281.0000,0.758248,33.515405,-13.728951
1282.0000,0.020528,33.896803,-13.816924
1283.0000,2.449531,30.555311,-12.323254
1284.0000,-0.656920,31.325103,-12.923821
1285.0000,0.092969,27.681481,-15.322416
1286.0000,-1.619609,26.499979,-16.215073
1287.0000,-2.060375,27.751486,-16.912978
1288.0000,-1.008986,28.883032,-19.496278
1289.0000,-0.392667,28.503516,-15.773556
1290.0000,-2.277935,29.762899,-16.059739
1291.0000,-5.091298,31.301722,-11.993992
1292.0000,-3.823001,28.181070,-4.291975
1293.0000,-4.169085,27.310031,-7.308245
1294.0000,-7.204210,25.055926,-11.542901
1295.0000,-7.614266,24.351115,-13.057313
1296.0000,-8.020296,22.871254,-14.166210
1297.0000,-8.601642,21.914901,-17.174801
1298.0000,-10.477398,21.893704,-15.399028
1299.0000,-7.306724,21.951635,-16.493830
1300.0000,-5.030338,22.009218,-15.306533
1301.0000,-7.642589,24.483072,-15.034177
1302.0000,-7.376140,23.258968,-12.929083
1303.0000,-6.605402,21.301487,-13.744777
1304.0000,-9.021761,19.895362,-14.296988
1305.0000,-5.668177,16.106607,-17.928161
1306.0000,-5.752907,17.650515,-16.743092
1307.0000,-10.067553,17.345585,-15.855656
1308.0000,-9.466441,17.487421,-16.874169
1309.0000,-8.805037,20.563584,-14.182950
1310.0000,-9.106668,19.037045,-16.557879
1311.0000,-10.007590,18.419412,-17.758236
1312.0000,-9.003509,17.567425,-14.919614
1313.0000,-8.441189,14.375001,-13.889233
1314.0000,-9.480305,13.806925,-12.583791
1315.0000,-10.132180,12.034661,-12.791263
1316.0000,-11.046789,11.898712,-15.909530
1317.0000,-13.726763,14.827066,-18.890030
1318.0000,-10.978237,15.764094,-19.776185
1319.0000,-11.274515,15.896747,-19.103060
1320.0000,-11.625388,14.603337,-20.145889
1321.0000,-11.648616,13.051811,-20.776059
1322.0000,-11.933629,14.761129,-21.403102
1323.0000,-13.052561,17.184948,-24.106851
1324.0000,-16.707301,16.913533,-27.070967
1325.0000,-19.004422,13.037470,-27.493209
1326.0000,-20.968456,15.923006,-24.244813
1327.0000,-18.735589,17.113582,-23.190812
1328.0000,-19.120965,16.284384,-21.798525
1329.0000,-18.613981,16.476048,-20.762134
1330.0000,-18.325833,18.402940,-20.151029
1331.0000,-20.128916,15.173545,-20.448847
1332.0000,-16.865997,12.213694,-21.639571
1333.0000,-15.687672,13.422243,-23.719021
1334.0000,-17.981076,14.679600,-23.754147
1335.0000,-13.746759,14.785348,-25.304430
1336.0000,-12.666078,16.190936,-25.220896
1337.0000,-13.338037,14.854516,-23.442202
1338.0000,-15.722782,15.048054,-24.519744
1339.0000,-20.925322,12.572340,-24.372839
1340.0000,-21.069121,12.527955,-25.509767
1341.0000,-21.350344,15.857697,-28.674702
1342.0000,-20.301524,15.434804,-27.604030
1343.0000,-16.425302,14.416742,-29.861875
1344.0000,-13.931432,15.220965,-32.271767
1345.0000,-10.157398,14.676861,-30.234710
1346.0000,-11.461461,15.123442,-26.483921
1347.0000,-12.085571,13.620065,-29.162245
1348.0000,-13.397532,11.768256,-30.503374
1349.0000,-13.956820,13.863892,-27.581618
1350.0000,-14.550721,14.128300,-26.217303
1351.0000,-17.505803,10.740379,-23.550730
1352.0000,-18.727578,13.370531,-21.235204
1353.0000,-18.956243,11.000673,-22.823727
1354.0000,-16.098644,11.437905,-22.604366
1355.0000,-13.857728,13.528781,-24.124159
1356.0000,-15.041878,14.104336,-23.336900
1357.0000,-17.273241,12.210292,-23.438957
1358.0000,-19.868694,14.256139,-24.329029
1359.0000,-17.415862,15.012664,-25.895493
1360.0000,-11.516624,16.119168,-24.528261
1361.0000,-11.359999,17.258893,-23.763375
1362.0000,-10.622205,16.602631,-24.143060
1363.0000,-8.992514,13.031257,-24.738022
1364.0000,-10.993037,13.445040,-29.187231
1365.0000,-9.004383,9.248604,-28.775971
1366.0000,-7.262787,10.071129,-27.951713
1367.0000,-5.719461,10.587742,-26.593708
1368.0000,-6.013771,9.485396,-26.684628
1369.0000,-5.575930,8.193782,-24.433785
1370.0000,-3.745622,7.037472,-22.477853
1371.0000,-3.744503,6.551715,-21.854000
1372.0000,-6.496004,7.835618,-22.054113
1373.0000,-7.939619,11.757098,-21.930090
1374.0000,-4.280660,11.231698,-20.057839
1375.0000,-4.429838,9.972684,-20.519593
1376.0000,-3.587860,9.675580,-17.996500
1377.0000,-3.579046,7.027458,-19.473413
1378.0000,-6.310098,6.773883,-21.393486
1379.0000,-6.726412,6.139411,-21.297933
1380.0000,-2.697109,7.592401,-21.055725
1381.0000,-2.440388,8.128752,-24.338177
1382.0000,-0.322459,7.886971,-20.579747
1383.0000,-2.897152,6.779077,-20.270339
1384.0000,-4.738645,5.388548,-19.917701
1385.0000,-3.188680,8.492695,-21.165477
1386.0000,-2.674564,9.132335,-19.613488
1387.0000,-2.428021,7.246452,-18.783776
1388.0000,-6.041118,3.873062,-19.986456
1389.0000,-7.564552,4.686491,-19.041572
1390.0000,-12.153123,3.595059,-15.600419
1391.0000,-8.751895,4.936866,-15.616619
1392.0000,-9.982610,1.593745,-16.543023
1393.0000,-10.619156,2.440685,-17.811816
1394.0000,-6.206498,5.176324,-18.185739
1395.0000,-6.465778,5.211413,-15.835817
1396.0000,-3.281213,5.842344,-16.768638
1397.0000,0.048682,4.657243,-15.416949
1398.0000,0.631680,4.057901,-18.087525
1399.0000,0.502599,1.765739,-20.072900
1400.0000,1.890240,2.001625,-19.794979
1401.0000,2.128777,3.607528,-24.924133
1402.0000,2.830934,2.755750,-22.044734
1403.0000,7.238235,3.033389,-17.006203
1404.0000,9.935654,2.093732,-17.097078
1405.0000,13.316909,2.965929,-14.457206
1406.0000,13.335157,-0.099297,-10.351696
1407.0000,13.780831,0.303073,-10.695469
1408.0000,14.611413,0.944326,-10.536688
1409.0000,18.272261,-2.239371,-12.386790
1410.0000,15.786119,-3.511818,-14.461999
1411.0000,12.188800,-6.439340,-16.994290
1412.0000,8.683725,-6.274094,-12.837327
1413.0000,8.181462,-10.323558,-10.836884
1414.0000,6.980231,-12.225720,-12.825908
1415.0000,7.217572,-14.931057,-14.684586
1416.0000,9.125803,-11.548768,-13.902192
1417.0000,7.705001,-15.311214,-12.335754
1418.0000,9.764465,-11.211860,-13.083340
1419.0000,10.233774,-14.436623,-15.195799
1420.0000,11.994308,-16.597227,-12.104978
1421.0000,10.533203,-16.060100,-10.316870
1422.0000,11.886130,-16.451446,-8.301866
1423.0000,12.405091,-17.608238,-7.904319
1424.0000,8.619265,-15.937350,-10.266613
1425.0000,9.038717,-12.778497,-14.313154
1426.0000,7.076816,-13.516048,-16.608061
1427.0000,4.014289,-12.871434,-17.733030
1428.0000,7.592229,-11.655913,-19.611617
1429.0000,9.555388,-13.292558,-17.650541
1430.0000,7.669127,-10.905516,-15.161379
1431.0000,4.836766,-10.399323,-16.794164
1432.0000,5.687952,-14.542029,-16.118930
1433.0000,4.582373,-14.208361,-16.286137
1434.0000,4.531253,-15.274987,-16.785011
1435.0000,7.901649,-11.268050,-14.616477
1436.0000,11.641873,-9.283240,-11.557235
1437.0000,11.537175,-6.372839,-8.895439
1438.0000,12.396019,-8.544741,-10.862928
1439.0000,12.952086,-10.191284,-8.904723
1440.0000,12.450973,-9.678260,-10.547169
1441.0000,16.774312,-11.832902,-11.666456
1442.0000,13.385651,-10.767636,-9.462368
1443.0000,12.959046,-12.314548,-11.833892
1444.0000,12.443839,-13.116987,-11.547623
1445.0000,10.647587,-12.186772,-9.844655
1446.0000,12.670789,-15.736113,-8.917311
1447.0000,13.147068,-14.141667,-9.863670
1448.0000,8.714553,-11.906053,-10.533548
1449.0000,7.168329,-13.295981,-8.070880
1450.0000,7.714015,-14.799009,-8.081056
1451.0000,10.156152,-15.571210,-7.112043
1452.0000,9.402615,-16.374542,-7.790555
1453.0000,9.499605,-18.246619,-4.749304
1454.0000,8.899468,-17.820263,-3.157275
1455.0000,5.503083,-18.321664,-3.532326
1456.0000,5.521986,-20.866590,-4.357415
1457.0000,7.631594,-22.217872,-1.875491
1458.0000,8.005146,-24.134091,-1.008078
1459.0000,11.662971,-27.515456,-3.530588
1460.0000,11.194070,-26.840558,-5.269826
1461.0000,14.491158,-26.751718,-5.679901
1462.0000,12.309158,-25.937738,-7.566037
1463.0000,11.546048,-24.441521,-5.724559
1464.0000,13.608067,-24.113498,-6.649630
1465.0000,13.083161,-26.525056,-6.236378
1466.0000,13.371451,-23.692488,-6.971833
1467.0000,15.921654,-24.602758,-9.385444
1468.0000,16.465784,-25.652879,-6.681794
1469.0000,15.207875,-28.311871,-5.010792
1470.0000,16.853925,-27.241395,-2.645252
1471.0000,16.490729,-27.138362,-0.580147
1472.0000,16.081522,-29.144643,1.372023
1473.0000,17.650268,-25.094138,0.225947
1474.0000,16.514431,-25.922967,2.087191
1475.0000,12.863406,-31.342092,3.695936
1476.0000,10.410976,-32.816605,2.822977
1477.0000,13.337512,-30.269576,6.614911
1478.0000,15.283872,-32.176731,8.458229
1479.0000,15.453448,-33.249030,9.230680
1480.0000,15.756841,-30.368624,13.256738
1481.0000,16.595286,-32.260203,12.960047
1482.0000,17.331699,-33.199100,11.128639
1483.0000,19.370727,-29.518968,12.459120
1484.0000,21.303465,-31.557120,12.498266
1485.0000,21.023727,-28.548173,12.889504
1486.0000,23.335816,-29.024790,9.706018
1487.0000,20.687094,-28.894420,12.773324
1488.0000,19.307635,-25.992262,11.643229
1489.0000,17.768327,-25.615654,10.979221
1490.0000,16.502001,-25.309436,8.366280
1491.0000,16.733854,-25.005184,11.091552
1492.0000,18.660450,-23.438069,11.262407
1493.0000,21.338907,-23.229754,7.025605
1494.0000,21.297384,-25.136382,2.842126
1495.0000,21.982704,-28.612626,0.284848
1496.0000,20.753866,-28.395136,1.206560
1497.0000,21.117559,-26.065351,0.294764
1498.0000,24.286881,-27.615973,-1.025306
1499.0000,22.799933,-24.371122,0.519672
1500.0000,22.690463,-24.318868,1.578346
1501.0000,20.328014,-25.051895,-0.035235
1502.0000,19.442180,-23.650386,-2.314834
1503.0000,18.376487,-24.092887,-3.294219
1504.0000,19.257889,-23.450588,-2.681516
1505.0000,19.060640,-21.634190,-2.210926
1506.0000,20.197465,-20.731518,-1.638137
1507.0000,20.698378,-20.012910,-0.983828
1508.0000,17.761215,-19.341350,-4.078913
1509.0000,19.236083,-20.851148,-8.453116
1510.0000,16.777292,-21.161448,-3.284933
1511.0000,20.582442,-25.188685,-2.667337
1512.0000,23.212608,-25.498613,-1.670866
1513.0000,21.137083,-26.070306,-1.043774
1514.0000,18.933347,-24.241593,2.045941
1515.0000,18.067886,-23.617031,1.182773
1516.0000,19.152002,-19.817566,-0.961538
1517.0000,17.054992,-18.023467,0.386225
1518.0000,18.371222,-19.706110,3.537468
1519.0000,20.121568,-23.033372,5.220890
1520.0000,21.527150,-24.919252,5.105069
1521.0000,21.729764,-22.795069,4.587316
1522.0000,20.217867,-23.920976,2.653932
1523.0000,21.076432,-24.227205,2.020809
1524.0000,19.902476,-23.235286,3.518204
1525.0000,19.367967,-22.623717,0.591110
1526.0000,20.676524,-21.391200,-0.147612
1527.0000,20.734283,-22.383671,0.115031
1528.0000,21.051442,-24.098723,3.359053
1529.0000,21.533298,-25.083771,5.544137
1530.0000,19.021744,-27.948977,5.764347
1531.0000,19.175924,-27.993087,5.912642
1532.0000,18.767624,-27.952980,5.407048
1533.0000,19.984759,-30.854124,4.423213
1534.0000,19.930207,-28.195075,3.247963
1535.0000,19.179375,-28.449797,-1.012173
1536.0000,17.827956,-29.786100,1.965767
1537.0000,16.865194,-25.678291,1.702794
1538.0000,18.263412,-30.179230,2.787947
1539.0000,19.438246,-33.490065,3.418850
1540.0000,18.476530,-33.089901,6.959460
1541.0000,16.426352,-32.790367,6.093192
1542.0000,15.149588,-32.180117,7.536733
1543.0000,16.307015,-33.125864,8.155039
1544.0000,12.049028,-35.162031,6.161760
1545.0000,15.832269,-36.263078,8.269048
1546.0000,16.948597,-37.473143,11.261895
1547.0000,15.973704,-39.377560,13.663674
1548.0000,17.645363,-37.872979,11.794931
1549.0000,19.494989,-39.552717,11.263150
1550.0000,21.608946,-39.997166,10.428557
1551.0000,23.717885,-38.854778,10.354954
1552.0000,24.265297,-36.314277,10.099607
1553.0000,24.701578,-37.135800,9.157256
1554.0000,26.646690,-35.636874,10.099249
1555.0000,22.120939,-34.749884,9.492866
1556.0000,24.418415,-30.615914,8.266767
1557.0000,25.481208,-35.153729,7.898327
1558.0000,26.648603,-34.528190,9.176414
1559.0000,27.934052,-34.422515,8.424749
1560.0000,25.609269,-36.823684,7.273133
1561.0000,25.479979,-38.553219,9.498132
1562.0000,24.689968,-38.567586,9.009916
1563.0000,24.650773,-35.600631,5.237394
1564.0000,24.819743,-32.854664,4.739934
1565.0000,26.825978,-32.874079,4.640610
1566.0000,25.357128,-31.259669,9.892539
1567.0000,27.971745,-31.306845,7.843034
1568.0000,26.202064,-38.630937,10.407390
1569.0000,26.158313,-38.567723,10.129025
1570.0000,26.439120,-39.506630,8.639882
1571.0000,25.262908,-37.349622,5.285354
1572.0000,22.632063,-37.987334,4.500123
1573.0000,22.602835,-36.924974,6.839331
1574.0000,20.021439,-36.625912,5.615462
1575.0000,22.078398,-34.865810,8.395608
1576.0000,20.391240,-32.433615,7.663327
1577.0000,22.245493,-31.171294,5.483864
1578.0000,18.542813,-31.087497,5.115807
1579.0000,18.863048,-30.634635,3.405884
1580.0000,18.612064,-30.895905,4.316795
1581.0000,20.538096,-29.895952,1.958412
1582.0000,21.932396,-33.997615,3.964323
1583.0000,22.682745,-32.365463,1.274921
1584.0000,24.927653,-30.183686,-2.377144
1585.0000,25.129440,-29.166361,-1.587201
1586.0000,22.441428,-27.533455,0.476196
1587.0000,23.008573,-29.274299,-0.095613
1588.0000,23.419522,-27.094810,-0.236036
1589.0000,18.503245,-28.514970,-2.440921
1590.0000,16.509199,-27.600525,-1.451811
1591.0000,14.209232,-26.160876,-1.932646
1592.0000,13.875392,-25.636591,-2.335689
1593.0000,14.808076,-25.580919,-4.540945
1594.0000,16.274339,-23.446009,-3.964649
1595.0000,18.903874,-20.818968,-4.988375
1596.0000,17.734935,-18.899259,-7.835050
1597.0000,17.904053,-21.231673,-3.526110
1598.0000,20.036130,-23.992602,-3.790995
1599.0000,20.397301,-26.982349,-3.279739
1600.0000,19.463838,-27.132437,-6.621441
1601.0000,22.722744,-30.597063,-7.394878
1602.0000,21.514824,-27.182737,-11.968536
1603.0000,23.002084,-28.269081,-10.241733
1604.0000,23.385326,-25.520686,-15.520297
1605.0000,22.235975,-21.597283,-16.501307
1606.0000,20.825210,-25.051559,-18.159154
1607.0000,22.352191,-23.074786,-18.010772
1608.0000,23.918601,-26.392357,-16.155379
1609.0000,21.199924,-27.507505,-14.183068
1610.0000,21.170179,-26.779935,-15.027152
1611.0000,14.220266,-26.884482,-18.448180
1612.0000,13.503308,-28.008444,-16.778509
1613.0000,14.672403,-30.167944,-14.089801
1614.0000,17.041483,-32.423358,-12.834186
1615.0000,14.468278,-32.864574,-12.850770
1616.0000,14.784738,-33.051424,-11.358724
1617.0000,15.696357,-34.744056,-9.317620
1618.0000,15.030648,-33.231607,-9.536364
1619.0000,12.399867,-32.556273,-9.110808
1620.0000,12.955598,-30.247102,-8.548182
1621.0000,15.673233,-31.965093,-10.001389
1622.0000,16.882815,-30.122177,-9.466774
1623.0000,16.690859,-29.504187,-8.102972
1624.0000,19.029829,-30.851775,-8.036219
1625.0000,18.764220,-30.696375,-9.242073
1626.0000,21.754141,-31.379638,-13.047403
1627.0000,20.835252,-27.721889,-11.441509
1628.0000,17.716142,-25.500170,-12.343289
1629.0000,18.202776,-25.191343,-12.689393
1630.0000,18.443139,-24.922277,-14.141007
1631.0000,20.236269,-22.992921,-12.587006
1632.0000,20.236198,-23.614335,-14.853528
1633.0000,17.051109,-19.459550,-16.825269
1634.0000,17.047185,-21.690771,-16.454681
1635.0000,16.199922,-21.408676,-16.669775
1636.0000,14.359339,-22.267563,-19.717570
1637.0000,16.689741,-25.712943,-18.090041
1638.0000,18.139390,-24.397504,-17.289309
1639.0000,17.397091,-24.811563,-14.274342
1640.0000,15.920674,-21.939005,-16.410430
1641.0000,15.888134,-21.852717,-13.650438
1642.0000,18.887513,-16.570839,-17.458045
1643.0000,18.337592,-15.396665,-18.304088
1644.0000,20.944610,-10.071681,-20.258533
1645.0000,20.561547,-7.590805,-19.506554
1646.0000,21.578585,-5.385833,-19.172703
1647.0000,20.499377,-5.494127,-19.133092
1648.0000,17.667796,-6.827098,-19.700009
1649.0000,18.389891,-3.646354,-20.454148
1650.0000,21.419709,-4.465944,-20.903815
1651.0000,20.956636,-3.565037,-20.868409
1652.0000,22.583656,-6.509490,-20.306642
1653.0000,21.066113,-5.225570,-17.118015
1654.0000,20.523950,-10.760555,-15.177333
1655.0000,17.759134,-9.812681,-16.861181
1656.0000,16.251641,-9.137827,-16.785702
1657.0000,15.057090,-7.627554,-14.263202
1658.0000,14.132986,-5.667201,-14.441187
1659.0000,12.869467,-6.236043,-14.941099
1660.0000,11.329000,-5.384270,-16.921472
1661.0000,12.011854,-7.771791,-16.638143
1662.0000,12.859509,-7.726906,-17.271680
1663.0000,14.782651,-9.228969,-13.878976
1664.0000,12.713147,-11.139970,-15.613977
1665.0000,12.901401,-10.748507,-15.839173
1666.0000,10.458117,-11.550662,-15.976171
1667.0000,9.529752,-11.658383,-14.339884
1668.0000,7.371017,-13.395112,-15.625642
1669.0000,5.008761,-15.153150,-16.948102
1670.0000,6.433834,-14.081411,-17.677717
1671.0000,6.529117,-14.656853,-17.982342
1672.0000,4.204154,-16.234276,-17.627843
1673.0000,4.383490,-16.120197,-20.675430
1674.0000,7.820288,-18.226150,-18.176426
1675.0000,8.926746,-20.052664,-19.019462
1676.0000,8.631013,-22.474818,-20.353273
1677.0000,6.762739,-19.527331,-22.093150
1678.0000,3.605713,-17.381812,-17.844398
1679.0000,4.104667,-20.243434,-16.101169
1680.0000,2.342665,-20.178982,-18.250771
1681.0000,0.145517,-19.893392,-16.992169
1682.0000,0.527940,-20.038568,-17.423204
1683.0000,1.656161,-20.551722,-19.040432
1684.0000,3.081416,-21.096543,-20.350190
1685.0000,1.524878,-22.693030,-20.456779
1686.0000,-1.348152,-21.662560,-20.056343
1687.0000,-1.390627,-24.347934,-21.925914
1688.0000,-2.593639,-22.209205,-23.712376
1689.0000,-2.336038,-23.212064,-25.014004
1690.0000,-3.663415,-22.324348,-27.018709
1691.0000,-2.911035,-21.486060,-23.431450
1692.0000,-3.511379,-20.875368,-24.232241
1693.0000,-3.435141,-18.970081,-26.965396
1694.0000,-4.400007,-17.109455,-25.213682
1695.0000,-5.266032,-16.415969,-23.440088
1696.0000,-4.765026,-11.571550,-24.406535
1697.0000,-2.458735,-14.139176,-22.848264
1698.0000,-2.216566,-16.842826,-21.980754
1699.0000,-3.018029,-17.747558,-23.488365
1700.0000,-6.201207,-14.708914,-23.493581
1701.0000,-2.433287,-15.158183,-23.077287
1702.0000,-2.015833,-17.899918,-19.473128
1703.0000,-6.532533,-19.310445,-15.136471
1704.0000,-2.738835,-16.800412,-16.737730
1705.0000,0.419449,-16.033254,-14.339313
1706.0000,1.045086,-19.557212,-19.006895
1707.0000,-1.065603,-20.221570,-18.043845
1708.0000,-1.943510,-18.959048,-14.205696
1709.0000,-2.131274,-17.427550,-14.543270
1710.0000,0.823653,-17.353867,-12.513147
1711.0000,3.362864,-16.593491,-9.250400
1712.0000,-3.432207,-9.320657,-10.926602
1713.0000,-6.855143,-10.464135,-7.298630
1714.0000,-8.870716,-10.038712,-3.724490
1715.0000,-12.746621,-6.211131,-2.583868
1716.0000,-16.999209,-6.040899,0.542036
1717.0000,-18.768426,-4.251490,1.358428
1718.0000,-18.780632,-2.457148,0.715382
1719.0000,-20.000009,-1.166595,0.017313
1720.0000,-22.098306,-2.178397,-0.731917
1721.0000,-22.421072,1.079495,-0.390044
1722.0000,-24.072475,1.326684,-1.443851
1723.0000,-26.126287,-2.717960,0.698447
1724.0000,-25.878001,-4.820265,1.730768
1725.0000,-20.865968,-4.704098,2.482972
1726.0000,-18.445935,-6.688463,0.782599
1727.0000,-19.285053,-4.713998,-1.622791
1728.0000,-19.109850,-5.730876,-2.727566
1729.0000,-19.605596,-6.027755,0.757312
1730.0000,-19.749663,-6.603295,0.231400
1731.0000,-21.631225,-9.919736,1.939956
1732.0000,-20.562524,-8.945971,-0.669988
1733.0000,-18.078750,-7.440605,0.296493
1734.0000,-19.064330,-9.668302,0.214757
1735.0000,-21.188248,-8.078219,-1.330129
1736.0000,-23.864526,-10.842092,-5.777966
1737.0000,-26.261612,-9.047847,-6.908967
1738.0000,-25.704065,-7.999504,-3.249272
1739.0000,-27.693409,-8.469178,-2.062908
1740.0000,-25.586998,-10.331902,-1.518395
1741.0000,-25.896325,-10.882420,-0.573706
1742.0000,-26.758197,-10.542026,-3.369107
1743.0000,-25.898318,-8.575629,-6.129847
1744.0000,-23.596103,-12.249625,-4.772991
1745.0000,-25.815614,-14.087689,-3.322018
1746.0000,-21.993326,-12.279405,-1.512641
1747.0000,-19.371107,-11.296158,-0.905896
1748.0000,-18.838458,-9.049661,-0.315142
1749.0000,-21.109655,-7.722474,0.959454
1750.0000,-19.440704,-5.085569,3.651388
1751.0000,-20.343409,-2.268352,1.235499
1752.0000,-17.820457,-1.524379,-1.811172
1753.0000,-20.007637,-3.324071,-2.588487
1754.0000,-19.317962,-1.680293,-2.471036
1755.0000,-16.868698,0.186621,-3.131193
1756.0000,-18.051297,2.542576,-4.717347
1757.0000,-24.105128,1.795017,-3.044253
1758.0000,-22.744201,1.084978,-2.957334
1759.0000,-21.703202,-0.102487,-0.238022
1760.0000,-21.943112,2.430800,-1.286603
1761.0000,-21.416153,1.719012,-0.849000
1762.0000,-21.241866,4.179794,-1.759479
1763.0000,-20.251841,3.677139,-3.173555
1764.0000,-17.759910,1.745684,-3.435890
1765.0000,-16.316648,0.760210,-4.946774
1766.0000,-15.424263,-0.586117,-4.016607
1767.0000,-15.585151,-2.812306,-3.515072
1768.0000,-12.946719,-5.092461,-4.777455
1769.0000,-12.456779,-6.397071,-6.626880
1770.0000,-9.628061,-7.283396,-6.144770
1771.0000,-7.301393,-10.011141,-2.356402
1772.0000,-7.558774,-12.763572,0.195853
1773.0000,-8.723728,-9.400268,0.323561
1774.0000,-11.279257,-6.718009,1.227155
1775.0000,-10.561290,-1.009892,3.711131
1776.0000,-10.894704,0.580720,4.138616
1777.0000,-10.862197,-1.622031,3.649921
1778.0000,-13.400583,-4.291243,5.501349
1779.0000,-9.934310,-1.735309,6.006026
1780.0000,-9.089919,-2.695046,5.146255
1781.0000,-10.773180,-3.197069,0.461719
1782.0000,-7.762925,-5.852819,-1.361263
1783.0000,-6.705219,-10.045037,-2.589723
1784.0000,-10.655695,-10.010807,-2.282529
1785.0000,-8.473516,-6.916529,-1.391589
1786.0000,-5.640925,-2.894481,-2.233803
1787.0000,-5.386199,-6.299175,-2.947853
1788.0000,-6.894160,-8.576417,-1.800114
1789.0000,-7.218547,-8.153149,-2.708312
1790.0000,-7.580132,-6.749349,-3.571559
1791.0000,-8.357942,-7.188296,0.081407
1792.0000,-8.536685,-7.760947,-1.637156
1793.0000,-10.226609,-8.953769,-1.012488
1794.0000,-10.523171,-13.084255,-3.947002
1795.0000,-10.432618,-13.922499,-3.017809
1796.0000,-10.608058,-13.494431,-5.101185
1797.0000,-10.713396,-12.894579,-5.000427
1798.0000,-8.759176,-11.892662,-2.196366
1799.0000,-7.868437,-11.686067,-4.354450
1800.0000,-5.887160,-14.551116,-6.558318
1801.0000,-6.673438,-13.242548,-5.585699
1802.0000,-5.479572,-10.379115,-5.137078
1803.0000,-5.457400,-7.435092,-3.979296
1804.0000,-5.171038,-6.001461,-6.305206
1805.0000,-3.223549,-6.102281,-8.707338
1806.0000,-1.661946,-4.927113,-9.249078
1807.0000,-0.712364,-4.019623,-8.623694
1808.0000,0.790997,-1.125281,-11.475701
1809.0000,-0.759246,-2.522786,-8.639298
1810.0000,-0.657698,-3.832188,-5.882515
1811.0000,-3.346521,-5.591154,-8.081034
1812.0000,-3.917085,-6.739060,-10.925012
1813.0000,-5.491377,-7.637472,-12.451039
1814.0000,-4.475263,-9.868540,-13.207571
1815.0000,-6.424061,-12.247143,-15.292709
1816.0000,-8.312069,-12.885186,-15.443716
1817.0000,-10.171071,-13.376518,-15.658531
1818.0000,-11.921466,-14.304299,-14.109273
1819.0000,-12.324476,-13.769701,-14.898340
1820.0000,-13.157565,-15.795991,-14.612525
1821.0000,-15.956199,-12.365866,-13.396402
1822.0000,-15.081768,-8.877879,-13.020382
1823.0000,-13.698414,-8.668636,-13.555506
1824.0000,-11.622205,-8.071538,-16.148254
1825.0000,-11.846826,-7.911510,-15.060371
1826.0000,-14.918134,-11.345943,-14.980017
1827.0000,-16.221601,-11.581212,-19.056697
1828.0000,-16.155207,-11.104616,-13.249172
1829.0000,-15.191832,-13.819740,-11.615648
1830.0000,-13.012795,-14.388860,-14.281638
1831.0000,-9.288736,-14.506462,-15.490623
1832.0000,-10.493810,-11.727609,-16.126543
1833.0000,-12.805824,-8.793798,-19.852494
1834.0000,-14.714086,-6.865216,-20.201043
1835.0000,-14.585990,-4.194003,-19.952587
1836.0000,-14.359240,-5.585644,-21.846482
1837.0000,-13.759882,-5.589158,-21.509521
1838.0000,-11.926270,-7.309960,-23.454664
1839.0000,-13.494007,-10.190636,-21.958200
1840.0000,-16.034192,-9.523185,-21.193362
1841.0000,-14.536649,-10.424918,-18.937449
1842.0000,-13.345992,-10.585679,-17.306709
1843.0000,-17.913949,-8.690168,-17.742813
1844.0000,-22.345542,-6.778839,-17.588185
1845.0000,-23.385533,-8.532637,-19.394569
1846.0000,-24.130801,-10.053357,-19.973878
1847.0000,-24.438259,-12.426011,-22.882745
1848.0000,-26.149923,-11.231804,-23.181353
1849.0000,-28.852229,-9.797593,-21.604229
1850.0000,-26.786681,-10.035407,-23.357689
1851.0000,-30.684950,-9.887588,-25.702606
1852.0000,-28.991972,-9.562600,-25.917978
1853.0000,-24.773833,-7.606150,-24.062775
1854.0000,-22.587534,-8.211079,-23.279731
1855.0000,-24.722826,-12.047913,-24.671751
1856.0000,-25.637885,-13.851435,-23.194825
1857.0000,-27.892833,-9.238605,-22.448782
1858.0000,-28.672923,-6.032012,-17.755967
1859.0000,-28.210872,-4.282887,-20.164944
1860.0000,-25.600719,-6.980638,-18.653698
1861.0000,-26.613905,-7.531902,-16.979390
1862.0000,-26.298378,-10.059607,-12.887486
1863.0000,-25.772228,-7.778082,-12.308814
1864.0000,-29.573719,-10.206177,-10.475933
1865.0000,-30.435936,-10.481990,-9.385071
1866.0000,-29.859684,-9.824061,-8.505490
1867.0000,-26.710425,-8.587116,-7.373030
1868.0000,-28.687299,-10.057288,-7.107718
1869.0000,-29.383698,-11.530701,-4.277558
1870.0000,-25.569988,-11.159741,-6.065645
1871.0000,-24.054143,-11.625323,-6.030896
1872.0000,-22.327286,-14.382593,-6.059682
1873.0000,-21.689750,-12.818541,-4.858460
1874.0000,-19.747644,-16.575174,-8.053096
1875.0000,-22.611967,-19.682513,-9.221608
1876.0000,-17.351455,-16.795960,-7.050215
1877.0000,-16.061999,-17.597454,-6.939656
1878.0000,-13.635931,-22.797536,-7.375000
1879.0000,-12.077006,-25.103095,-4.906117
1880.0000,-12.440551,-21.146725,-2.666667
1881.0000,-12.879904,-20.221633,-4.078147
1882.0000,-12.383770,-21.995251,-6.117443
1883.0000,-12.250563,-21.031825,-5.613742
1884.0000,-14.748341,-20.662366,-4.895912
1885.0000,-10.277515,-22.178809,-5.407367
1886.0000,-8.846272,-17.958920,-6.255546
1887.0000,-8.476304,-18.162063,-5.475600
1888.0000,-8.951820,-19.537281,-9.626358
1889.0000,-9.993890,-18.983970,-10.587369
1890.0000,-8.983451,-19.051449,-12.562114
1891.0000,-10.779278,-19.280064,-13.373534
1892.0000,-8.538352,-13.445578,-14.344252
1893.0000,-11.464422,-10.204522,-16.408735
1894.0000,-9.527616,-9.419845,-15.418563
1895.0000,-10.339779,-11.964261,-16.477635
1896.0000,-12.904693,-12.980656,-16.501899
1897.0000,-15.601697,-17.007777,-14.628898
1898.0000,-15.184130,-17.518143,-12.496474
1899.0000,-13.151329,-17.086756,-11.735936
1900.0000,-12.318676,-18.523558,-15.848863
1901.0000,-8.684866,-18.276454,-14.322439
1902.0000,-8.297248,-13.199685,-11.368183
1903.0000,-7.911364,-14.095318,-15.521467
1904.0000,-8.625734,-12.343987,-12.917993
1905.0000,-7.218643,-10.213548,-13.565600
1906.0000,-5.923631,-10.701479,-14.574942
1907.0000,-6.599736,-10.250747,-12.805118
1908.0000,-6.074873,-9.806905,-13.140750
1909.0000,-2.562769,-6.466127,-11.112500
1910.0000,-2.159562,-8.359030,-12.651723
1911.0000,-3.120160,-10.375822,-11.567599
1912.0000,-2.610872,-8.647381,-15.243934
1913.0000,-0.012545,-12.257929,-15.195503
1914.0000,-2.307132,-11.843814,-13.351291
1915.0000,2.872865,-14.449290,-14.371020
1916.0000,1.594650,-13.290926,-17.931063
1917.0000,-1.250633,-14.431553,-19.334136
1918.0000,-2.326391,-15.236952,-19.370224
1919.0000,-2.900755,-18.204827,-19.944903
1920.0000,-3.751892,-18.682671,-18.059308
1921.0000,-2.938600,-19.500606,-20.624394
1922.0000,-5.028151,-15.281754,-24.821794
1923.0000,-3.272465,-18.306556,-24.963924
1924.0000,-4.043835,-19.890945,-22.612656
1925.0000,-5.246212,-21.305460,-23.213782
1926.0000,-6.153162,-22.293976,-24.182733
1927.0000,-6.516880,-18.769580,-25.265983
1928.0000,-6.984740,-20.277477,-23.200399
1929.0000,-11.239057,-19.132214,-23.046898
1930.0000,-11.300235,-18.598828,-26.848601
1931.0000,-10.048850,-13.389284,-26.511079
1932.0000,-9.938143,-12.434066,-28.639840
1933.0000,-11.509797,-11.359912,-28.311680
1934.0000,-12.527921,-15.522551,-25.340249
1935.0000,-14.004121,-17.561780,-23.403701
1936.0000,-11.035097,-16.989579,-19.104362
1937.0000,-11.030322,-15.935730,-18.370691
1938.0000,-12.902065,-17.394080,-17.217767
1939.0000,-13.099706,-16.835661,-16.731349
1940.0000,-9.117094,-18.937239,-17.982577
1941.0000,-8.788841,-17.321464,-16.570744
1942.0000,-8.683913,-18.340177,-12.652195
1943.0000,-7.083108,-20.799201,-8.611049
1944.0000,-5.460153,-21.085375,-6.906448
1945.0000,-6.005149,-24.226822,-7.964415
1946.0000,-5.043990,-22.073116,-10.088728
1947.0000,-5.698149,-23.529038,-11.343960
1948.0000,-4.845924,-21.510392,-11.509168
1949.0000,-5.883758,-21.135503,-8.573448
1950.0000,-3.014674,-22.011157,-6.606693
1951.0000,-4.825179,-22.866617,-6.320117
1952.0000,-5.999759,-25.553305,-6.232564
1953.0000,-5.982144,-23.898848,-10.743195
1954.0000,-8.519211,-22.790329,-11.222572
1955.0000,-9.271443,-22.540134,-10.504707
1956.0000,-8.914310,-24.655893,-7.432247
1957.0000,-10.381560,-24.864277,-10.698364
1958.0000,-13.652024,-24.141340,-11.358773
1959.0000,-12.788686,-24.156958,-10.609604
1960.0000,-12.419486,-25.777037,-9.594463
1961.0000,-11.991556,-25.448304,-12.546481
1962.0000,-13.547555,-25.268293,-15.568811
1963.0000,-14.213376,-25.240681,-18.005169
1964.0000,-11.907373,-24.905070,-17.345941
1965.0000,-10.748212,-23.893752,-18.097688
1966.0000,-7.888261,-21.475996,-17.238454
1967.0000,-10.880534,-22.254975,-20.677540
1968.0000,-9.084415,-23.204883,-21.170081
1969.0000,-7.529583,-21.389573,-20.425900
1970.0000,-11.541307,-25.051873,-16.511265
1971.0000,-12.639887,-24.410504,-13.820634
1972.0000,-11.596011,-18.973352,-13.668236
1973.0000,-9.229323,-16.811848,-9.587374
1974.0000,-6.699035,-18.637881,-5.357032
1975.0000,-2.325762,-16.948623,-5.017435
1976.0000,-1.264555,-14.205614,-5.041409
1977.0000,-4.092527,-13.584443,-3.959503
1978.0000,-1.629586,-11.506536,-5.376554
1979.0000,-1.687870,-10.819254,-11.142511
1980.0000,-3.393624,-12.465015,-8.772821
1981.0000,-2.866865,-14.316903,-11.994314
1982.0000,-2.849893,-15.456124,-11.999303
1983.0000,-1.580687,-16.436715,-10.527730
1984.0000,0.543130,-16.235165,-8.738413
1985.0000,1.037252,-14.067087,-9.778361
1986.0000,0.998681,-13.496580,-7.778586
1987.0000,2.365382,-12.634004,-10.730547
1988.0000,4.754312,-12.207936,-8.522159
1989.0000,6.259236,-12.904586,-8.022588
1990.0000,5.077733,-12.433017,-10.322280
1991.0000,6.655774,-11.700773,-13.878393
1992.0000,4.380284,-10.711638,-12.886060
1993.0000,3.300470,-10.455571,-13.090730
1994.0000,5.292498,-10.756884,-12.781445
1995.0000,4.394449,-10.569674,-11.364027
1996.0000,3.732743,-8.191848,-10.142198
1997.0000,4.458951,-6.797682,-8.134359
1998.0000,0.434144,-7.908183,-11.739889
1999.0000,-0.779870,-10.999151,-12.651111
2000.0000,3.695334,-12.094952,-19.172601
2001.0000,1.296506,-10.585290,-17.233036
2002.0000,0.621328,-9.238492,-16.010549
2003.0000,1.659528,-9.023069,-15.809628
2004.0000,2.661752,-8.842505,-14.641932
2005.0000,4.758720,-8.181806,-13.140554
2006.0000,4.203012,-6.373691,-11.115560
2007.0000,4.979795,-7.660338,-6.888920
2008.0000,4.597262,-5.761561,-7.773239
2009.0000,6.609779,-3.976174,-5.941618
2010.0000,7.056300,-4.154990,-3.964634
2011.0000,4.227728,-5.280943,-4.459570
2012.0000,0.547459,-5.296497,-3.102730
2013.0000,-4.360030,-4.924171,-0.063626
2014.0000,-2.708141,-5.829800,-1.080703
2015.0000,-1.446414,-10.325598,-2.952727
2016.0000,-7.447588,-12.190063,-6.692023
2017.0000,-5.468266,-11.613885,-5.675536
2018.0000,-6.682494,-11.528041,-3.362419
2019.0000,-10.529890,-12.310541,-3.982935
2020.0000,-13.692555,-11.768801,-2.579280
2021.0000,-10.895071,-14.551168,-1.882014
2022.0000,-9.636507,-12.602120,-4.853258
2023.0000,-10.405374,-15.091258,-5.346368
2024.0000,-6.330531,-13.039415,-7.163216
2025.0000,-6.783500,-14.251571,-10.590713
2026.0000,-5.513070,-14.610171,-11.196733
2027.0000,-3.723816,-10.281769,-12.524052
2028.0000,-2.990345,-5.777237,-13.371044
2029.0000,-2.321051,-9.933388,-15.932530
2030.0000,-1.184938,-6.786392,-15.013249
2031.0000,0.995665,-4.324501,-13.818233
2032.0000,3.489020,-8.517552,-10.537371
2033.0000,6.281191,-8.510159,-11.616725
2034.0000,5.802250,-11.298001,-9.935592
2035.0000,4.093213,-8.660238,-11.207979
2036.0000,3.944137,-9.514398,-12.317716
2037.0000,4.327236,-7.799534,-14.168953
2038.0000,6.236839,-5.732386,-11.280658
2039.0000,6.223088,-3.648368,-14.225021
2040.0000,5.743661,-6.402099,-11.589911
2041.0000,2.525809,-3.762087,-9.817471
2042.0000,2.197674,-3.158015,-13.996820
2043.0000,3.430997,-2.791069,-13.419517
2044.0000,4.539680,1.907153,-15.362824
2045.0000,5.130012,1.691968,-16.711793
2046.0000,8.043599,2.291240,-18.249289
2047.0000,10.934326,1.610881,-17.425499
2048.0000,12.052632,1.210247,-18.412918
2049.0000,9.530631,-1.143080,-18.717229
2050.0000,8.062762,-0.294806,-19.015781
2051.0000,9.541427,0.360373,-19.816312
2052.0000,10.544014,1.492146,-14.560123
2053.0000,12.232798,-1.142090,-14.399244
2054.0000,14.743817,-3.530951,-14.116324
2055.0000,11.536129,-3.625021,-11.936917
2056.0000,12.707027,-3.005480,-9.739799
2057.0000,8.676778,-6.092333,-7.076476
2058.0000,12.454947,-4.260274,-5.995524
2059.0000,14.094697,-4.134921,-7.746679
2060.0000,15.357463,-6.206364,-5.165648
2061.0000,19.125290,-9.880442,-2.769335
2062.0000,20.141379,-12.307817,-2.967011
2063.0000,20.439043,-14.779966,-6.700988
2064.0000,19.581156,-17.207491,-5.154415
2065.0000,17.026274,-15.159825,-7.391720
2066.0000,14.093400,-16.164409,-6.758372
2067.0000,12.079227,-12.684598,-8.987216
2068.0000,12.911246,-14.503965,-6.121938
2069.0000,10.524886,-13.078264,-7.315936
2070.0000,10.601928,-11.371624,-9.325070
2071.0000,11.857955,-12.806137,-8.230614
2072.0000,12.750719,-13.058938,-10.180658
2073.0000,13.853946,-12.594052,-13.018485
2074.0000,15.073636,-12.548664,-12.320682
2075.0000,17.942550,-11.377460,-11.734016
2076.0000,18.186597,-13.878143,-13.838418
2077.0000,21.706282,-13.836055,-14.390470
2078.0000,20.476609,-10.518827,-16.559610
2079.0000,19.982363,-10.530238,-14.250865
2080.0000,18.042811,-11.124053,-12.488877
2081.0000,17.627139,-11.750344,-11.450009
2082.0000,14.916369,-7.707557,-12.437218
2083.0000,13.403876,-10.384086,-14.012295
2084.0000,13.111716,-11.277761,-11.192966
2085.0000,14.751965,-13.350849,-12.448386
2086.0000,14.290450,-13.873542,-14.235139
2087.0000,15.907596,-17.003877,-11.219078
2088.0000,17.063788,-13.528681,-10.861614
2089.0000,16.479838,-10.074113,-12.033208
2090.0000,17.008161,-16.591184,-12.198703
2091.0000,13.893499,-18.459545,-10.611283
2092.0000,12.922542,-17.161175,-9.613547
2093.0000,15.229790,-16.639985,-8.404910
2094.0000,17.314930,-13.383334,-8.137821
2095.0000,16.521194,-14.141584,-9.457506
2096.0000,17.355099,-16.788798,-8.169403
2097.0000,14.280608,-16.482465,-9.654551
2098.0000,18.217422,-15.310410,-10.031472
2099.0000,16.867571,-13.298541,-9.777841
2100.0000,14.045455,-11.427675,-12.349248
2101.0000,12.386013,-10.219621,-14.615507
2102.0000,13.683240,-11.907267,-13.015044
2103.0000,12.533727,-10.480498,-12.336861
2104.0000,12.571797,-6.666552,-15.636365
2105.0000,15.827607,-7.218131,-15.242767
2106.0000,14.539272,-7.780384,-18.544593
2107.0000,12.987435,-7.125828,-17.359442
2108.0000,15.119459,-6.001318,-22.062353
2109.0000,15.156472,-5.241759,-21.726273
2110.0000,14.329050,-10.761934,-23.926855
2111.0000,15.389758,-9.130975,-25.227859
2112.0000,11.857463,-9.701405,-27.684400
2113.0000,13.048200,-8.187199,-28.356782
2114.0000,14.158590,-8.253483,-27.448949
2115.0000,17.965265,-7.501130,-28.106884
2116.0000,20.254238,-11.222612,-28.703098
2117.0000,21.877787,-11.287090,-29.993383
2118.0000,22.665314,-9.895062,-30.383279
2119.0000,22.571298,-10.979844,-25.934921
2120.0000,20.048313,-10.456550,-26.275800
2121.0000,22.116178,-12.633834,-26.577180
2122.0000,22.672837,-16.002539,-28.292367
2123.0000,20.471512,-18.455701,-30.203490
2124.0000,18.574290,-15.566772,-31.020996
2125.0000,16.087910,-15.010784,-31.059769
2126.0000,18.894265,-14.047617,-30.615823
2127.0000,18.138063,-10.637273,-30.045757
2128.0000,18.756469,-10.554462,-31.791761
2129.0000,20.404356,-9.224042,-28.713873
2130.0000,20.927632,-9.977602,-28.680224
2131.0000,18.394386,-9.585273,-29.171281
2132.0000,17.126379,-8.641647,-28.395642
2133.0000,17.314735,-10.338409,-28.743446
2134.0000,16.114763,-6.372161,-29.180570
2135.0000,18.691958,-6.782165,-27.974239
2136.0000,20.457709,-6.872323,-29.226104
2137.0000,18.489328,-6.591835,-27.258674
2138.0000,18.538165,-7.508101,-24.749963
2139.0000,17.593346,-8.344270,-28.691463
2140.0000,20.631323,-8.188158,-28.566724
2141.0000,17.919157,-9.629204,-28.574964
2142.0000,14.840718,-11.421193,-28.100092
2143.0000,15.637335,-11.986647,-27.004363
2144.0000,18.146790,-9.763323,-26.502777
2145.0000,14.045674,-9.592427,-24.558894
2146.0000,14.343835,-10.296584,-20.905227
2147.0000,11.531109,-9.498053,-21.912312
2148.0000,11.121329,-12.582628,-20.129099
2149.0000,9.729566,-16.367796,-20.771784
2150.0000,11.474578,-14.750620,-23.483391
2151.0000,12.009697,-16.089594,-23.043816
2152.0000,15.447364,-13.890340,-23.591916
2153.0000,15.122669,-11.739487,-21.403172
2154.0000,14.461180,-11.593548,-18.188718
2155.0000,17.284102,-8.935631,-22.377015
2156.0000,20.586802,-11.313124,-20.269714
2157.0000,22.156787,-9.206565,-23.285724
2158.0000,23.953896,-7.154458,-23.955371
2159.0000,24.364182,-7.293399,-24.669484
2160.0000,24.211572,-6.089703,-25.193494
2161.0000,25.108644,-7.094381,-23.391752
2162.0000,22.683611,-7.745622,-24.000268
2163.0000,25.539208,-8.931425,-22.112562
2164.0000,27.062484,-8.050535,-18.307391
2165.0000,25.097208,-10.936116,-15.780882
2166.0000,22.773696,-9.992368,-18.654015
2167.0000,20.538570,-11.140209,-17.540113
2168.0000,18.693044,-7.239725,-18.822624
2169.0000,19.112300,-8.982168,-19.684919
2170.0000,21.878260,-12.466635,-22.864926
2171.0000,22.312961,-8.562905,-22.608980
2172.0000,21.829482,-9.101150,-23.115058
2173.0000,21.198006,-11.170046,-22.489673
2174.0000,22.382645,-13.624049,-20.974539
2175.0000,24.497918,-15.111178,-22.014003
2176.0000,22.622133,-11.927871,-21.722384
2177.0000,21.056318,-11.399065,-19.066522
2178.0000,21.004471,-9.472553,-21.182984
2179.0000,21.047947,-10.525924,-23.741464
2180.0000,21.240331,-8.877482,-25.225597
2181.0000,17.563041,-5.410634,-23.094880
2182.0000,18.486189,-4.372575,-22.748392
2183.0000,14.106575,-3.447865,-21.050168
2184.0000,12.196420,-5.829204,-18.982195
2185.0000,13.041738,-1.473258,-17.400481
2186.0000,14.825440,0.116383,-16.146216
2187.0000,16.880767,1.716844,-17.190922
2188.0000,16.227613,3.408324,-17.863419
2189.0000,15.611392,6.005228,-20.278645
2190.0000,13.354704,1.158702,-20.579187
2191.0000,11.333630,0.550070,-17.751913
2192.0000,11.594404,2.090702,-17.088371
2193.0000,12.408304,3.296168,-17.846121
2194.0000,13.485129,3.856208,-17.553628
2195.0000,11.069233,4.460011,-19.755786
2196.0000,8.755869,3.015857,-20.355769
2197.0000,11.933638,1.499322,-18.666324
2198.0000,11.693341,0.646910,-18.035042
2199.0000,13.712889,2.673762,-17.791892
2200.0000,12.927324,1.770826,-19.084934
2201.0000,12.356489,0.617247,-20.251925
2202.0000,13.374717,2.172615,-22.274777
2203.0000,11.450447,1.025043,-20.442663
2204.0000,11.976227,0.629536,-19.030197
2205.0000,11.093909,2.850818,-19.547433
2206.0000,9.041882,1.503458,-17.869863
2207.0000,8.131209,-1.384429,-17.772458
2208.0000,9.881819,-2.354510,-16.312925
2209.0000,8.597803,-5.598913,-14.092482
2210.0000,12.233667,-3.471303,-15.891102
2211.0000,11.004537,-4.116056,-14.774479
2212.0000,13.030072,-4.390644,-16.030510
2213.0000,14.749377,-7.706622,-18.652317
2214.0000,15.472621,-5.007325,-19.588990
2215.0000,15.176385,-4.362556,-20.124134
2216.0000,12.936389,-2.101965,-21.836242
2217.0000,13.944038,-2.738905,-22.753904
2218.0000,17.500005,0.381301,-24.452229
2219.0000,18.912341,2.915726,-23.638576
2220.0000,18.043130,4.650640,-25.194315
2221.0000,18.904845,4.466595,-22.891054
2222.0000,18.079569,2.535073,-18.431565
2223.0000,15.287431,2.263621,-20.336456
2224.0000,14.919720,4.059949,-22.164565
2225.0000,13.907431,1.847395,-23.413634
2226.0000,13.333616,2.020067,-22.250527
2227.0000,14.202468,2.508496,-18.573726
2228.0000,11.613911,1.070577,-16.384575
2229.0000,11.058633,-5.078196,-15.063004
2230.0000,12.541307,-5.174210,-13.454529
2231.0000,12.922680,-6.986249,-12.249111
2232.0000,12.788356,-8.832508,-12.193872
2233.0000,14.835868,-7.910567,-15.291288
2234.0000,13.821719,-7.810804,-13.946670
2235.0000,14.741731,-11.814351,-13.811949
2236.0000,13.823189,-9.014561,-15.489667
2237.0000,14.343483,-9.512769,-14.995050
2238.0000,14.098878,-10.303459,-14.676603
2239.0000,13.871078,-11.707661,-16.095754
2240.0000,10.810004,-11.775920,-15.130650
2241.0000,6.003641,-12.188471,-14.225072
2242.0000,8.571086,-10.752545,-13.785293
2243.0000,8.010306,-7.623017,-13.692071
2244.0000,5.485817,-7.504070,-12.115433
2245.0000,1.139177,-7.599116,-12.784457
2246.0000,0.469324,-5.477785,-9.960026
2247.0000,0.315466,-4.836336,-9.353691
2248.0000,-1.213549,-7.440183,-14.483974
2249.0000,0.748474,-7.133595,-11.597629
2250.0000,0.879344,-6.196751,-11.795056
2251.0000,3.105373,-7.166560,-10.431773
2252.0000,5.128871,-5.370282,-9.758738
2253.0000,4.433328,-6.852673,-11.479482
2254.0000,6.260386,-7.298478,-7.627860
2255.0000,7.391657,-5.466977,-5.312018
2256.0000,7.643859,-3.850198,-9.720614
2257.0000,10.033129,-0.600038,-7.606954
2258.0000,10.036128,0.383912,-8.204092
2259.0000,9.319757,0.781704,-7.870741
2260.0000,9.720808,-0.832072,-4.782713
2261.0000,11.172531,-0.500901,-2.741899
2262.0000,6.781924,0.735359,-3.191843
2263.0000,4.001862,4.465043,-2.609350
2264.0000,4.313748,3.153818,-3.483359
2265.0000,4.099383,2.516677,-5.939222
2266.0000,6.094655,1.915792,-8.413666
2267.0000,2.581240,1.634776,-9.737779
2268.0000,0.650136,0.372357,-8.248570
2269.0000,0.783530,-1.292107,-6.753204
2270.0000,3.873124,-2.476114,-5.665405
2271.0000,1.588429,-1.551761,-6.764386
2272.0000,0.434572,-1.582688,-6.444534
2273.0000,-1.655077,-2.217751,-8.913434
2274.0000,0.764118,-1.059436,-10.194535
2275.0000,0.604279,-0.567426,-10.456906
2276.0000,-2.232671,-0.854871,-7.913022
2277.0000,-1.589863,-0.021138,-12.719680
2278.0000,-3.067775,-1.482856,-14.613172
2279.0000,-4.806545,-1.007238,-17.659642
2280.0000,-4.277184,-0.598898,-15.771927
2281.0000,-2.852302,0.344875,-15.449527
2282.0000,-0.594658,-2.310436,-17.677242
2283.0000,0.856289,-1.398673,-17.452369
2284.0000,2.098203,-3.096062,-17.371670
2285.0000,0.922939,0.020174,-21.254156
2286.0000,3.053434,-1.521679,-19.007683
2287.0000,1.256538,-2.202475,-19.270878
2288.0000,-2.343025,-2.333460,-17.666880
2289.0000,-4.215232,1.554866,-18.460011
2290.0000,-2.887375,0.682768,-22.082521
2291.0000,-1.393735,0.681289,-20.840915
2292.0000,-1.634556,0.921642,-22.342776
2293.0000,2.724205,1.748387,-21.910283
2294.0000,0.772270,-2.415255,-19.351699
2295.0000,1.377087,-2.136148,-20.906091
2296.0000,-0.607429,-4.749371,-16.886188
2297.0000,2.185962,-4.314472,-15.376169
2298.0000,0.248427,-6.026596,-15.696037
2299.0000,1.221560,-6.075538,-16.525336
2300.0000,0.386568,-5.978236,-14.418003
2301.0000,-0.289596,-6.883985,-12.796001
2302.0000,0.473983,-11.600951,-13.461100
2303.0000,-1.355428,-11.060322,-13.661782
2304.0000,-1.304980,-11.439378,-11.554331
2305.0000,1.507725,-13.308187,-11.032379
2306.0000,0.396497,-13.971486,-7.946307
2307.0000,-0.197530,-12.716713,-4.227195
2308.0000,0.433729,-10.841056,-4.715164
2309.0000,0.806446,-9.850402,-5.979193
2310.0000,2.330723,-5.102604,-2.809063
2311.0000,0.408232,-7.023213,-1.290979
2312.0000,-2.869668,-4.880144,-3.767546
2313.0000,-0.160686,-2.696538,-5.012905
2314.0000,-1.229515,-4.804754,-5.717582
2315.0000,0.707593,-4.616096,-3.666875
2316.0000,3.779585,-5.908315,-5.108798
2317.0000,3.704559,-6.483841,-7.375378
2318.0000,1.921168,-5.377590,-6.887206
2319.0000,1.052283,-6.810241,-1.924304
2320.0000,-0.038971,-9.084638,1.421172
2321.0000,-1.279736,-7.776151,0.856534
2322.0000,-1.711653,-6.771810,2.490547
2323.0000,-0.310324,-6.532961,1.572951
2324.0000,2.520857,-4.308163,-2.020039
2325.0000,3.774251,-5.317793,-4.163125
2326.0000,6.124269,-5.761390,-4.822445
2327.0000,2.980973,-3.316379,-5.569490
2328.0000,2.626682,-6.089016,-7.122092
2329.0000,4.049679,-4.122161,-8.580530
2330.0000,0.693987,-5.397700,-7.507110
2331.0000,0.595629,-3.836177,-6.615725
2332.0000,2.390966,-5.343208,-4.877499
2333.0000,4.363627,-0.803724,-4.977139
2334.0000,3.155673,-2.984718,-4.621480
2335.0000,1.592788,-3.728171,-7.579305
2336.0000,1.635643,-1.967796,-9.498209
2337.0000,-2.560622,-1.187086,-11.507669
2338.0000,-1.449990,3.361432,-11.032569
2339.0000,0.353619,5.707304,-10.872411
2340.0000,-2.365754,4.008741,-14.105801
2341.0000,-1.275032,5.841748,-15.340018
2342.0000,1.180867,8.112566,-15.666568
2343.0000,2.314847,8.004362,-15.705759
2344.0000,0.190012,8.953030,-14.334664
2345.0000,2.225264,7.112721,-14.945205
2346.0000,2.311518,6.907238,-14.579365
2347.0000,4.210905,7.499441,-15.424224
2348.0000,2.996894,8.405169,-15.661407
2349.0000,3.242204,6.744308,-13.571525
2350.0000,0.157312,7.648276,-16.026240
2351.0000,1.594702,6.408255,-15.074330
2352.0000,3.271072,6.719727,-12.588169
2353.0000,5.413312,6.380870,-16.352087
2354.0000,5.380805,6.546881,-18.026849
2355.0000,3.332299,2.274127,-15.471099
2356.0000,0.934112,0.744388,-13.917463
2357.0000,-2.023845,-0.425708,-9.969897
2358.0000,-2.673221,0.078502,-10.658259
2359.0000,-4.501652,0.432249,-11.526776
2360.0000,-4.831431,-0.645387,-11.584888
2361.0000,-3.388644,-4.522960,-8.725591
2362.0000,-3.977821,-6.565201,-5.792149
2363.0000,-2.017647,-6.148330,-5.091416
2364.0000,-1.197407,-4.100760,-3.493974
2365.0000,-1.832170,-3.855647,-1.266087
2366.0000,-3.573764,-3.395510,-1.639554
2367.0000,-4.082212,-1.060863,-2.731808
2368.0000,-3.935745,-4.256272,-2.030598
2369.0000,-5.949484,-3.400988,0.607814
2370.0000,-7.042922,-4.978702,1.162881
2371.0000,-8.902029,-6.479198,-3.907238
2372.0000,-6.463412,-6.055853,-3.207158
2373.0000,-3.498373,-3.379024,-5.585978
2374.0000,-3.202225,-1.917030,-7.090875
2375.0000,-2.872070,-1.909835,-9.266464
2376.0000,-5.545961,-1.371798,-9.437995
2377.0000,-4.803653,-1.740661,-7.976260
2378.0000,-1.715659,-5.777529,-10.152836
2379.0000,-3.913776,-10.018984,-12.840111
2380.0000,-2.066919,-8.020455,-11.443545
2381.0000,-6.172281,-11.322138,-11.243415
2382.0000,-7.239411,-14.570134,-10.629491
2383.0000,-5.809238,-16.952719,-15.696418
2384.0000,-5.498624,-17.105554,-14.973643
2385.0000,-3.702189,-13.171436,-14.121158
2386.0000,-1.523093,-13.281300,-14.098631
2387.0000,-6.748212,-11.632213,-13.455083
2388.0000,-3.000916,-14.012043,-12.997666
2389.0000,-0.294785,-12.936002,-12.059754
2390.0000,-1.941564,-7.257345,-11.380687
2391.0000,1.374961,-11.800559,-7.567760
2392.0000,-0.560194,-12.424014,-6.605935
2393.0000,0.170943,-9.174362,-9.830080
2394.0000,0.295732,-8.256685,-7.435053
2395.0000,1.680365,-6.237924,-12.258855
2396.0000,2.788633,-5.625126,-13.289485
2397.0000,2.394278,-7.726892,-15.872141
2398.0000,1.330694,-7.179952,-15.264965
2399.0000,1.504000,-7.220228,-10.741346
2400.0000,2.860722,-3.807322,-11.602970
2401.0000,3.513692,-0.939080,-6.627386
2402.0000,0.174847,-2.969875,-5.485181
2403.0000,0.012428,-4.247579,-3.062817
2404.0000,-0.520459,-4.583560,-1.141492
2405.0000,-0.606175,-5.131294,-1.322943
2406.0000,-2.601929,-3.274315,-1.325751
2407.0000,-2.545391,-1.788883,-4.762232
2408.0000,-2.188716,-0.299771,-3.382680
2409.0000,0.525741,2.645960,-7.984880
2410.0000,-2.078672,3.864627,-7.532103
2411.0000,1.365635,3.127192,-6.848040
2412.0000,-1.139406,4.526682,-6.743756
2413.0000,-1.741599,4.056250,-6.736185
2414.0000,-0.797088,3.407076,-6.383485
2415.0000,-2.236622,1.383764,-4.081354
2416.0000,-3.317706,-1.650707,-4.626532
2417.0000,-1.325477,-0.040257,-5.626123
2418.0000,-0.402464,-1.756484,-3.946816
2419.0000,-0.966421,-1.124799,-6.266272
2420.0000,4.553773,-2.195512,-7.888307
2421.0000,4.277302,-3.366264,-8.309651
2422.0000,2.801376,-3.039940,-4.924261
2423.0000,4.999442,-1.734478,-4.455603
2424.0000,5.566133,-0.245401,-7.542591
2425.0000,6.705058,-2.024912,-5.874907
2426.0000,5.385725,-3.760497,-7.313086
2427.0000,4.617208,-5.133081,-7.184224
2428.0000,3.811085,-5.072530,-5.778169
2429.0000,6.677609,-7.842686,-8.025136
2430.0000,2.219928,-8.393724,-5.035825
2431.0000,5.302709,-9.787732,-4.814908
2432.0000,9.670130,-10.010568,-0.865678
2433.0000,5.149836,-10.503953,-4.945903
2434.0000,5.938383,-9.858541,-6.450944
2435.0000,6.391942,-6.372030,-5.478798
2436.0000,4.337572,-5.170325,-5.549461
2437.0000,5.379350,-5.149044,-6.779955
2438.0000,5.798111,-6.710777,-5.133322
2439.0000,6.183312,-9.388718,-4.193803
2440.0000,6.157499,-11.465279,-4.203385
2441.0000,4.115662,-12.353477,-1.483116
2442.0000,5.232998,-12.151403,-3.806266
2443.0000,12.284336,-11.514472,-2.683639
2444.0000,11.345263,-11.083765,-1.550419
2445.0000,12.751912,-12.864563,-0.778738
2446.0000,16.606351,-10.817756,2.013638
2447.0000,15.955421,-12.416294,4.033618
2448.0000,14.437197,-13.538523,0.532051
2449.0000,17.469652,-10.644254,0.800880
2450.0000,15.485123,-8.884326,3.968390
2451.0000,16.007520,-13.069010,5.213815
2452.0000,13.820769,-15.483788,6.989070
2453.0000,11.785948,-13.947871,9.704531
2454.0000,9.391435,-14.526501,9.921390
2455.0000,9.268914,-12.118633,7.654432
2456.0000,8.051467,-11.629613,10.356077
2457.0000,8.177018,-15.847381,8.977926
2458.0000,7.186996,-15.234468,4.204162
2459.0000,12.350277,-15.093076,1.412229
2460.0000,12.781056,-12.880765,0.682922
2461.0000,12.774387,-9.981022,-1.687123
2462.0000,14.322771,-10.543093,-2.295344
2463.0000,16.865287,-9.256612,-2.874197
2464.0000,16.178071,-8.707426,-1.089534
2465.0000,17.960378,-10.108300,-4.894065
2466.0000,15.980619,-13.255454,-4.195572
2467.0000,16.596022,-15.073428,-5.247735
2468.0000,15.072875,-16.864251,-4.304860
2469.0000,13.197330,-16.934129,-4.173269
2470.0000,15.299867,-17.055262,-8.997759
2471.0000,14.689068,-16.926250,-2.780825
2472.0000,17.419536,-17.876896,-0.858234
2473.0000,19.480837,-22.725399,-0.901725
2474.0000,17.751074,-22.273266,0.012787
2475.0000,19.868173,-21.184981,-1.069354
2476.0000,19.015469,-20.963788,-3.438849
2477.0000,20.422583,-19.018010,-4.178141
2478.0000,25.057256,-19.846106,-3.462519
2479.0000,27.188316,-19.099188,-4.378524
2480.0000,25.814532,-19.691614,-6.343284
2481.0000,27.032274,-18.405245,-9.144131
2482.0000,25.741554,-18.061496,-9.243848
2483.0000,22.492185,-18.578493,-7.265064
2484.0000,21.541363,-22.007730,-6.142291
2485.0000,22.773465,-19.507972,-3.850468
2486.0000,21.916859,-19.646650,-4.588228
2487.0000,21.033223,-19.867568,-0.479080
2488.0000,16.193080,-20.603890,1.055092
2489.0000,15.304152,-19.449959,-1.401009
2490.0000,13.281565,-20.879901,0.783252
2491.0000,14.913314,-20.223529,0.164531
2492.0000,15.990955,-21.875205,0.572217
2493.0000,13.743551,-18.995244,2.061221
2494.0000,10.616988,-18.482532,1.102865
2495.0000,7.601136,-20.585886,-0.751923
2496.0000,3.441609,-18.900494,-2.872544
2497.0000,2.765945,-21.483681,-4.624581
2498.0000,3.819088,-23.020007,-8.042394
2499.0000,1.464662,-20.687923,-9.306065
2500.0000,1.242445,-22.063647,-8.866409
2501.0000,1.998748,-23.367996,-9.959279
2502.0000,2.246152,-24.478452,-8.871577
2503.0000,3.357887,-26.300429,-8.237123
2504.0000,1.828494,-26.855110,-8.282366
2505.0000,1.920730,-26.887867,-7.181611
2506.0000,1.113180,-26.847233,-6.492967
2507.0000,3.592338,-28.094081,-4.987897
2508.0000,4.306211,-25.956625,-0.622510
2509.0000,4.118248,-22.846221,-1.636597
2510.0000,4.674292,-19.678132,-1.430734
2511.0000,3.185140,-18.359616,-1.363479
2512.0000,4.286824,-19.992799,-0.257666
2513.0000,3.000177,-15.638496,-0.577548
2514.0000,2.799225,-16.295906,-0.997374
2515.0000,1.477101,-14.340195,-0.149031
2516.0000,-0.033136,-11.903846,3.313311
2517.0000,2.151434,-9.292061,2.505339
2518.0000,0.688727,-7.158109,3.366038
2519.0000,2.019773,-9.118274,2.976370
2520.0000,0.573570,-11.696264,6.299704
2521.0000,1.748555,-12.008296,6.397132
2522.0000,3.450755,-9.974981,3.869880
2523.0000,4.424227,-11.413965,2.018856
2524.0000,1.449921,-9.981935,2.434806
2525.0000,3.350991,-10.583133,4.867002
2526.0000,1.298296,-11.653557,3.764079
2527.0000,1.680826,-12.638768,1.939246
2528.0000,-1.053160,-11.669791,5.295204
2529.0000,1.934547,-10.519338,6.152581
2530.0000,1.694308,-9.952723,6.199482
2531.0000,3.681735,-11.442766,7.669547
2532.0000,4.309792,-12.017356,6.786545
2533.0000,3.675325,-14.567083,5.984592
2534.0000,3.312080,-12.010814,6.909846
2535.0000,8.938305,-13.756654,6.124378
2536.0000,9.797757,-14.338455,5.614560
2537.0000,9.546873,-13.514313,3.637071
2538.0000,10.780279,-14.393020,7.507057
2539.0000,14.687369,-14.260933,9.445487
2540.0000,13.853602,-9.185000,10.898858
2541.0000,13.481665,-11.269538,10.762325
2542.0000,13.988511,-9.584069,11.029608
2543.0000,17.324879,-11.522646,14.015431
2544.0000,14.973386,-11.610658,15.830882
2545.0000,14.985403,-11.252383,17.659870
2546.0000,13.983480,-9.726165,15.526500
2547.0000,11.800216,-7.846370,14.158686
2548.0000,13.037598,-5.519887,13.887705
2549.0000,10.118936,-4.612237,13.392818
2550.0000,10.517100,-2.171404,17.146476
2551.0000,10.312431,3.650070,16.108453
2552.0000,8.920221,4.048762,13.960624
2553.0000,7.618143,3.745392,14.119065
2554.0000,8.696935,2.922858,13.230081
2555.0000,9.274987,5.030991,13.690139
2556.0000,8.767795,5.578591,15.952307
2557.0000,12.338972,5.066457,14.812626
2558.0000,12.075587,4.107213,16.111653
2559.0000,11.318347,3.158657,12.737553
2560.0000,11.469679,4.050778,11.895036
2561.0000,11.713946,6.247853,12.222861
2562.0000,10.232857,10.759979,11.774138
2563.0000,12.574374,12.976058,10.368680
2564.0000,10.648722,14.919264,9.786966
2565.0000,12.507553,14.241392,10.520949
2566.0000,11.873778,14.692617,10.360373
2567.0000,12.392392,15.370076,8.794510
2568.0000,11.151588,14.849744,12.483688
2569.0000,13.627913,13.987146,11.716996
2570.0000,15.846754,10.203786,13.414349
2571.0000,12.534911,8.966512,16.083496
2572.0000,10.989573,9.085384,14.758062
2573.0000,9.763823,10.356104,13.118459
2574.0000,9.887901,10.777213,13.558295
2575.0000,10.693795,7.550191,14.527658
2576.0000,12.257962,10.481094,12.967960
2577.0000,12.757534,6.802237,15.441001
2578.0000,9.328952,5.875423,12.884688
2579.0000,7.840161,5.680765,10.810720
2580.0000,7.586681,9.641662,13.081153
2581.0000,6.592071,10.538458,13.105047
2582.0000,7.171760,9.360860,13.616303
2583.0000,5.374717,8.369825,14.806586
2584.0000,4.190813,9.379258,17.961788
2585.0000,5.644279,9.744466,20.050852
2586.0000,3.832083,14.195292,18.862447
2587.0000,1.175514,11.701737,16.807890
2588.0000,3.056612,12.134063,17.735889
2589.0000,3.289341,11.085606,17.454703
2590.0000,4.968891,12.554486,18.134645
2591.0000,4.906063,12.432217,17.031614
2592.0000,5.079557,11.268471,16.368243
2593.0000,4.423695,9.285074,17.051724
2594.0000,5.647820,11.009149,15.916248
2595.0000,3.686497,7.940147,12.228745
2596.0000,2.508379,8.504921,13.438066
2597.0000,3.612083,5.084263,12.282901
2598.0000,4.377338,6.925168,11.764917
2599.0000,6.173073,6.905720,8.846256
2600.0000,2.259136,9.012011,11.271803
2601.0000,0.641817,7.376552,8.845881
2602.0000,-0.548820,7.928785,8.301542
2603.0000,3.187639,7.974680,8.161031
2604.0000,7.245722,9.968198,9.457261
2605.0000,8.060313,9.402190,8.028739
2606.0000,7.362911,10.766566,11.406635
2607.0000,4.115294,10.151760,11.004142
2608.0000,3.798059,10.758482,8.808437
2609.0000,0.501067,10.850749,6.999285
2610.0000,2.022681,10.586589,4.639272
2611.0000,7.234533,11.111580,3.824414
2612.0000,5.375484,11.449492,4.607968
2613.0000,6.877753,10.036815,4.274061
2614.0000,5.238327,9.947419,4.179263
2615.0000,4.083538,8.821585,3.092290
2616.0000,6.022324,7.111703,5.096117
2617.0000,6.359964,9.529858,5.059064
2618.0000,4.751689,7.499924,2.660650
2619.0000,6.057163,8.999174,2.945375
2620.0000,6.711097,10.048155,3.150959
2621.0000,4.729829,9.879099,1.669799
2622.0000,8.684422,7.701643,2.900014
2623.0000,12.405608,11.798347,2.400259
2624.0000,11.418787,9.887938,-0.113087
2625.0000,11.233229,9.434800,2.160176
2626.0000,7.420692,10.065795,2.791031
2627.0000,7.583788,12.200563,3.677096
2628.0000,8.227490,10.407849,7.094809
2629.0000,10.933876,11.897914,9.874554
2630.0000,10.143010,12.275950,9.016423
2631.0000,8.863928,8.630371,7.323041
2632.0000,9.883900,6.692463,3.219426
2633.0000,10.230133,2.623901,5.832048
2634.0000,9.725264,2.068845,7.305567
2635.0000,8.341869,2.503712,4.989062
2636.0000,8.711245,4.039251,3.789248
2637.0000,6.851267,5.489183,2.461588
2638.0000,6.190218,3.264471,4.317426
2639.0000,7.163583,3.746578,3.638286
2640.0000,4.839510,4.875927,4.264251
2641.0000,6.921747,7.534893,3.714547
2642.0000,9.281241,7.066710,5.843996
2643.0000,6.743090,7.103325,5.361389
2644.0000,6.290840,11.095247,11.925927
2645.0000,6.606759,13.856983,9.335892
2646.0000,6.457675,15.131441,10.010958
2647.0000,7.257631,16.981213,11.376484
2648.0000,9.871934,14.594808,12.740651
2649.0000,10.358202,12.868016,14.465406
2650.0000,6.992190,11.302493,12.723905
2651.0000,5.474499,12.422760,8.312326
2652.0000,6.622511,12.478995,7.106349
2653.0000,7.058165,11.919873,8.266022
2654.0000,5.202225,12.443504,7.107547
2655.0000,6.836521,11.635339,4.381800
2656.0000,1.402591,11.980190,6.138489
2657.0000,2.767841,13.071290,7.059119
2658.0000,1.482712,13.609065,7.461740
2659.0000,4.209194,10.231443,9.259013
2660.0000,4.264961,13.821615,12.242796
2661.0000,9.147148,11.097089,8.986024
2662.0000,10.579040,10.322009,8.506398
2663.0000,11.631906,9.138674,6.378720
2664.0000,11.155481,4.818343,6.658008
2665.0000,12.689489,4.062238,2.052105
2666.0000,13.586472,8.901892,0.434277
2667.0000,10.854485,11.949043,-1.650566
2668.0000,10.900985,12.513271,-7.519156
2669.0000,11.243963,15.267712,-7.889806
2670.0000,14.710727,14.891862,-10.391479
2671.0000,9.939404,16.332954,-6.701315
2672.0000,10.365979,16.379014,-4.989255
2673.0000,11.341087,17.502520,-4.754489
2674.0000,12.165215,18.202940,-5.239987
2675.0000,11.581342,17.017225,-6.622231
2676.0000,10.132867,18.647572,-6.127998
2677.0000,8.100682,18.868355,-7.128477
2678.0000,8.576766,16.640457,-5.436951
2679.0000,11.955157,13.737346,-4.585734
2680.0000,8.369433,11.403055,-5.763689
2681.0000,8.490077,13.011345,-5.753813
2682.0000,10.108134,14.797461,-3.856754
2683.0000,10.912066,16.531552,-4.293080
2684.0000,7.961408,16.690765,-4.478235
2685.0000,6.631267,14.507828,-3.804678
2686.0000,5.747138,14.832087,-3.892230
2687.0000,5.622956,8.948420,-2.257469
2688.0000,6.581751,9.643671,0.640716
2689.0000,6.544788,8.823110,0.858645
2690.0000,5.404106,10.867056,-0.275106
2691.0000,4.515981,8.985291,0.954982
2692.0000,9.165971,7.345829,1.370572
2693.0000,10.729072,6.870489,2.799381
2694.0000,10.665081,5.547468,1.405077
2695.0000,10.848268,2.637218,0.095860
2696.0000,11.996921,3.753306,-0.026452
2697.0000,12.786083,-0.070578,1.352424
2698.0000,11.403837,0.160986,-1.721585
2699.0000,10.493918,0.413401,-1.095941
2700.0000,12.083404,3.213633,-0.340177
2701.0000,10.250281,0.709417,1.086736
2702.0000,5.891648,1.078340,-0.285550
2703.0000,1.590494,0.003189,2.680977
2704.0000,2.792704,1.234895,1.274830
2705.0000,-1.631770,2.844926,4.455748
2706.0000,-3.214388,0.407489,4.787871
2707.0000,-2.398891,0.021149,6.003540
2708.0000,-2.814518,-1.866873,3.667749
2709.0000,-2.287776,-0.280529,2.009176
2710.0000,-3.570737,1.487715,3.399110
2711.0000,-3.226462,1.946625,4.723792
2712.0000,-4.326092,3.052812,4.260771
2713.0000,-2.280309,2.587276,5.279891
2714.0000,-2.853252,1.557571,5.500588
2715.0000,-1.236339,0.963701,9.926264
2716.0000,-1.778547,0.146870,8.672191
2717.0000,-1.757116,-1.496983,10.804363
2718.0000,-1.219874,-0.913764,10.034406
2719.0000,0.794100,-2.705392,11.042796
2720.0000,1.994262,-2.347917,11.067743
2721.0000,-0.297740,-4.388487,10.063499
2722.0000,-1.262452,-5.731061,9.448812
2723.0000,0.682334,-5.949784,10.374875
2724.0000,-0.747976,-1.073726,9.350413
2725.0000,-2.675698,-0.702676,10.689155
2726.0000,2.525824,-2.187306,13.795364
2727.0000,4.477654,-0.893030,12.402711
2728.0000,2.112003,-0.240865,12.563969
2729.0000,1.575761,-3.533574,12.881349
2730.0000,3.523084,-3.119937,13.684456
2731.0000,2.045191,-3.837098,11.712494
2732.0000,-0.366986,-5.094215,14.399161
2733.0000,1.621096,0.856495,12.567356
2734.0000,0.526972,-1.969926,12.630005
2735.0000,2.322969,-0.839653,15.315921
2736.0000,0.449558,-0.682304,15.388142
2737.0000,-1.785136,-1.080474,19.728530
2738.0000,1.061760,-3.480076,18.876859
2739.0000,-0.122485,-3.332410,20.475474
2740.0000,-3.196231,-3.870417,20.593937
2741.0000,-4.780118,-5.469342,19.461947
2742.0000,-1.805383,-1.485814,19.741649
2743.0000,-7.169438,-3.983504,20.952789
2744.0000,-7.815652,-5.111710,18.329910
2745.0000,-12.025472,-2.115855,17.157006
2746.0000,-11.039865,-3.960789,18.469251
2747.0000,-10.311266,-1.581952,18.115863
2748.0000,-9.326911,-2.761197,20.041288
2749.0000,-8.990061,-2.683684,19.569906
2750.0000,-7.558765,-2.736096,13.465905
2751.0000,-5.511654,-1.563335,12.148579
2752.0000,-3.681639,-1.858982,12.949376
2753.0000,-6.125687,-2.681683,14.810902
2754.0000,-6.927258,-1.233654,17.492185
2755.0000,-7.816865,-0.621238,18.942716
2756.0000,-7.586840,0.709868,21.230684
2757.0000,-2.959504,-0.470779,21.721014
2758.0000,-1.163447,1.900315,23.084051
2759.0000,2.245716,-0.004563,23.718870
2760.0000,-0.338737,-0.306290,25.792083
2761.0000,1.003763,-0.435073,25.535983
2762.0000,1.071156,-1.612544,20.444968
2763.0000,2.248236,-0.853395,18.580319
2764.0000,5.863589,-0.174583,19.670833
2765.0000,7.464136,1.828756,19.685059
2766.0000,5.365948,1.529140,18.288922
2767.0000,2.154904,1.333174,16.937615
2768.0000,4.003862,1.832467,15.313088
2769.0000,7.098978,0.903414,11.768485
2770.0000,9.198776,0.006401,10.876884
2771.0000,8.153727,0.116758,12.358675
2772.0000,6.570925,0.679774,15.498723
2773.0000,4.768017,-0.991551,16.088305
2774.0000,5.850933,1.877916,18.209548
2775.0000,3.552948,-0.674772,15.241673
2776.0000,3.487841,-0.480297,15.717537
2777.0000,2.801635,-1.731229,14.499120
2778.0000,0.816835,1.361001,13.211889
2779.0000,2.667366,3.852856,10.377043
2780.0000,2.927355,5.008455,13.378504
2781.0000,4.442781,8.108592,14.076332
2782.0000,2.272816,10.969670,15.389974
2783.0000,0.669822,9.059206,17.307792
2784.0000,0.719955,6.403039,15.262351
2785.0000,0.774591,2.456964,14.778714
2786.0000,2.161799,2.357421,13.364187
2787.0000,1.888700,1.743931,11.382251
2788.0000,1.588118,-1.725284,11.356260
2789.0000,1.511277,3.357748,8.680634
2790.0000,2.473410,4.554745,9.853217
2791.0000,-0.026002,4.520534,12.072166
2792.0000,1.560680,1.462792,7.849674
2793.0000,1.829848,3.163187,8.119641
2794.0000,0.341609,3.635222,8.244025
2795.0000,1.306862,3.180303,9.570670
2796.0000,2.071070,2.054597,9.825546
2797.0000,4.651030,0.376939,10.331188
2798.0000,7.022495,3.176897,9.141320
2799.0000,5.039661,2.629962,9.343267
2800.0000,2.994085,5.451459,9.991619
2801.0000,2.101725,7.134621,11.063156
2802.0000,-3.134400,6.748009,10.120711
2803.0000,-2.966955,7.508944,11.886268
2804.0000,-4.531871,6.836061,11.093060
2805.0000,-1.810725,10.367757,10.480472
2806.0000,-0.319803,11.161152,10.322109
2807.0000,-0.829166,13.500029,10.262940
2808.0000,-2.198327,11.496690,12.437109
2809.0000,-4.650969,7.048265,10.099016
2810.0000,-2.490578,6.185838,7.270014
2811.0000,-1.321304,5.642951,6.511652
2812.0000,-2.779600,5.501826,6.395654
2813.0000,-2.759654,3.954078,4.259915
2814.0000,-3.174477,4.309988,4.901012
2815.0000,-4.864307,1.001017,3.290088
2816.0000,-3.934761,0.427217,2.178498
2817.0000,-4.280932,0.224648,1.969696
2818.0000,-6.129322,0.498848,2.231206
2819.0000,-8.317096,-1.204154,1.584546
2820.0000,-7.918160,-2.506921,5.054736
2821.0000,-9.614107,2.037001,5.078463
2822.0000,-9.228384,-0.064249,4.870956
2823.0000,-7.452124,3.143269,4.277473
2824.0000,-8.007960,3.864237,3.129661
2825.0000,-2.164736,6.121871,1.238268
2826.0000,-4.170455,6.229517,-1.653309
2827.0000,-1.821679,2.629407,-0.377804
2828.0000,-3.338255,3.985612,-0.950699
2829.0000,-3.557876,4.600643,-0.383987
2830.0000,-5.012705,4.652086,0.458406
2831.0000,-3.396323,6.895353,-2.406528
2832.0000,-3.368312,4.409765,-4.861912
2833.0000,-3.567783,5.232860,-4.497357
2834.0000,-6.418231,0.845567,-4.791680
2835.0000,-6.927495,2.501615,-5.257434
2836.0000,-3.247316,-0.083440,-5.990282
2837.0000,-4.041146,2.263893,-5.526782
2838.0000,-4.049015,3.087367,-5.547817
2839.0000,-1.717211,4.164024,-7.105748
2840.0000,-1.651597,2.443982,-7.702166
2841.0000,-2.352000,3.537857,-7.703457
2842.0000,-5.297956,2.896107,-7.451440
2843.0000,-2.794327,-0.256195,-4.462221
2844.0000,-1.515520,3.133739,-4.569483
2845.0000,-1.396353,1.487749,-3.422440
2846.0000,-3.748913,1.787738,0.899224
2847.0000,-6.126646,1.692117,-0.669567
2848.0000,-5.824213,1.249146,2.062956
2849.0000,-5.662596,0.068934,2.772504
2850.0000,-6.290340,-1.181792,0.420193
2851.0000,-6.808669,-0.299361,2.105043
2852.0000,-9.247689,0.986070,0.723371
2853.0000,-9.061146,1.590051,-0.219436
2854.0000,-8.425482,3.203548,3.642566
2855.0000,-9.239698,4.084100,6.272238
2856.0000,-11.445245,6.910457,6.739780
2857.0000,-10.358461,8.115455,7.577212
2858.0000,-7.961032,6.296418,5.259419
2859.0000,-5.053672,9.539631,6.160292
2860.0000,-5.737159,9.011088,-0.252273
2861.0000,-7.195278,9.212007,1.473261
2862.0000,-7.323621,9.381352,6.699831
2863.0000,-5.431437,8.453168,4.562096
2864.0000,-6.812029,6.858699,3.658699
2865.0000,-5.991899,4.559552,1.882488
2866.0000,-5.981725,3.682448,2.966425
2867.0000,-2.843039,3.661737,2.814934
2868.0000,-3.691803,4.044611,1.680769
2869.0000,-3.294391,2.866510,1.266919
2870.0000,-1.186717,0.497539,4.690526
2871.0000,0.298896,5.544801,4.436213
2872.0000,1.047063,5.521529,2.027827
2873.0000,4.292363,5.030909,-0.064607
2874.0000,5.107239,0.989352,0.486805
2875.0000,1.171361,2.092737,-0.797690
2876.0000,3.593566,-0.176606,-0.905574
2877.0000,3.833427,-1.669484,-0.078637
2878.0000,3.125393,0.636588,-2.466563
2879.0000,5.185014,-0.391278,-0.345107
2880.0000,3.403519,-2.428352,-1.749338
2881.0000,5.987207,-0.286720,1.232697
2882.0000,2.557805,0.382826,-2.870915
2883.0000,4.371551,0.371997,-2.003016
2884.0000,3.500757,0.637607,-4.136988
2885.0000,1.148888,0.245857,-3.131926
2886.0000,0.246334,0.624743,-5.553623
2887.0000,1.602934,-0.465466,-5.347307
2888.0000,4.068602,-3.584314,-6.694823
2889.0000,5.159946,-4.207984,-9.914434
2890.0000,6.336033,-3.693807,-8.195483
2891.0000,4.391906,-5.382453,-11.385518
2892.0000,6.011239,-6.318518,-12.650248
2893.0000,5.233175,-8.741476,-14.431885
2894.0000,5.473208,-8.077255,-11.974103
2895.0000,5.304918,-7.489203,-8.498245
2896.0000,7.235065,-8.348468,-7.125241
2897.0000,10.333240,-9.156170,-6.911684
2898.0000,9.452972,-8.289350,-8.403505
2899.0000,6.662403,-11.397359,-6.413604
2900.0000,8.643984,-12.142007,-6.344294
2901.0000,6.596531,-9.185474,-5.195896
2902.0000,4.849230,-4.174244,-1.616098
2903.0000,7.494546,-2.855942,-3.062666
2904.0000,8.536821,-0.722113,-1.809269
2905.0000,1.588489,0.238793,-1.312631
2906.0000,1.580340,-0.447581,-1.534581
2907.0000,4.671696,-1.926800,-1.732645
2908.0000,3.528921,-1.206144,0.958475
2909.0000,3.609178,0.850450,-0.519332
2910.0000,4.054606,-1.680601,0.238496
2911.0000,1.537152,-2.540334,1.271456
2912.0000,1.607265,2.014463,5.430459
2913.0000,0.700300,2.205970,7.444353
2914.0000,2.894321,2.306974,9.084584
2915.0000,5.133216,-1.130918,10.840205
2916.0000,5.797145,2.854879,8.302323
2917.0000,3.545555,2.118375,5.775096
2918.0000,3.193148,2.634356,2.678387
2919.0000,1.655468,-2.329228,-0.700184
2920.0000,1.868672,-1.646514,-3.518463
2921.0000,0.059754,-2.721509,-5.255886
2922.0000,-0.157324,-1.737073,-3.591257
2923.0000,0.156379,-0.522648,0.270486
2924.0000,2.393911,-3.690209,-0.861081
2925.0000,1.244280,-0.896277,-0.952620
2926.0000,-2.701317,1.513542,-0.597385
2927.0000,-1.709878,2.487456,-3.946392
2928.0000,-3.952974,2.323423,-3.454356
2929.0000,-3.755236,4.397218,-2.605977
2930.0000,-5.104329,7.377394,-1.699790
2931.0000,-4.002599,6.461712,-3.922778
2932.0000,-4.280686,6.771473,-6.942747
2933.0000,-6.795282,4.371732,-8.237311
2934.0000,-6.684192,4.383363,-7.068952
2935.0000,-5.045118,8.100868,-3.700421
2936.0000,-5.519532,8.795523,-4.135335
2937.0000,-5.838975,6.277355,-1.658041
2938.0000,-6.946771,8.529626,-0.552341
2939.0000,-5.250180,10.073721,3.202530
2940.0000,-6.592630,9.246172,0.869071
2941.0000,-2.393856,9.654436,-0.909948
2942.0000,-5.747605,7.661451,-1.093871
2943.0000,-7.582489,6.605934,-1.168557
2944.0000,-7.871672,4.047718,-1.319802
2945.0000,-10.467125,5.250447,-1.979202
2946.0000,-9.408742,2.493904,-2.267308
2947.0000,-11.092397,0.680069,-1.999005
2948.0000,-8.337189,-0.889621,-3.181242
2949.0000,-9.531383,1.930601,-1.486033
2950.0000,-5.875761,4.031078,-1.471802
2951.0000,-6.695062,2.367369,-3.725760
2952.0000,-1.772488,5.683199,-2.350567
2953.0000,-5.713917,4.254251,-5.780785
2954.0000,-7.195160,8.427237,-7.974171
2955.0000,-5.527100,11.808488,-8.268589
2956.0000,-3.199979,9.841550,-9.761975
2957.0000,-6.101458,11.771869,-9.490161
2958.0000,-8.518432,9.959155,-8.315028
2959.0000,-9.750394,9.504407,-8.468276
2960.0000,-7.506733,9.311720,-8.423136
2961.0000,-8.926241,10.010928,-6.952785
2962.0000,-9.166093,11.693693,-7.432199
2963.0000,-7.317141,8.971099,-6.463317
2964.0000,-11.258252,6.648547,-7.526576
2965.0000,-12.912530,6.233352,-7.790711
2966.0000,-12.652507,6.116113,-6.376942
2967.0000,-12.173130,5.900298,-4.504509
2968.0000,-13.593218,4.877189,-6.708757
2969.0000,-14.012377,3.340216,-7.165444
2970.0000,-15.875046,6.079582,-4.514868
2971.0000,-18.235654,7.255141,-5.153334
2972.0000,-14.841772,6.317937,-5.990171
2973.0000,-11.866414,7.368814,-3.564548
2974.0000,-11.496947,4.319101,-1.309434
2975.0000,-12.199574,1.339115,-1.048822
2976.0000,-9.906538,-3.196867,-0.649704
2977.0000,-8.136282,-9.911392,-1.470185
2978.0000,-7.645176,-7.049773,-1.402263
2979.0000,-7.393510,-8.301743,0.816102
2980.0000,-3.337906,-5.713655,-0.022858
2981.0000,-4.372547,-2.526761,-0.128433
2982.0000,-5.058288,-1.251370,-4.293172
2983.0000,-7.081390,-2.125526,-3.226058
2984.0000,-10.208510,-0.142008,-2.990846
2985.0000,-10.421106,-2.668855,-5.547001
2986.0000,-10.408711,0.620831,-7.183524
2987.0000,-13.123326,0.181555,-8.573459
2988.0000,-12.518008,-0.355084,-9.158902
2989.0000,-10.643493,-1.378885,-7.260022
2990.0000,-12.152130,-3.732989,-3.750092
2991.0000,-14.622300,-3.469509,-4.988646
2992.0000,-9.972308,-8.542566,-5.283015
2993.0000,-8.256375,-8.135023,-4.259839
2994.0000,-8.247034,-7.105902,-3.207512
2995.0000,-11.213402,-7.989728,-1.710242
2996.0000,-11.878497,-8.836076,-3.907568
2997.0000,-12.209217,-11.186614,-5.163149
2998.0000,-11.930567,-13.023708,-5.236092
2999.0000,-13.002244,-15.220881,-2.630507
3000.0000,-11.367023,-14.144820,-3.494295
3001.0000,-16.279530,-11.805012,-1.009065
3002.0000,-12.679148,-12.894318,0.596901
3003.0000,-13.162306,-16.082014,4.780982
3004.0000,-8.142903,-16.840364,5.497333
3005.0000,-8.571900,-14.708198,5.317065
3006.0000,-7.259019,-15.716784,4.929775
3007.0000,-5.542286,-17.631868,2.779389
3008.0000,-3.514847,-13.047997,4.270023
3009.0000,-3.411828,-16.433005,4.673065
3010.0000,0.003106,-15.994560,6.292845
3011.0000,1.999990,-17.199555,9.698143
3012.0000,2.556731,-18.461883,12.023716
3013.0000,-1.597787,-18.459040,10.944421
3014.0000,-6.280585,-20.973169,12.499226
3015.0000,-6.854611,-22.543602,9.632718
3016.0000,-6.006413,-24.621586,7.500179
3017.0000,-2.775442,-24.280343,6.433221
3018.0000,-4.776644,-24.934874,6.899802
3019.0000,-8.495189,-24.375253,7.809462
3020.0000,-5.723841,-23.089436,7.535385
3021.0000,-6.466494,-26.606993,7.056191
3022.0000,-4.900612,-26.355557,8.538847
3023.0000,-6.494778,-25.377179,8.054427
3024.0000,-3.622071,-23.032965,7.801675
3025.0000,-3.395455,-25.582902,6.984189
3026.0000,-4.051115,-24.942726,3.528297
3027.0000,-3.071587,-26.341153,5.090194
3028.0000,-3.259192,-24.020972,4.674052
3029.0000,-4.545457,-28.211483,1.003049
3030.0000,-5.850467,-24.443706,-1.785781
3031.0000,-6.220109,-24.177767,-1.752594
3032.0000,-6.532688,-21.683396,-2.506284
3033.0000,-3.123515,-21.348995,-2.679793
3034.0000,-1.979799,-19.741659,-2.461520
3035.0000,-0.180725,-20.205484,-6.361393
3036.0000,0.646255,-21.254131,-5.003790
3037.0000,-1.138330,-23.332578,-6.362550
3038.0000,-3.032488,-25.058901,-4.173014
3039.0000,-0.587352,-23.892876,-4.485644
3040.0000,-0.226192,-23.328872,-6.788768
3041.0000,1.347361,-24.114297,-8.203017
3042.0000,-1.335223,-24.172087,-5.987006
3043.0000,-0.797839,-24.434941,-10.209330
3044.0000,-2.380855,-23.195363,-10.556037
3045.0000,-4.644527,-22.337697,-11.504487
3046.0000,-4.658663,-22.210678,-9.895507
3047.0000,-1.524716,-20.951143,-11.660566
3048.0000,-3.337932,-22.091247,-11.616265
3049.0000,-2.133265,-23.619091,-11.243186
3050.0000,-3.024468,-20.906999,-7.966639
3051.0000,-3.145984,-20.335524,-8.393330
3052.0000,1.221970,-20.941297,-8.662534
3053.0000,2.655652,-22.494213,-10.255023
3054.0000,4.385435,-22.417535,-5.071931
3055.0000,1.553473,-21.415865,-2.538890
3056.0000,-1.338914,-23.373234,-4.683948
3057.0000,0.990262,-22.265914,-4.042432
3058.0000,0.364771,-21.021314,-3.815113
3059.0000,-0.000133,-22.773264,-3.948282
3060.0000,-1.790847,-27.126873,-1.830147
3061.0000,-1.732289,-24.545215,-2.714174
3062.0000,-1.378477,-23.354581,-1.467935
3063.0000,-2.934968,-22.456727,-2.935868
3064.0000,-5.172059,-20.815087,-0.890819
3065.0000,-9.319580,-22.837670,-1.429841
3066.0000,-9.522564,-22.195119,1.494601
3067.0000,-1.207729,-20.785332,1.920908
3068.0000,2.875429,-21.741459,2.958509
3069.0000,2.045927,-22.179125,-0.025991
3070.0000,3.945003,-19.919023,-2.503992
3071.0000,1.266039,-20.995507,-4.870171
3072.0000,2.761809,-23.098954,-4.254779
3073.0000,2.330655,-26.383971,-5.378724
3074.0000,-1.380873,-27.361617,-5.739995
3075.0000,-0.800517,-26.987448,-3.766442
3076.0000,2.233253,-24.839396,-6.370518
3077.0000,2.658436,-30.703900,-6.649100
3078.0000,3.840011,-29.035032,-7.853757
3079.0000,7.172813,-25.454741,-7.716991
3080.0000,4.497294,-26.154384,-8.350940
3081.0000,8.852701,-27.475398,-3.381907
3082.0000,11.166268,-28.715361,-4.572579
3083.0000,12.244323,-30.068289,-8.241708
3084.0000,7.955163,-31.599700,-8.535066
3085.0000,7.459441,-30.744985,-7.363901
3086.0000,8.467528,-28.765531,-6.575310
3087.0000,11.237513,-28.036702,-7.393852
3088.0000,13.026063,-27.856802,-5.419188
3089.0000,14.484014,-28.464258,-7.912629
3090.0000,14.145477,-26.481053,-9.969105
3091.0000,13.908727,-29.551987,-10.594157
3092.0000,14.700867,-28.917106,-9.194122
3093.0000,12.185487,-32.004149,-8.609479
3094.0000,11.840794,-31.335846,-6.723991
3095.0000,11.447014,-30.984958,-6.673931
3096.0000,9.570374,-31.602785,-8.915458
3097.0000,10.938019,-31.872371,-6.537465
3098.0000,8.667737,-30.288797,-4.805748
3099.0000,5.851064,-27.011148,-3.971558
3100.0000,5.356667,-27.912489,-4.493766
3101.0000,8.017170,-27.556026,-1.609546
3102.0000,7.297005,-27.202047,-5.458788
3103.0000,10.062169,-28.923040,-4.178741
3104.0000,7.985640,-29.464828,-6.075939
3105.0000,10.038289,-26.094439,-1.970377
3106.0000,9.993142,-24.844577,-1.974743
3107.0000,6.285738,-21.321172,1.521337
3108.0000,6.807783,-22.033660,1.190374
3109.0000,7.691989,-21.619915,4.169939
3110.0000,7.303350,-23.663861,4.350008
3111.0000,7.538828,-23.795059,4.076836
3112.0000,4.454702,-21.513093,3.264756
3113.0000,3.631870,-24.732382,2.608351
3114.0000,2.498000,-23.672427,1.973651
3115.0000,1.849969,-24.752766,3.508200
3116.0000,2.151574,-24.468636,0.698455
3117.0000,2.719711,-25.087641,-0.148788
3118.0000,5.993991,-27.704481,-0.279198
3119.0000,7.554676,-32.400972,-5.514841
3120.0000,10.839852,-32.099522,-9.164241
3121.0000,10.413003,-31.243579,-7.567665
3122.0000,8.199174,-33.659718,-9.653632
3123.0000,8.175005,-33.882019,-10.665080
3124.0000,8.359443,-33.956578,-9.558881
3125.0000,10.639113,-33.134410,-10.601034
3126.0000,8.466372,-29.826593,-13.403822
3127.0000,6.982142,-32.896260,-12.309504
3128.0000,5.753226,-33.640721,-14.677254
3129.0000,9.614874,-31.825831,-19.249445
3130.0000,10.050545,-33.095514,-19.798279
3131.0000,10.784993,-32.990401,-20.342027
3132.0000,10.941194,-32.844871,-21.468532
3133.0000,9.910841,-32.685210,-22.792500
3134.0000,13.083712,-29.397183,-22.809907
3135.0000,14.776879,-28.093630,-19.436482
3136.0000,10.717624,-29.365524,-19.593931
3137.0000,10.963228,-27.786481,-17.899002
3138.0000,13.507884,-29.154117,-20.323333
3139.0000,13.667470,-31.051308,-18.456856
3140.0000,11.032893,-30.757749,-20.603277
3141.0000,10.208629,-29.896658,-20.145732
3142.0000,11.741539,-31.974160,-19.991177
3143.0000,11.961343,-32.699483,-16.494105
3144.0000,10.994437,-34.627135,-20.403006
3145.0000,10.168146,-33.995831,-20.326078
3146.0000,8.895661,-37.248795,-23.084986
3147.0000,10.802604,-38.858602,-23.888945
3148.0000,7.974826,-39.725872,-22.281156
3149.0000,7.067886,-40.111589,-22.866526
3150.0000,8.585939,-39.819723,-24.388432
3151.0000,11.613901,-41.009036,-24.433797
3152.0000,12.810359,-41.392962,-25.028286
3153.0000,13.638565,-40.571708,-25.680119
3154.0000,12.611360,-39.668204,-25.396434
3155.0000,12.617463,-36.826110,-21.349851
3156.0000,9.174599,-36.458290,-24.993304
3157.0000,11.599441,-35.682142,-26.312532
3158.0000,12.539317,-35.667049,-26.160932
3159.0000,11.509485,-34.170348,-24.094084
3160.0000,12.372732,-31.606310,-23.857596
3161.0000,15.066635,-29.935380,-23.724829
3162.0000,14.973317,-32.791650,-25.897788
3163.0000,14.308054,-36.171233,-25.672019
3164.0000,11.907941,-36.616334,-25.082948
3165.0000,13.790893,-37.531566,-26.370335
3166.0000,10.490699,-34.976053,-26.758290
3167.0000,12.862774,-33.907638,-26.597784
3168.0000,12.264724,-30.986384,-25.245407
3169.0000,8.308858,-28.221444,-22.884461
3170.0000,9.521215,-27.108411,-21.721046
3171.0000,7.961368,-27.189905,-23.951290
3172.0000,6.754143,-28.482882,-25.051546
3173.0000,6.741293,-28.355890,-22.338517
3174.0000,10.587633,-25.612271,-18.979271
3175.0000,12.811190,-23.531721,-20.424464
3176.0000,11.111563,-22.856750,-19.701950
3177.0000,12.510451,-25.060204,-17.717278
3178.0000,12.137959,-27.075706,-16.263346
3179.0000,14.560566,-23.980120,-15.765136
3180.0000,13.923375,-23.311614,-17.619747
3181.0000,13.906499,-23.894364,-17.677664
3182.0000,15.962278,-25.116564,-18.707325
3183.0000,19.514099,-23.836851,-21.980789
3184.0000,14.805330,-23.393168,-20.048536
3185.0000,14.529959,-22.042992,-19.973066
3186.0000,14.419514,-19.995184,-16.523905
3187.0000,14.263381,-21.349184,-17.558537
3188.0000,14.700664,-21.035854,-19.143877
3189.0000,16.562638,-21.468501,-19.003295
3190.0000,13.372854,-21.890216,-14.890869
3191.0000,13.716806,-23.682074,-11.584662
3192.0000,10.348218,-20.594573,-10.220754
3193.0000,10.134921,-23.160475,-8.641060
3194.0000,12.051667,-25.646944,-8.728415
3195.0000,10.900866,-25.368988,-11.280078
3196.0000,8.628839,-24.523275,-11.737428
3197.0000,9.907884,-27.567133,-9.761979
3198.0000,10.981897,-27.999741,-9.430062
3199.0000,10.354446,-24.823178,-8.143378
3200.0000,10.148138,-23.891147,-6.308560
3201.0000,10.541412,-19.751049,-8.644554
3202.0000,11.139123,-21.463529,-6.372959
3203.0000,8.857401,-20.668092,-6.292378
3204.0000,8.816679,-20.940098,-6.525544
3205.0000,9.753989,-21.722477,-7.556933
3206.0000,12.981992,-21.528128,-7.308908
3207.0000,14.526508,-19.198924,-6.050264
3208.0000,12.450122,-18.297931,-5.538466
3209.0000,10.083129,-20.217076,-4.054933
3210.0000,10.015470,-22.514854,-5.963906
3211.0000,9.874261,-22.880551,-7.598817
3212.0000,8.462496,-25.175982,-5.890998
3213.0000,9.088959,-27.136380,-6.579589
3214.0000,5.789307,-25.353908,-6.518179
3215.0000,7.472774,-25.928717,-2.823124
3216.0000,7.803147,-22.887600,-6.059996
3217.0000,9.106254,-24.618119,-8.305455
3218.0000,9.026536,-25.217344,-7.698999
3219.0000,9.394566,-27.452001,-5.389366
3220.0000,9.288397,-25.220611,-5.599831
3221.0000,7.872162,-26.076155,-5.995095
3222.0000,6.939444,-25.910047,-5.923151
3223.0000,3.059655,-28.034597,-7.503915
3224.0000,1.672690,-26.515082,-9.795541
3225.0000,0.939890,-24.439293,-8.982545
3226.0000,2.310951,-24.875147,-10.224083
3227.0000,2.681951,-22.450905,-10.536079
3228.0000,4.967345,-20.488050,-6.862804
3229.0000,6.740225,-23.130019,-7.480353
3230.0000,11.297375,-25.664409,-7.260934
3231.0000,7.393496,-26.622204,-8.243077
3232.0000,10.314789,-23.016150,-9.471187
3233.0000,12.144843,-23.572508,-9.600260
3234.0000,13.627175,-19.454164,-11.459278
3235.0000,14.546695,-21.304466,-11.875279
3236.0000,14.011904,-16.862410,-7.025996
3237.0000,19.193474,-17.733091,-4.668664
3238.0000,21.669430,-22.634106,-3.499706
3239.0000,21.794504,-23.908570,-3.542197
3240.0000,21.891304,-24.348730,-2.803230
3241.0000,18.116472,-21.214697,-4.022265
3242.0000,16.545696,-20.474532,-4.885097
3243.0000,16.119168,-20.604243,-1.818910
3244.0000,14.556526,-18.784508,1.026881
3245.0000,16.383308,-19.312158,-0.117283
3246.0000,18.794496,-20.644797,0.792306
3247.0000,17.993145,-20.284293,1.883247
3248.0000,21.126598,-21.151066,-0.982746
3249.0000,22.359633,-23.271687,1.669612
3250.0000,22.686596,-20.462341,-0.746785
3251.0000,21.751563,-23.635633,-1.406035
3252.0000,21.451770,-21.095971,-0.232919
3253.0000,21.172185,-20.820705,-0.670018
3254.0000,23.096636,-22.721424,-2.205916
3255.0000,25.812463,-22.086148,-1.966666
3256.0000,28.709336,-20.727549,-1.182742
3257.0000,27.833135,-19.887146,0.877050
3258.0000,27.861048,-21.572096,-3.244480
3259.0000,25.309412,-20.866750,-4.872211
3260.0000,22.574377,-21.291065,-2.184687
3261.0000,22.527174,-22.469171,0.271384
3262.0000,21.244394,-24.000896,0.896660
3263.0000,20.338110,-23.961767,2.415062
3264.0000,19.046301,-22.772205,1.716673
3265.0000,17.892656,-22.090514,5.202202
3266.0000,20.550368,-25.396341,6.173053
3267.0000,22.878118,-21.210347,8.596764
3268.0000,23.852282,-22.230145,9.725377
3269.0000,24.003979,-21.208990,11.256536
3270.0000,27.444445,-19.727825,11.337529
3271.0000,27.280841,-18.982755,9.579886
3272.0000,26.783467,-19.332447,9.132047
3273.0000,27.150262,-18.838474,5.980982
3274.0000,28.948636,-17.096003,5.156682
3275.0000,31.164089,-16.467598,2.721831
3276.0000,30.961001,-19.691205,1.487413
3277.0000,30.484271,-18.658740,2.720517
3278.0000,32.381278,-19.406199,0.339303
3279.0000,31.319135,-20.597649,1.778926
3280.0000,32.394240,-20.962324,-0.629641
3281.0000,31.384848,-17.734869,-0.908905
3282.0000,32.996650,-16.808621,0.639006
3283.0000,32.522077,-16.033635,-3.353527
3284.0000,33.597770,-15.610395,-2.867140
3285.0000,34.162766,-16.696481,-0.064426
3286.0000,32.756889,-16.083098,-4.134476
3287.0000,31.974673,-17.296262,-3.024882
3288.0000,31.864336,-19.544734,-2.944987
3289.0000,31.507310,-18.647350,0.210706
3290.0000,30.863235,-18.436962,-0.793222
3291.0000,27.408943,-18.705855,-1.274733
3292.0000,28.505889,-17.687650,-3.072984
3293.0000,28.327410,-19.805349,-1.137195
3294.0000,25.941203,-17.575707,-5.581340
3295.0000,25.761481,-16.143573,-7.686002
3296.0000,23.646989,-16.632586,-6.734928
3297.0000,20.392583,-21.163897,-3.684927
3298.0000,20.275997,-16.273422,-1.253957
3299.0000,21.684017,-14.922088,-1.239625
3300.0000,20.865971,-14.920899,-4.059797
3301.0000,23.365479,-12.483029,-6.154820
3302.0000,23.611259,-12.799633,-5.890446
3303.0000,22.701415,-14.591650,-8.641715
3304.0000,22.064740,-13.983545,-6.632860
3305.0000,23.679450,-12.060069,-7.831377
3306.0000,22.006595,-9.569266,-8.441119
3307.0000,24.394433,-12.421249,-7.358168
3308.0000,24.021923,-12.512562,-8.265025
3309.0000,24.380430,-14.189766,-4.745361
3310.0000,25.655708,-12.742901,-3.485178
3311.0000,23.375669,-11.879870,-6.134747
3312.0000,23.885536,-12.119520,-7.465841
3313.0000,23.263356,-12.997523,-7.930994
3314.0000,19.981030,-10.861392,-7.833012
3315.0000,22.213150,-11.349641,-8.639976
3316.0000,23.348967,-12.752427,-9.330665
3317.0000,22.090011,-12.599088,-9.545018
3318.0000,21.184941,-13.749184,-5.175271
3319.0000,20.861876,-13.463382,-5.590991
3320.0000,19.098466,-12.757396,-5.171614
3321.0000,23.491250,-13.035917,-5.654135
3322.0000,23.873181,-13.445275,-4.857720
3323.0000,21.208430,-13.838490,-8.785577
3324.0000,20.922886,-12.976006,-9.442679
3325.0000,22.037775,-13.823289,-9.779329
3326.0000,21.269467,-10.531581,-9.244147
3327.0000,19.511494,-12.356445,-10.057936
3328.0000,17.430349,-12.111462,-10.567343
3329.0000,17.877085,-11.846835,-12.695691
3330.0000,17.788538,-10.191780,-14.380797
3331.0000,21.334424,-12.032407,-15.346311
3332.0000,20.432261,-11.458058,-15.575190
3333.0000,18.887587,-11.768806,-13.524742
3334.0000,20.532797,-8.593647,-13.997657
3335.0000,18.673990,-12.073079,-14.732483
3336.0000,12.731380,-14.362065,-13.525095
3337.0000,13.064821,-12.506368,-14.022643
3338.0000,15.902572,-12.832250,-15.600858
3339.0000,16.089029,-14.791957,-13.366976
3340.0000,12.507406,-15.837754,-11.759710
3341.0000,13.072050,-17.326896,-12.809940
3342.0000,10.875155,-13.341975,-10.288131
3343.0000,9.256511,-11.462684,-13.026076
3344.0000,8.312015,-11.118074,-12.000966
3345.0000,10.516387,-9.256998,-14.556696
3346.0000,12.927695,-8.930618,-11.995738
3347.0000,12.198001,-12.974861,-13.518420
3348.0000,11.081069,-10.268824,-8.400604
3349.0000,7.746502,-11.773643,-7.679539
3350.0000,6.898773,-8.356511,-6.218873
3351.0000,8.022463,-3.274515,-7.091135
3352.0000,7.488632,-3.120381,-7.887961
3353.0000,3.949600,0.675713,-6.284658
3354.0000,1.548784,3.145290,-6.378927
3355.0000,3.108817,1.215369,-4.324050
3356.0000,2.623743,5.902265,-5.388312
3357.0000,3.959448,4.024257,-4.485305
3358.0000,5.504593,4.187295,-6.694725
3359.0000,4.390656,2.491346,-9.731652
3360.0000,3.989470,0.586021,-10.833498
3361.0000,2.130192,-1.512225,-7.862861
3362.0000,4.126774,2.043417,-10.256044
3363.0000,5.114480,6.433194,-10.295734
3364.0000,4.829751,6.147061,-12.095613
3365.0000,6.099420,2.399276,-12.044770
3366.0000,8.742340,2.717586,-9.591003
3367.0000,5.455886,5.803942,-11.180639
3368.0000,5.551796,10.394928,-11.800965
3369.0000,8.153964,9.925362,-14.016416
3370.0000,9.247624,9.865509,-16.264702
3371.0000,11.464663,11.772851,-16.712826
3372.0000,13.001245,12.062738,-17.189420
3373.0000,15.263162,12.400804,-16.647546
3374.0000,17.163014,9.310059,-15.510653
3375.0000,15.011161,13.092957,-17.477679
3376.0000,14.514240,10.519908,-17.906079
3377.0000,14.855166,8.062200,-15.255998
3378.0000,14.527526,9.995298,-16.615981
3379.0000,16.613994,12.608592,-17.603383
3380.0000,11.801554,14.980685,-16.968301
3381.0000,11.823567,13.489156,-18.806483
3382.0000,11.031954,12.361886,-21.301986
3383.0000,9.824231,8.698073,-20.207388
3384.0000,10.569436,9.381646,-19.581119
3385.0000,8.980050,12.311890,-18.375828
3386.0000,8.810236,17.086480,-18.576291
3387.0000,8.889624,14.393901,-19.297394
3388.0000,7.721981,11.335592,-19.517188
3389.0000,8.183888,13.322371,-18.850354
3390.0000,8.145188,10.869719,-19.044235
3391.0000,4.089205,11.555522,-15.999892
3392.0000,5.604126,11.374481,-16.812526
3393.0000,8.258675,10.802924,-20.896273
3394.0000,9.311747,12.286395,-20.271667
3395.0000,10.601793,9.121645,-22.429996
3396.0000,13.936290,10.130583,-23.108487
3397.0000,11.485118,12.303780,-23.778036
3398.0000,11.063214,13.319883,-21.052511
3399.0000,6.806186,13.961689,-21.608495
3400.0000,4.072841,14.352084,-17.002422
3401.0000,3.381208,15.974773,-16.330527
3402.0000,3.345618,16.942712,-18.556572
3403.0000,-1.656055,13.802165,-15.876123
3404.0000,-4.006544,15.280237,-12.111243
3405.0000,-0.759253,14.248800,-10.263468
3406.0000,-0.943895,14.454661,-9.283482
3407.0000,2.394256,14.923633,-10.358074
3408.0000,3.041280,15.607199,-11.448969
3409.0000,3.692394,17.397992,-12.524440
3410.0000,3.745457,17.051361,-12.263646
3411.0000,4.218611,19.382786,-10.568149
3412.0000,8.320211,21.533893,-12.391318
3413.0000,5.402589,16.171182,-11.099392
3414.0000,6.390579,16.571385,-11.930313
3415.0000,6.415472,18.783907,-12.998304
3416.0000,3.781425,17.605778,-10.716776
3417.0000,6.234939,18.392085,-9.492474
3418.0000,6.379495,16.988148,-5.341302
3419.0000,4.217747,22.543599,-5.421256
3420.0000,4.736963,23.002434,-7.519800
3421.0000,5.380580,22.468426,-7.380709
3422.0000,2.312151,19.515887,-9.020467
3423.0000,2.769558,20.217855,-9.406215
3424.0000,3.299369,22.291453,-8.762068
3425.0000,2.772318,24.151519,-10.483654
3426.0000,5.544715,25.295343,-7.051848
3427.0000,6.057002,25.280637,-7.924283
3428.0000,4.842359,22.787030,-8.329590
3429.0000,3.138610,21.508682,-8.008072
3430.0000,2.002401,23.829058,-7.626455
3431.0000,5.068403,22.727757,-12.408224
3432.0000,6.685914,24.129329,-12.707644
3433.0000,6.031712,24.215906,-13.143824
3434.0000,5.585503,24.129741,-13.257816
3435.0000,5.448148,22.351425,-16.027815
3436.0000,7.413360,22.353271,-15.715058
3437.0000,12.198718,22.774728,-15.383800
3438.0000,14.792790,21.798240,-13.042245
3439.0000,10.963641,19.106254,-12.676504
3440.0000,8.759114,18.365914,-12.490843
3441.0000,7.872034,15.719641,-11.084850
3442.0000,6.020400,14.629656,-9.550354
3443.0000,5.423868,14.252844,-12.457239
3444.0000,7.089579,14.373303,-14.822035
3445.0000,6.986941,9.567834,-14.196806
3446.0000,7.390543,11.995432,-15.636703
3447.0000,5.654690,12.533219,-16.609373
3448.0000,4.434688,15.873673,-19.619977
3449.0000,6.713948,13.780254,-20.804471
3450.0000,6.100250,16.087857,-18.422501
3451.0000,3.408630,13.785030,-17.556970
3452.0000,2.414216,15.213268,-20.357920
3453.0000,2.099078,14.038001,-19.116501
3454.0000,1.595396,16.123894,-14.801537
3455.0000,3.662686,15.815135,-12.924303
3456.0000,0.820614,18.028775,-16.023962
3457.0000,2.767599,14.722069,-15.729592
3458.0000,2.730992,15.712052,-15.190501
3459.0000,3.222904,17.278897,-14.795676
3460.0000,1.230169,16.803197,-13.347833
3461.0000,3.741972,16.558116,-10.173477
3462.0000,0.282039,13.855335,-7.625891
3463.0000,-1.110383,13.680641,-5.615868
3464.0000,-0.542810,15.431491,-6.939364
3465.0000,0.915232,19.328558,-4.830631
3466.0000,-1.365547,20.033038,-3.375561
3467.0000,-0.704604,18.312100,-4.574077
3468.0000,-4.095677,17.998022,-7.414713
3469.0000,-4.039433,16.037346,-3.531974
3470.0000,-3.323313,13.723564,-3.965666
3471.0000,-0.161332,13.301828,-4.954206
3472.0000,0.464415,12.434271,-3.040157
3473.0000,1.162793,15.981923,-4.151145
3474.0000,1.531719,15.643063,-1.953766
3475.0000,1.531445,14.366466,-0.424169
3476.0000,0.286295,12.760031,-0.356691
3477.0000,-1.350204,13.111943,-1.246922
3478.0000,-1.452816,15.548712,0.539277
3479.0000,-2.941780,15.920677,-1.720027
3480.0000,-4.233932,14.648268,-1.134669
3481.0000,-4.856413,15.302997,-1.641078
3482.0000,-5.448690,14.075228,0.220135
3483.0000,-7.075445,12.228102,0.411479
3484.0000,-8.699599,10.005601,-0.755619
3485.0000,-6.652191,11.449561,-3.723897
3486.0000,-8.141531,8.713364,-3.897568
3487.0000,-4.516840,7.649091,-7.855205
3488.0000,-2.249203,8.143790,-7.305188
3489.0000,-3.581532,5.528965,-7.587808
3490.0000,-4.395718,4.070042,-6.298619
3491.0000,-5.791531,2.465886,-6.955258
3492.0000,-8.353328,-1.222492,-5.823730
3493.0000,-7.534856,-0.526026,-4.547209
3494.0000,-10.188581,0.542254,-6.546775
3495.0000,-10.060979,-0.772613,-5.807266
3496.0000,-11.170113,-3.391068,-5.847324
3497.0000,-10.531350,-4.553325,-6.366128
3498.0000,-10.782403,-2.048605,-6.573113
3499.0000,-11.035503,-2.202476,-5.318229
3500.0000,-9.677647,-1.470500,-3.001347
3501.0000,-7.223527,-1.499091,-2.681514
3502.0000,-5.099410,-4.636292,0.403672
3503.0000,-0.997539,-1.864254,-5.662017
3504.0000,-3.300091,-4.489812,-5.100500
3505.0000,0.188027,-1.118822,-8.802538
3506.0000,1.695483,-4.988002,-7.806346
3507.0000,0.126189,-2.836700,-8.536896
3508.0000,-1.431863,-1.153788,-9.560393
3509.0000,-3.168792,-0.519135,-6.253884
3510.0000,-3.358285,-1.122590,-5.492537
3511.0000,-6.843256,-3.904907,-3.938159
3512.0000,-7.720319,-4.617517,-7.256734
3513.0000,-5.022466,-0.556415,-8.170944
3514.0000,-4.046586,-2.530337,-3.630567
3515.0000,-3.094450,0.969404,-2.102781
3516.0000,1.850873,-1.415815,-1.652670
3517.0000,2.898068,-1.697339,-3.266143
3518.0000,1.891174,-2.636252,-5.113448
3519.0000,2.477222,-0.537339,-6.995514
3520.0000,7.047803,-0.643710,-7.171126
3521.0000,4.112427,-0.883639,-10.951109
3522.0000,4.607792,-0.760697,-13.012945
3523.0000,3.850937,-1.369567,-12.727145
3524.0000,0.379568,2.254431,-10.391693
3525.0000,0.234394,1.884786,-9.653620
3526.0000,3.278299,0.605118,-8.404839
3527.0000,5.987778,-0.327324,-7.158813
3528.0000,7.062265,2.100207,-8.571061
3529.0000,8.465820,3.552511,-7.557372
3530.0000,4.642492,3.890483,-7.808113
3531.0000,3.816733,1.486980,-9.458727
3532.0000,-1.172831,3.013901,-7.933231
3533.0000,0.182238,-1.161981,-5.466831
3534.0000,-2.234842,-0.194753,-6.104476
3535.0000,-1.752754,-1.875792,-10.559629
3536.0000,-4.208071,-0.432529,-12.691103
3537.0000,-5.132832,-1.812605,-11.722941
3538.0000,-4.426686,-3.315028,-8.661145
3539.0000,-2.342744,-1.598711,-5.842135
3540.0000,-2.535444,-1.240764,-5.460229
3541.0000,-6.268400,0.420198,-8.436631
3542.0000,-1.343715,2.033987,-10.135979
3543.0000,1.803965,2.633002,-7.150988
3544.0000,3.453613,1.841773,-6.935675
3545.0000,3.261712,3.598962,-6.453263
3546.0000,2.482377,2.422070,-8.275939
3547.0000,2.243018,4.375014,-10.421250
3548.0000,5.362563,2.853757,-5.540424
3549.0000,6.216429,2.238760,-5.111594
3550.0000,6.617574,2.768044,-6.075631
3551.0000,4.777247,0.704491,-4.596023
3552.0000,3.723180,1.376763,-4.244617
3553.0000,0.803836,-2.540866,-0.304611
3554.0000,0.365404,-2.583654,1.284655
3555.0000,-1.463962,-1.197009,-1.397833
3556.0000,-3.611481,-3.074241,-2.455617
3557.0000,-2.777032,-4.076312,-6.124531
3558.0000,-1.168994,-6.546179,-6.573397
3559.0000,1.524464,-8.717576,-5.671930
3560.0000,-0.867439,-5.259223,-4.352410
3561.0000,0.634592,-7.699370,-3.155775
3562.0000,3.144276,-2.546713,-3.502333
3563.0000,6.569241,-2.090886,-1.450821
3564.0000,5.000250,-4.641146,-0.713257
3565.0000,2.525118,-1.698856,2.587872
3566.0000,4.329200,-1.290896,2.385235
3567.0000,2.780766,1.453948,2.380602
3568.0000,1.156310,3.718589,-0.073824
3569.0000,5.745725,6.415244,-0.591795
3570.0000,6.131750,6.732380,1.747628
3571.0000,6.069279,6.478336,2.500459
3572.0000,2.518603,7.028299,1.183282
3573.0000,4.191380,8.232361,0.252525
3574.0000,5.994663,8.743305,-2.157302
3575.0000,9.972944,6.872550,-2.555482
3576.0000,10.291699,4.480498,-2.472403
3577.0000,8.783784,3.577831,-1.693525
3578.0000,5.811780,4.353875,-0.959961
3579.0000,7.249061,0.714107,-2.693601
3580.0000,7.674535,1.425920,0.174508
3581.0000,3.581209,0.572014,-3.095722
3582.0000,4.396245,1.229277,-5.613263
3583.0000,9.094787,-0.169618,-6.460992
3584.0000,8.292079,-0.705980,-7.732935
3585.0000,5.979891,-1.214318,-8.047385
3586.0000,6.965673,-2.898641,-4.977564
3587.0000,2.505338,-3.910030,-6.177509
3588.0000,2.151387,-2.489398,-7.049638
3589.0000,0.880785,-3.057193,-5.839614
3590.0000,2.237106,-0.911345,-5.714133
3591.0000,1.473360,-0.476565,-7.019481
3592.0000,1.202142,-0.939504,-4.527639
3593.0000,0.075940,-0.456786,-6.724542
3594.0000,1.493739,-0.878637,-8.499741
3595.0000,0.477795,-4.358143,-7.400253
3596.0000,-0.943147,-3.676254,-4.686788
3597.0000,2.665288,-2.472841,-4.203341
3598.0000,-1.419693,-1.846415,-4.605754
3599.0000,-3.050335,-1.505853,-2.160782
3600.0000,-2.671870,-0.931769,-0.699568
3601.0000,-2.010992,-2.590280,-0.182610
3602.0000,-2.322207,-0.505774,3.280863
3603.0000,-0.602854,0.556799,1.206745
3604.0000,-1.530375,1.448718,0.218884
3605.0000,1.268851,1.695015,0.817034
3606.0000,0.687732,1.663487,0.593207
3607.0000,-0.081687,2.083476,2.459485
3608.0000,2.183730,0.885074,0.700418
3609.0000,3.942977,-2.576674,1.167336
3610.0000,7.329123,-2.857669,0.527738
3611.0000,9.127358,-3.985189,1.770941
3612.0000,12.400443,-5.997686,2.989283
3613.0000,12.993320,-6.760823,2.409331
3614.0000,13.679878,-5.551391,0.724935
3615.0000,11.616889,-1.513728,0.893277
3616.0000,12.319296,-1.566684,6.856567
3617.0000,13.222229,2.309503,1.925826
3618.0000,14.053647,1.324114,-1.747542
3619.0000,13.545143,1.387547,-0.839487
3620.0000,14.243018,4.152723,-1.277582
3621.0000,13.632862,3.818347,-1.817356
3622.0000,13.213742,4.027384,-3.337051
3623.0000,13.669831,3.061471,-8.321255
3624.0000,12.451366,3.251899,-9.789959
3625.0000,11.905037,4.426527,-7.607838
3626.0000,11.453954,0.980283,-9.429960
3627.0000,8.947103,-3.118912,-6.767237
3628.0000,7.248792,-5.701810,-7.595054
3629.0000,1.355861,-4.650049,-6.393581
3630.0000,3.328561,-6.689184,-5.339348
3631.0000,6.126486,-7.880834,-2.318634
3632.0000,6.249306,-6.735915,-0.547739
3633.0000,2.827182,-7.574630,-4.177990
3634.0000,2.084939,-5.356786,-3.499313
3635.0000,-0.608074,-4.318209,-3.107681
3636.0000,-2.806655,-3.527264,-2.652116
3637.0000,-0.862420,-4.973555,-1.910896
3638.0000,0.421566,-6.938487,-2.272654
3639.0000,-4.326597,-2.842998,-0.744766
3640.0000,-4.109914,-6.387968,2.759219
3641.0000,-4.288529,-5.923594,-1.189072
3642.0000,-3.540015,-9.069090,-0.905169
3643.0000,-7.727066,-9.150012,-0.131953
3644.0000,-8.803313,-12.430178,-1.713315
3645.0000,-8.416897,-13.605444,-1.162192
3646.0000,-6.979858,-10.922669,-2.266670
3647.0000,-5.239283,-12.083828,-2.343644
3648.0000,-5.327393,-13.182531,-2.662811
3649.0000,-7.823475,-15.201355,-1.897745
3650.0000,-6.749597,-15.267623,-3.167531
3651.0000,-4.048959,-16.232069,-6.542678
3652.0000,0.127896,-12.576782,-6.542774
3653.0000,-0.502421,-11.321769,-4.755175
3654.0000,0.792365,-12.178724,-2.656025
3655.0000,-0.700974,-10.274042,-2.492674
3656.0000,1.475923,-11.527001,-3.513843
3657.0000,-0.566210,-9.123777,-1.501388
3658.0000,-2.620649,-8.137894,0.968687
3659.0000,0.467977,-8.998348,-0.537332
3660.0000,0.689553,-6.798459,-2.138974
3661.0000,-3.003927,-5.864534,-0.822623
3662.0000,-3.304761,-4.675758,-2.923145
3663.0000,-9.216763,-2.094267,-2.398133
3664.0000,-8.271731,-3.133132,-3.774838
3665.0000,-6.666429,-1.551811,-5.821876
3666.0000,-8.744583,2.245222,-3.909667
3667.0000,-8.847691,0.340116,-7.590546
3668.0000,-9.799822,-1.958597,-3.591320
3669.0000,-9.421083,-2.033422,-8.606034
3670.0000,-8.272779,-3.405862,-5.623483
3671.0000,-10.183581,-5.550732,-6.817134
3672.0000,-7.537197,-4.278473,-8.309188
3673.0000,-5.861055,-3.998115,-6.838627
3674.0000,-4.090290,-2.621174,-4.623770
3675.0000,-4.806911,-5.460775,-6.232755
3676.0000,-4.380702,-2.679050,-7.793680
3677.0000,-8.167412,-2.275830,-9.961414
3678.0000,-9.194685,-0.532568,-8.707552
3679.0000,-9.004899,-0.534987,-10.923619
3680.0000,-7.156294,-1.075852,-6.539413
3681.0000,-9.363856,0.010436,-5.381508
3682.0000,-10.591119,-0.819660,-4.966250
3683.0000,-8.095274,-1.632679,-6.708806
3684.0000,-10.104332,-1.035412,-3.766534
3685.0000,-10.541290,-0.514283,-4.664391
3686.0000,-11.433122,0.324324,-1.911227
3687.0000,-12.170669,3.373218,-2.464237
3688.0000,-14.012886,0.528968,-1.910508
3689.0000,-11.527120,0.684101,-1.449794
3690.0000,-8.686729,0.276865,-2.984481
3691.0000,-8.133637,0.735431,-1.084009
3692.0000,-9.633037,0.999633,-3.645872
3693.0000,-7.584984,-0.825498,-3.747206
3694.0000,-5.382010,0.241312,-2.287208
3695.0000,-4.979960,0.478738,-2.299437
3696.0000,-7.474983,1.351659,-1.404962
3697.0000,-10.297374,-0.256964,-1.232042
3698.0000,-6.113078,-3.408411,-2.154474
3699.0000,-8.227899,0.749143,-3.975947
3700.0000,-7.772764,0.672615,-4.510902
3701.0000,-5.470769,-2.501568,1.539631
3702.0000,-6.875888,-4.024833,2.967142
3703.0000,-8.042410,-5.596588,4.076720
3704.0000,-7.566237,-7.365679,4.323617
3705.0000,-9.176783,-6.936098,4.991914
3706.0000,-7.252721,-7.859916,2.902822
3707.0000,-5.923473,-7.549132,0.938297
3708.0000,-6.180414,-6.019115,0.102952
3709.0000,-7.554963,-6.623031,2.254516
3710.0000,-4.426319,-5.740138,-0.730613
3711.0000,-5.254511,-5.280398,-0.187318
3712.0000,-3.895900,-5.328372,-0.426269
3713.0000,-5.628319,-6.570321,-0.817259
3714.0000,-6.716851,-8.017849,-2.128226
3715.0000,-5.608562,-6.474503,-4.209919
3716.0000,-5.701446,-5.909942,-0.664663
3717.0000,-6.242972,-4.917559,0.744732
3718.0000,-3.171762,-4.972247,2.353708
3719.0000,-4.874783,-7.582709,-1.949844
3720.0000,-7.536020,-7.127867,-0.411755
3721.0000,-9.892277,-7.377833,0.916932
3722.0000,-10.882221,-6.336370,-0.078992
3723.0000,-11.007727,-6.688124,-1.069347
3724.0000,-11.263162,-7.262212,-2.532301
3725.0000,-11.431302,-4.151795,-0.915766
3726.0000,-11.651912,-3.930154,-3.189348
3727.0000,-10.451723,-1.495085,-7.012708
3728.0000,-10.530605,-0.407011,-7.185903
3729.0000,-12.322954,-2.301415,-6.463799
3730.0000,-13.060240,-3.751479,-6.681635
3731.0000,-13.197364,-4.614110,-5.638177
3732.0000,-11.163881,-4.866474,-8.358338
3733.0000,-13.330883,-6.073600,-7.919299
3734.0000,-13.680483,-3.866486,-9.615819
3735.0000,-15.431376,-3.366150,-9.135628
3736.0000,-18.177533,-4.731830,-6.610757
3737.0000,-16.721196,-4.065282,-6.553056
3738.0000,-14.346108,-3.939808,-8.698350
3739.0000,-11.085686,-5.445261,-4.877828
3740.0000,-12.050603,-8.330020,-7.472801
3741.0000,-12.833078,-5.783019,-7.340182
3742.0000,-10.238148,-5.821103,-4.673757
3743.0000,-8.483351,-6.641909,-4.980873
3744.0000,-10.118646,-7.166584,-5.197693
3745.0000,-8.364204,-8.533449,-1.796273
3746.0000,-10.960853,-7.352865,-1.536905
3747.0000,-9.682719,-4.607034,-3.061122
3748.0000,-9.080998,-5.055955,-3.499574
3749.0000,-6.729711,-4.029133,-2.708729
3750.0000,-11.395796,-5.185949,0.350158
3751.0000,-15.760492,-6.263396,-1.000745
3752.0000,-15.516305,-3.633954,-1.850003
3753.0000,-12.120994,-7.224998,-2.093717
3754.0000,-9.689902,-6.521823,-2.914059
3755.0000,-7.327880,-3.997436,-5.253660
3756.0000,-4.172131,-3.083787,-2.927100
3757.0000,-5.190096,-5.193735,-4.417587
3758.0000,-5.078771,-3.096364,-6.821588
3759.0000,-5.335596,-1.223478,-8.467529
3760.0000,-8.784643,-1.924712,-10.304629
3761.0000,-8.028014,-3.806360,-9.699448
3762.0000,-5.386177,-1.304774,-11.872427
3763.0000,-6.730353,-1.208151,-15.379587
3764.0000,-6.400678,1.944531,-13.852167
3765.0000,-7.579195,0.564185,-10.728168
3766.0000,-8.199232,1.985391,-7.990732
3767.0000,-8.203335,-0.552540,-8.294269
3768.0000,-5.955639,-2.206157,-5.828719
3769.0000,-2.865150,-2.242000,-7.054513
3770.0000,-6.640324,-1.719707,-6.327501
3771.0000,-5.325905,-1.491675,-8.538943
3772.0000,-6.131959,-0.524418,-9.562092
3773.0000,-7.992903,1.785367,-11.439992
3774.0000,-9.464992,4.362054,-13.996685
3775.0000,-11.751227,4.842787,-13.701389
3776.0000,-12.471829,4.921477,-12.759489
3777.0000,-15.770700,3.029408,-11.699684
3778.0000,-15.910066,2.382143,-9.439058
3779.0000,-17.631743,1.421916,-8.234874
3780.0000,-13.713521,2.174577,-8.515911
3781.0000,-10.344749,4.755334,-6.612156
3782.0000,-14.262720,5.605130,-5.873673
3783.0000,-16.557707,5.884812,-5.260782
3784.0000,-16.070469,4.616587,-7.591026
3785.0000,-13.764982,7.726553,-9.165326
3786.0000,-15.229171,9.472337,-6.012613
3787.0000,-12.577602,9.767283,-4.387647
3788.0000,-16.286107,12.363489,-6.899070
3789.0000,-13.981271,12.183219,-6.113224
3790.0000,-14.555298,12.362690,-8.154044
3791.0000,-15.094398,12.030959,-8.653632
3792.0000,-14.599528,11.658729,-8.162644
3793.0000,-13.869109,12.376799,-6.813595
3794.0000,-11.524305,7.853956,-7.516955
3795.0000,-12.799660,6.639619,-7.897381
3796.0000,-10.630066,4.505393,-9.019754
3797.0000,-9.262931,6.224605,-9.412518
3798.0000,-9.434958,5.484840,-10.268849
3799.0000,-9.427963,9.300412,-7.774794
3800.0000,-5.082356,7.798067,-6.784970
3801.0000,-4.805785,3.705776,-6.362521
3802.0000,-3.727692,5.096900,-1.998293
3803.0000,-3.920609,7.246009,-0.093773
3804.0000,-6.227623,6.116971,-1.949497
3805.0000,-3.961519,1.937991,-4.978573
3806.0000,-5.249631,4.944719,-5.594584
3807.0000,-3.140949,3.028391,-7.698864
3808.0000,-3.646704,7.346137,-7.269384
3809.0000,-4.511948,9.255699,-6.688962
3810.0000,-4.656718,6.715659,-5.869397
3811.0000,-2.223318,4.649400,-4.138037
3812.0000,-1.336260,4.024214,-3.988849
3813.0000,-0.163801,7.179208,-4.248012
3814.0000,-2.762067,8.842175,-4.313780
3815.0000,-2.526396,9.326438,-4.461863
3816.0000,-2.656387,11.327532,-6.587527
3817.0000,-5.717823,11.285323,-7.453243
3818.0000,-3.856778,8.478703,-9.529824
3819.0000,-4.868777,11.790881,-11.026638
3820.0000,-5.743943,9.153614,-9.366386
3821.0000,-5.794641,6.491705,-7.384296
3822.0000,-6.716121,7.318885,-6.873256
3823.0000,-4.825985,7.996630,-11.869249
3824.0000,-8.559322,8.509903,-9.248857
3825.0000,-8.736815,8.398914,-8.410308
3826.0000,-9.864758,6.786179,-10.298073
3827.0000,-11.316978,3.767057,-13.854075
3828.0000,-14.264514,4.323014,-13.481605
3829.0000,-14.479776,5.195180,-12.971205
3830.0000,-14.281876,5.058653,-9.611376
3831.0000,-11.146353,3.563639,-9.961513
3832.0000,-8.853201,4.833044,-8.881426
3833.0000,-7.028997,5.239733,-11.317636
3834.0000,-4.661229,8.260720,-11.630966
3835.0000,-7.469042,6.817567,-12.044952
3836.0000,-7.733882,5.382550,-8.984140
3837.0000,-10.927257,5.880241,-10.163531
3838.0000,-12.976649,4.748759,-12.999360
3839.0000,-13.171651,5.302685,-9.810866
3840.0000,-15.266219,4.462614,-7.686496
3841.0000,-14.504288,5.496168,-6.989452
3842.0000,-12.504550,7.038100,-6.531693
3843.0000,-14.029055,11.079845,-5.277780
3844.0000,-16.714017,9.801434,-3.937936
3845.0000,-18.428442,7.493326,-2.307100
3846.0000,-14.314374,7.438401,-0.855887
3847.0000,-11.048091,5.836053,-0.211900
3848.0000,-11.305906,7.834879,3.009903
3849.0000,-11.378526,6.696692,4.354142
3850.0000,-9.191068,7.970995,1.867185
3851.0000,-11.105354,8.171354,0.617625
3852.0000,-9.903110,9.525181,-4.184903
3853.0000,-12.502636,9.259305,-1.207462
3854.0000,-12.343450,6.162918,0.306433
3855.0000,-10.587162,2.922151,-1.168086
3856.0000,-11.067675,5.440150,-1.938213
3857.0000,-13.794483,5.484615,-4.664807
3858.0000,-12.446396,6.254537,-3.942259
3859.0000,-12.397859,3.280012,-2.281997
3860.0000,-15.179929,6.124509,-1.393552
3861.0000,-12.992461,5.018737,1.517332
3862.0000,-14.919747,4.020974,0.354830
3863.0000,-14.286374,6.548314,0.362362
3864.0000,-11.383463,8.083922,0.305859
3865.0000,-10.823516,8.087748,0.327615
3866.0000,-13.112928,9.857670,2.570773
3867.0000,-9.374915,8.379969,2.026188
3868.0000,-8.837914,11.230800,4.960690
3869.0000,-9.624319,11.628184,3.284187
3870.0000,-12.383653,11.507437,1.018570
3871.0000,-9.038422,11.005766,0.866453
3872.0000,-5.810915,11.681207,2.336352
3873.0000,-4.808850,13.484627,2.284827
3874.0000,-1.379275,14.394414,3.073627
3875.0000,-0.344830,14.828043,1.948172
3876.0000,3.138705,14.880668,1.559432
3877.0000,1.553484,14.854820,1.148395
3878.0000,0.705964,15.021706,-0.150141
3879.0000,1.387020,14.379764,0.857994
3880.0000,0.770990,15.281618,-1.376674
3881.0000,-3.499559,15.898424,-0.717832
3882.0000,-8.742354,13.983298,-1.333363
3883.0000,-6.992666,12.253825,-0.735169
3884.0000,-3.823755,13.994157,-1.845000
3885.0000,-6.422680,12.534135,-6.116107
3886.0000,-5.646666,10.770348,-7.671693
3887.0000,-7.126566,12.824687,-9.492346
3888.0000,-6.574840,14.232578,-8.865286
3889.0000,-8.824320,13.789543,-10.858949
3890.0000,-10.887880,16.254049,-9.180098
3891.0000,-8.098978,16.239519,-8.937032
3892.0000,-9.549969,16.822699,-7.214856
3893.0000,-10.533772,13.180735,-4.933561
3894.0000,-9.200187,11.690106,-6.529740
3895.0000,-9.985580,12.729011,-3.800298
3896.0000,-10.187748,11.119514,-4.796194
3897.0000,-7.887215,11.577499,-6.026058
3898.0000,-6.922544,13.688861,-6.143834
3899.0000,-7.241208,10.920833,-3.645041
3900.0000,-7.199506,13.152371,-6.055053
3901.0000,-5.744849,13.778626,-6.461797
3902.0000,-9.525037,17.027091,-5.257545
3903.0000,-7.847770,14.951384,-5.851998
3904.0000,-8.244908,13.570154,-7.858346
3905.0000,-7.018028,12.956701,-6.734844
3906.0000,-6.802275,13.187342,-5.238390
3907.0000,-5.506836,9.797002,-6.887449
3908.0000,-8.868922,5.469624,-3.142719
3909.0000,-6.682077,3.704585,-4.087020
3910.0000,-7.438971,3.958895,-6.118547
3911.0000,-7.441965,3.763232,-8.152917
3912.0000,-8.417652,7.710741,-11.337902
3913.0000,-6.098616,8.918354,-13.679556
3914.0000,-6.034471,10.732324,-9.775912
3915.0000,-4.396298,11.628269,-10.571646
3916.0000,-7.079497,7.551955,-10.531488
3917.0000,-5.990100,5.250567,-12.091185
3918.0000,-5.969493,9.102524,-13.841504
3919.0000,-7.830304,8.756616,-13.208031
3920.0000,-7.413673,7.270026,-10.719091
3921.0000,-3.836924,9.385403,-13.139678
3922.0000,-0.852008,9.658875,-17.289099
3923.0000,-0.860567,9.126751,-16.810294
3924.0000,3.243967,11.478914,-16.252570
3925.0000,1.717573,12.104525,-13.633529
3926.0000,5.195740,10.299956,-9.741878
3927.0000,1.979076,10.185500,-10.066085
3928.0000,0.508643,10.258915,-11.275617
3929.0000,0.305983,10.069411,-11.412840
3930.0000,-5.162523,7.778423,-12.768432
3931.0000,-4.475117,8.296929,-14.394669
3932.0000,-1.561210,5.842307,-13.530199
3933.0000,-0.073092,5.394159,-12.460122
3934.0000,-3.119674,5.696718,-11.316940
3935.0000,-5.473041,2.194226,-8.799038
3936.0000,-6.678858,0.669893,-14.314374
3937.0000,-10.626575,-0.073835,-15.859810
3938.0000,-11.754681,1.371871,-17.773729
3939.0000,-9.905276,2.850971,-17.399391
3940.0000,-8.186035,0.572789,-17.754327
3941.0000,-4.761226,1.506444,-18.283802
3942.0000,-7.163609,-4.495128,-21.023503
3943.0000,-9.241521,-6.568458,-18.894143
3944.0000,-7.553321,-4.123101,-17.780811
3945.0000,-7.193224,-1.620640,-17.770532
3946.0000,-6.259150,-0.560448,-17.896753
3947.0000,-8.848385,-1.961427,-16.620373
3948.0000,-8.141636,-4.093108,-13.668800
3949.0000,-12.104106,-1.110622,-14.082233
3950.0000,-15.887341,-1.260084,-10.788220
3951.0000,-16.773034,-4.435333,-11.103087
3952.0000,-11.664931,-2.741516,-12.258063
3953.0000,-12.607000,-2.597546,-9.989603
3954.0000,-11.815892,-5.432866,-11.031327
3955.0000,-12.741468,-4.635652,-10.363755
3956.0000,-14.045464,-2.327573,-13.693579
3957.0000,-13.114746,-1.168348,-17.386487
3958.0000,-16.384022,-7.160481,-18.239965
3959.0000,-15.823672,-7.014573,-16.413972
3960.0000,-17.078606,-6.315584,-16.160163
3961.0000,-14.378542,-7.177152,-17.022635
3962.0000,-10.690454,-5.124876,-16.288298
3963.0000,-9.911017,-6.314699,-19.270929
3964.0000,-10.529183,-3.356665,-16.099382
3965.0000,-12.122347,-3.293984,-18.025874
3966.0000,-11.290401,-2.115229,-12.272248
3967.0000,-10.028038,1.131679,-12.218326
3968.0000,-7.939183,1.268705,-12.229122
3969.0000,-8.930097,2.315476,-12.171480
3970.0000,-10.724688,1.245159,-12.076609
3971.0000,-12.498253,-0.962865,-11.786638
3972.0000,-14.782802,1.356411,-11.823336
3973.0000,-12.037459,3.749831,-14.742154
3974.0000,-12.723751,1.671635,-17.194359
3975.0000,-10.386433,2.169522,-12.792876
3976.0000,-9.786357,-1.922742,-12.203381
3977.0000,-7.156358,-1.241301,-12.700729
3978.0000,-9.328801,-2.354972,-14.302006
3979.0000,-6.103731,-1.552908,-13.427600
3980.0000,-7.303778,-1.016828,-15.669027
3981.0000,-6.274933,0.757722,-17.228811
3982.0000,-7.053108,-0.935074,-17.389823
3983.0000,-5.420817,1.040290,-17.253157
3984.0000,-2.564950,2.485170,-16.637077
3985.0000,-2.268093,0.485995,-17.273778
3986.0000,-3.181259,1.641357,-16.050294
3987.0000,-1.882383,-0.969657,-14.336108
3988.0000,-0.166866,-1.242420,-16.551613
3989.0000,-2.667138,0.693809,-17.402646
3990.0000,-0.803188,0.233134,-15.074796
3991.0000,0.681191,2.071763,-14.243515
3992.0000,0.408061,1.129644,-14.198112
3993.0000,-1.708432,0.082159,-12.565098
3994.0000,-2.062563,-3.480507,-11.812008
3995.0000,-0.518868,-5.596148,-10.742996
3996.0000,-0.786638,-3.045009,-10.167715
3997.0000,-2.203213,-1.636879,-9.676613
3998.0000,-6.778997,-1.888317,-9.692027
3999.0000,-3.815940,0.905041,-10.563977
4000.0000,1.786593,-2.194631,-11.153400
4001.0000,-0.455122,-0.962323,-11.450797
4002.0000,-0.895279,-1.205918,-11.647251
4003.0000,-1.947316,-0.915936,-11.194096
4004.0000,-1.139719,-6.707295,-12.628217
4005.0000,-4.169364,-7.425387,-10.760707
4006.0000,-3.003562,-6.595965,-12.188570
4007.0000,-3.486673,-6.543638,-12.742751
4008.0000,-1.806014,-3.723815,-11.990867
4009.0000,-2.305011,-0.201108,-12.141314
4010.0000,-3.190108,-0.996563,-10.394869
4011.0000,-0.566573,-4.062739,-11.993235
4012.0000,1.090142,-2.919455,-13.420119
4013.0000,-1.719580,-3.964835,-11.213969
4014.0000,-1.927653,-4.431783,-13.334223
4015.0000,0.450354,-2.034782,-15.085670
4016.0000,0.969839,-2.001501,-15.953606
4017.0000,0.459206,-1.635962,-18.602318
4018.0000,0.456052,-4.921850,-18.841302
4019.0000,-3.204513,-5.105410,-18.842850
4020.0000,-4.262867,-3.499145,-18.201873
4021.0000,-2.818193,-1.396780,-17.990478
4022.0000,-6.013782,-1.137043,-17.751723
4023.0000,-7.489373,-2.642590,-17.067216
4024.0000,-7.504340,-5.726535,-16.220261
4025.0000,-7.209878,-6.290425,-13.450303
4026.0000,-7.301529,-4.084950,-13.107022
4027.0000,-4.530840,-7.334818,-11.876756
4028.0000,-2.966569,-5.675470,-10.415025
4029.0000,-0.510512,-5.269511,-13.880500
4030.0000,0.511126,-5.662869,-14.479057
4031.0000,1.542977,-6.263171,-11.753122
4032.0000,2.084656,-8.657312,-11.457594
4033.0000,5.685373,-8.647362,-12.469992
4034.0000,6.385695,-8.670908,-14.285622
4035.0000,6.936686,-11.327860,-12.326540
4036.0000,5.791015,-8.893371,-12.404886
4037.0000,1.543203,-10.425709,-13.248914
4038.0000,3.825194,-10.442027,-12.977349
4039.0000,2.748145,-14.113216,-19.495588
4040.0000,3.425262,-14.699256,-17.328100
4041.0000,5.243181,-14.396782,-17.260839
4042.0000,4.278060,-15.080145,-16.787889
4043.0000,7.404942,-13.331204,-14.779094
4044.0000,7.129595,-11.982219,-12.619491
4045.0000,6.159727,-13.049415,-12.523520
4046.0000,5.247768,-10.390700,-10.978814
4047.0000,5.818595,-12.186654,-7.067597
4048.0000,2.462358,-9.151076,-7.849379
4049.0000,1.704486,-6.152321,-5.957424
4050.0000,2.680559,-8.109125,-4.422012
4051.0000,-0.566012,-7.492461,-7.826885
4052.0000,0.197352,-4.564908,-11.513643
4053.0000,0.696338,-3.674342,-8.423608
4054.0000,-0.407352,-4.744619,-9.384210
4055.0000,-1.071771,-2.523154,-6.831482
4056.0000,-4.471187,-4.245135,-8.002067
4057.0000,-7.178806,-5.292596,-7.225096
4058.0000,-4.762918,-3.969670,-8.393880
4059.0000,-5.527896,-1.892904,-6.692885
4060.0000,-2.468329,-2.973939,-6.546847
4061.0000,-2.554588,-2.168315,-5.267780
4062.0000,-4.382709,-0.404843,-5.771370
4063.0000,-5.084227,2.827644,-8.831743
4064.0000,-6.380952,9.474547,-9.411694
4065.0000,-5.277496,6.015976,-11.425783
4066.0000,-9.164586,3.505164,-12.272390
4067.0000,-4.920799,4.033100,-12.635160
4068.0000,-6.861668,3.278325,-9.502389
4069.0000,-7.071803,-0.337236,-10.839969
4070.0000,-8.696982,2.114811,-11.565952
4071.0000,-8.621810,4.336873,-6.587951
4072.0000,-7.230493,8.054785,-10.665717
4073.0000,-10.096058,5.748662,-12.295539
4074.0000,-7.693578,7.740141,-13.063375
4075.0000,-4.603618,5.186021,-15.172296
4076.0000,-6.990059,4.586150,-15.909229
4077.0000,-4.565223,1.806570,-14.034168
4078.0000,-6.004040,1.149349,-18.137643
4079.0000,-7.279469,0.190568,-17.449311
4080.0000,-4.717925,2.260181,-16.625797
4081.0000,-0.904234,0.759015,-15.632802
4082.0000,0.221812,1.731556,-15.392981
4083.0000,1.647931,3.691697,-15.466621
4084.0000,2.805812,4.909923,-14.173332
4085.0000,2.465374,4.718405,-13.363664
4086.0000,4.186215,5.476985,-14.507162
4087.0000,3.678221,8.515985,-14.222981
4088.0000,1.391098,5.742819,-13.654416
4089.0000,-1.545340,5.357500,-13.070159
4090.0000,-0.645204,1.365204,-10.515569
4091.0000,0.115603,4.559143,-10.805774
4092.0000,-1.154624,6.230736,-8.360566
4093.0000,-2.893323,7.760667,-11.636775
4094.0000,-5.057148,5.077476,-10.284574
4095.0000,-5.530558,2.695264,-7.916786
4096.0000,-2.545374,0.693984,-8.217703
4097.0000,-4.709876,0.573451,-7.590083
4098.0000,-5.265089,1.423456,-10.015863
4099.0000,-6.455770,0.698924,-11.432346
4100.0000,-3.091069,-0.724283,-10.733048
4101.0000,-4.117359,-2.611333,-12.314411
4102.0000,-4.518269,-4.324089,-13.394597
4103.0000,0.092599,-8.727893,-18.886239
4104.0000,4.263682,-9.436115,-16.658631
4105.0000,-1.300102,-4.761085,-19.221835
4106.0000,-1.349350,-2.686723,-18.486494
4107.0000,-4.400756,-2.782429,-16.466530
4108.0000,-2.671873,1.121559,-16.922808
4109.0000,-0.994349,2.650195,-17.587268
4110.0000,-4.049115,2.300118,-14.929898
4111.0000,-6.017505,1.002301,-13.699215
4112.0000,-5.522549,3.053351,-13.907173
4113.0000,-4.048700,2.561416,-12.405853
4114.0000,-8.310785,3.422136,-16.918791
4115.0000,-7.712169,3.689085,-18.042094
4116.0000,-8.128760,0.424283,-19.360229
4117.0000,-9.214767,2.277600,-18.536158
4118.0000,-9.964198,7.654318,-19.895622
4119.0000,-11.494059,6.940429,-17.149433
4120.0000,-11.941126,0.812152,-16.199417
4121.0000,-11.594141,2.665182,-14.009510
4122.0000,-11.446398,0.477772,-14.976683
4123.0000,-9.638550,0.651242,-16.148806
4124.0000,-8.965477,0.806406,-16.859042
4125.0000,-10.385324,0.264919,-17.431169
4126.0000,-12.274364,-2.455633,-19.502646
4127.0000,-9.345093,-0.587138,-18.670311
4128.0000,-6.382445,0.333591,-14.332126
4129.0000,-6.402127,-2.812328,-11.126308
4130.0000,-6.470708,-1.886282,-13.300112
4131.0000,-9.331392,-3.157727,-14.881345
4132.0000,-11.225327,-1.414390,-14.827800
4133.0000,-11.410778,-4.745898,-12.143097
4134.0000,-9.705001,-4.181681,-8.585284
4135.0000,-10.100769,-4.444712,-10.451050
4136.0000,-7.770518,-5.883612,-13.833974
4137.0000,-10.641584,-4.262380,-16.685680
4138.0000,-8.419610,-3.127000,-19.233434
4139.0000,-11.595078,-1.665469,-17.246347
4140.0000,-11.673520,-3.136663,-16.042000
4141.0000,-9.712271,-6.957711,-17.141533
4142.0000,-12.796490,-6.881988,-15.029896
4143.0000,-12.571191,-7.247175,-17.723371
4144.0000,-12.322221,-7.139275,-19.253790
4145.0000,-13.416051,-9.283372,-22.804651
4146.0000,-11.888141,-5.176965,-21.853481
4147.0000,-12.841284,-4.716705,-23.273541
4148.0000,-12.636498,-4.666515,-22.477938
4149.0000,-14.057862,-4.341218,-25.167524
4150.0000,-13.887470,-4.287539,-25.925623
4151.0000,-13.078166,-5.818602,-20.356231
4152.0000,-11.974441,-8.606467,-23.252363
4153.0000,-10.691952,-8.976291,-18.982297
4154.0000,-8.636391,-7.987015,-17.640740
4155.0000,-5.451175,-5.556913,-19.194804
4156.0000,-2.843411,-1.454015,-20.940283
4157.0000,-2.230506,-1.679403,-19.984650
4158.0000,-3.970489,-3.818362,-20.479024
4159.0000,-4.418049,-4.106563,-19.735835
4160.0000,-2.887187,-2.826545,-18.756145
4161.0000,-3.574616,-0.540852,-19.132817
4162.0000,-4.594564,0.645794,-19.087469
4163.0000,-2.596668,0.419229,-15.673820
4164.0000,-3.965605,0.043489,-12.760304
4165.0000,-4.589010,-2.633282,-11.690060
4166.0000,-1.611492,-1.114839,-15.727283
4167.0000,-5.166173,-0.239505,-17.240335
4168.0000,-2.988096,-0.824060,-14.803948
4169.0000,-2.121052,-1.617192,-15.362389
4170.0000,-1.607066,-2.768129,-17.358546
4171.0000,-3.695515,-4.284917,-17.204893
4172.0000,0.061592,-3.409318,-16.641621
4173.0000,-0.790618,-3.379351,-14.980485
4174.0000,-1.312523,-5.385893,-14.581165
4175.0000,-2.852804,-4.406250,-12.764974
4176.0000,-3.641216,-2.300194,-14.687225
4177.0000,-5.942946,0.114527,-15.957944
4178.0000,-7.096351,1.060585,-15.636259
4179.0000,-2.507155,1.057008,-14.577826
4180.0000,-2.706059,1.682059,-16.089987
4181.0000,-2.046227,2.965535,-14.181059
4182.0000,-1.945267,1.402600,-11.768829
4183.0000,0.238148,3.152859,-13.130179
4184.0000,-0.545108,2.935410,-14.453486
4185.0000,0.071163,0.866081,-13.741824
4186.0000,0.676495,3.747873,-13.411067
4187.0000,2.072057,2.904875,-15.115818
4188.0000,0.122086,2.131248,-11.147079
4189.0000,-2.919448,-1.223853,-14.124909
4190.0000,-2.326074,-2.242046,-15.121957
4191.0000,0.737356,-3.386418,-14.665499
4192.0000,1.401361,-1.727043,-13.163474
4193.0000,-0.065604,-3.518571,-13.194749
4194.0000,-0.682350,-5.759514,-12.317404
4195.0000,0.292103,-7.604770,-11.811315
4196.0000,-0.255094,-7.605790,-12.934704
4197.0000,6.495987,-8.923429,-12.348152
4198.0000,5.549249,-9.630094,-10.999674
4199.0000,5.433995,-9.401033,-10.715326
4200.0000,3.381531,-6.669450,-7.953549
4201.0000,2.000981,-5.489734,-7.007331
4202.0000,0.176840,-6.588431,-5.977170
4203.0000,-1.142235,-6.222251,-5.273015
4204.0000,-2.523845,-3.592892,-5.373046
4205.0000,-4.757670,-6.297380,-5.354495
4206.0000,-2.031675,-7.264051,-6.058161
4207.0000,-0.339257,-5.337909,-4.406874
4208.0000,3.815830,-5.207176,-2.455806
4209.0000,4.734158,-4.468154,-4.384376
4210.0000,5.752569,-2.546307,-6.551837
4211.0000,4.829325,-4.737915,-7.136747
4212.0000,3.803968,-5.826476,-5.940257
4213.0000,4.289734,-2.842952,-7.812164
4214.0000,5.853453,-4.300054,-7.350242
4215.0000,4.450684,-8.363114,-7.580319
4216.0000,9.360566,-4.641617,-9.431033
4217.0000,10.656889,-10.195985,-8.759507
4218.0000,9.026037,-10.584450,-8.299726
4219.0000,8.398869,-12.666416,-9.320929
4220.0000,8.099998,-13.583552,-4.866978
4221.0000,8.540255,-14.008151,-8.179641
4222.0000,10.992488,-12.752009,-7.275971
4223.0000,11.907283,-11.607520,-7.895808
4224.0000,9.346027,-11.693492,-5.976839
4225.0000,6.980624,-11.133872,-5.432793
4226.0000,3.323319,-8.803891,-4.194363
4227.0000,4.937007,-8.880627,-1.512188
4228.0000,5.438372,-8.900115,1.078005
4229.0000,6.739204,-8.449965,-0.496119
4230.0000,6.105779,-7.324373,-2.547086
4231.0000,3.482045,-6.270061,-2.505043
4232.0000,2.595033,-3.092490,-3.254311
4233.0000,2.551606,-0.871737,-2.643280
4234.0000,0.402439,-0.536442,-5.066032
4235.0000,4.331708,-2.116485,-4.251577
4236.0000,3.365975,-1.096496,-1.722109
4237.0000,6.010176,-4.724434,-3.455065
4238.0000,9.120705,-4.897376,-3.164388
4239.0000,9.159028,-5.330770,-4.105618
4240.0000,8.197618,-5.956262,-5.832440
4241.0000,7.962260,-2.062200,-2.496023
4242.0000,8.615529,-2.517096,-0.588123
4243.0000,8.227171,-4.715170,0.395768
4244.0000,4.723238,-4.785854,4.279634
4245.0000,2.718154,-5.813658,2.696470
4246.0000,3.204848,-5.873679,1.083698
4247.0000,3.681253,-5.661128,0.232818
4248.0000,4.762977,-7.879219,-0.768827
4249.0000,3.910159,-7.550014,-1.966989
4250.0000,2.631656,-11.140398,-2.256136
4251.0000,3.309759,-10.217499,-1.836321
4252.0000,4.772923,-7.018718,-4.741739
4253.0000,5.781052,-4.982429,-3.043457
4254.0000,0.896029,-3.523254,-5.493226
4255.0000,-0.713587,-5.569071,-7.376346
4256.0000,1.742850,-4.431703,-11.204761
4257.0000,1.304566,-3.200754,-11.374171
4258.0000,5.846967,-1.708524,-9.737950
4259.0000,5.916370,-4.770759,-11.245477
4260.0000,3.833972,-8.814452,-12.905116
4261.0000,2.151472,-9.413236,-10.658823
4262.0000,3.118156,-11.070117,-7.653807
4263.0000,1.089583,-11.932336,-6.372093
4264.0000,0.515619,-11.713235,-4.727569
4265.0000,0.016755,-10.700780,-6.366952
4266.0000,1.213462,-9.494385,-5.400154
4267.0000,1.104212,-9.253436,-6.317570
4268.0000,3.354570,-6.400683,-9.706198
4269.0000,2.433417,-3.652398,-10.839353
4270.0000,2.336403,-3.511631,-9.894306
4271.0000,-5.036042,-3.581437,-11.008603
4272.0000,-7.138933,-3.351494,-11.355402
4273.0000,-6.149417,-0.288094,-9.313882
4274.0000,-5.951898,-0.014356,-9.522044
4275.0000,-6.483073,-1.326345,-8.690336
4276.0000,-10.350759,1.793138,-9.658556
4277.0000,-9.815493,2.378745,-11.278064
4278.0000,-12.576307,2.847496,-15.922744
4279.0000,-11.700653,-2.633174,-12.991102
4280.0000,-12.760091,-4.497594,-13.893177
4281.0000,-9.690894,-2.714306,-12.999879
4282.0000,-6.991175,-3.471488,-15.271686
4283.0000,-7.713973,-3.602289,-14.894774
4284.0000,-7.464474,-6.328748,-10.846375
4285.0000,-10.091223,-5.158165,-9.447436
4286.0000,-6.768765,-5.362982,-7.704191
4287.0000,-8.573277,-5.205504,-5.813637
4288.0000,-7.381551,-3.930262,-5.480361
4289.0000,-7.096487,-4.678269,-3.171142
4290.0000,-8.604739,-1.886321,-2.075944
4291.0000,-6.549164,-0.750212,-2.223499
4292.0000,-7.361573,-3.777800,-2.617012
4293.0000,-9.259732,-1.583267,-5.271432
4294.0000,-7.254189,-3.181827,-5.551690
4295.0000,-6.568432,-4.451377,-6.317823
4296.0000,-3.079619,-5.796889,-6.556508
4297.0000,-3.434555,-4.806845,-5.782689
4298.0000,-3.182795,-6.382726,-5.950157
4299.0000,-2.814081,-8.218607,-5.402331
4300.0000,-0.512540,-7.330391,-7.427900
4301.0000,1.008811,-7.313808,-11.610360
4302.0000,-4.590430,-5.051706,-11.380738
4303.0000,-1.525518,-7.988433,-10.948879
4304.0000,1.037875,-8.287309,-9.068020
4305.0000,-0.363185,-7.083785,-10.449547
4306.0000,0.710722,-7.064267,-6.272004
4307.0000,-0.866261,-5.091350,-6.191124
4308.0000,-3.274884,-6.642809,-3.304100
4309.0000,-4.104882,-7.345864,-5.689462
4310.0000,-5.885459,-7.330780,-6.949015
4311.0000,-5.015550,-6.727918,-5.337302
4312.0000,-2.632900,-8.825033,-4.923553
4313.0000,-3.664066,-9.924666,-2.989385
4314.0000,-2.336603,-9.034774,-1.722854
4315.0000,-0.762264,-9.817339,-0.582723
4316.0000,-0.476092,-10.863787,0.224734
4317.0000,-5.112282,-10.921095,-0.901576
4318.0000,-3.669379,-13.993008,0.974792
4319.0000,0.851549,-11.547457,0.223358
4320.0000,-0.838166,-10.491875,0.203380
4321.0000,-1.717034,-14.125655,-1.454431
4322.0000,0.102981,-12.678061,3.154887
4323.0000,-1.827757,-12.535759,2.890383
4324.0000,-4.777526,-9.938837,3.815359
4325.0000,-6.629432,-12.799100,3.789926
4326.0000,-3.478877,-13.108514,4.230266
4327.0000,-3.663570,-15.662751,4.588259
4328.0000,-4.586014,-18.235507,3.072994
4329.0000,-7.641590,-18.469874,4.746521
4330.0000,-5.734229,-16.575480,6.181905
4331.0000,-3.837932,-14.198386,10.009686
4332.0000,-3.655925,-15.288901,7.634339
4333.0000,-3.475741,-16.753457,9.287067
4334.0000,-3.558519,-13.851422,9.968831
4335.0000,-4.251434,-15.966098,7.926836
4336.0000,-2.636429,-15.166611,7.741344
4337.0000,-0.200589,-15.479942,8.415000
4338.0000,-1.997075,-16.441138,7.440397
4339.0000,2.485952,-17.804062,6.834383
4340.0000,3.708295,-19.666047,6.544313
4341.0000,5.516817,-16.704125,6.809317
4342.0000,7.181283,-16.132846,4.752226
4343.0000,10.799403,-12.155562,2.970360
4344.0000,8.715287,-8.900920,5.036458
4345.0000,7.211637,-6.842384,4.815879
4346.0000,8.670949,-8.494330,2.972558
4347.0000,7.833234,-7.796687,3.738621
4348.0000,4.052202,-8.884241,-0.632791
4349.0000,4.241080,-8.183580,0.772369
4350.0000,4.345313,-9.568715,2.378516
4351.0000,0.956995,-8.628119,-0.767036
4352.0000,0.215889,-7.691084,-2.106850
4353.0000,-2.557278,-3.023285,2.371495
4354.0000,-1.629882,-3.034807,-1.589452
4355.0000,-4.243027,-4.107894,-5.074777
4356.0000,-5.063648,-5.966811,-4.134369
4357.0000,-9.511661,-7.335134,-3.586748
4358.0000,-9.625852,-12.067799,-2.915360
4359.0000,-9.489003,-11.335076,-5.218072
4360.0000,-7.986140,-6.717388,-3.181546
4361.0000,-8.164131,-12.575826,-5.094125
4362.0000,-7.770376,-11.121487,-5.578960
4363.0000,-5.504211,-13.259872,-3.822663
4364.0000,-5.996376,-15.157078,1.054959
4365.0000,-1.846584,-14.534350,0.117559
4366.0000,-2.561592,-14.732209,-1.437537
4367.0000,-3.704653,-16.229319,0.680109
4368.0000,-6.835660,-13.265748,2.535249
4369.0000,-7.023170,-16.563346,1.820550
4370.0000,-7.490489,-15.371082,2.792634
4371.0000,-8.354331,-13.127939,0.377145
4372.0000,-9.513107,-12.381677,-2.348619
4373.0000,-10.987151,-16.292351,-5.181879
4374.0000,-9.097384,-12.690707,-2.047788
4375.0000,-9.517846,-14.138975,0.290585
4376.0000,-8.497797,-10.298647,0.709421
4377.0000,-10.621988,-11.315240,-0.575177
4378.0000,-9.191645,-14.839926,-2.090748
4379.0000,-9.173221,-13.846660,-3.374434
4380.0000,-11.250563,-12.418083,-3.470422
4381.0000,-12.377967,-11.429102,-8.231574
4382.0000,-8.714750,-9.197273,-9.396839
4383.0000,-8.335065,-8.517102,-11.277669
4384.0000,-3.967339,-11.638317,-12.660292
4385.0000,-6.531940,-12.620565,-10.127418
4386.0000,-7.970773,-15.357837,-9.328909
4387.0000,-11.376799,-13.689151,-7.826913
4388.0000,-9.094472,-18.717734,-8.968289
4389.0000,-8.055150,-17.531145,-6.393506
4390.0000,-3.157788,-15.156883,-5.616917
4391.0000,-7.515330,-15.205497,-6.177331
4392.0000,-7.517848,-15.205420,-6.577491
4393.0000,-7.547422,-14.777918,-5.706195
4394.0000,-6.088777,-12.697656,-7.071603
4395.0000,-4.770989,-8.978263,-6.127494
4396.0000,-5.947970,-11.715791,-7.664400
4397.0000,-7.104749,-11.224877,-6.730208
4398.0000,-5.528948,-11.549990,-6.456109
4399.0000,-3.648570,-9.145314,-6.841213
4400.0000,-4.566598,-7.180239,-3.108457
4401.0000,-2.185640,-10.109893,-5.891385
4402.0000,-1.979800,-10.279234,-5.607160
4403.0000,2.083032,-10.809350,-3.505150
4404.0000,4.181214,-11.607039,-4.507112
4405.0000,7.123162,-8.477707,-6.600586
4406.0000,6.392092,-9.820207,-6.389745
4407.0000,4.930755,-5.263183,-5.266502
4408.0000,1.506194,-5.998284,-5.578725
4409.0000,1.312160,-7.805751,-10.022162
4410.0000,0.128242,-10.525628,-8.810495
4411.0000,-0.353260,-11.242985,-6.659600
4412.0000,-2.184921,-12.082390,-6.205948
4413.0000,-0.789458,-17.031357,-8.396379
4414.0000,1.075937,-17.345411,-8.648596
4415.0000,1.782748,-18.308154,-6.927162
4416.0000,2.599340,-18.772096,-8.569775
4417.0000,1.055219,-18.903544,-6.508541
4418.0000,-1.402197,-20.552791,-4.736111
4419.0000,-2.833727,-20.870103,-1.191777
4420.0000,-4.771244,-19.143211,-0.099845
4421.0000,-5.851987,-20.899198,-1.451538
4422.0000,-7.465213,-22.479287,-0.830356
4423.0000,-5.953728,-22.415098,-1.196778
4424.0000,-2.583175,-21.728286,1.377201
4425.0000,-2.485142,-22.362136,-0.188262
4426.0000,3.660925,-18.818482,-1.287485
4427.0000,1.630110,-20.718099,-3.591181
4428.0000,3.458499,-16.551923,-4.387803
4429.0000,1.943707,-16.388836,-4.428499
4430.0000,1.176292,-14.231158,-1.413577
4431.0000,1.524129,-14.338874,-1.328212
4432.0000,0.447989,-15.192223,0.232077
4433.0000,-1.024551,-18.944919,-0.925437
4434.0000,-3.278063,-20.852602,-2.292581
4435.0000,-4.598307,-23.094847,-1.005063
4436.0000,-5.656114,-24.588723,-0.963973
4437.0000,-7.036258,-23.585126,-0.694556
4438.0000,-10.152236,-22.624023,-1.799062
4439.0000,-8.049581,-22.079116,-0.519481
4440.0000,-6.185240,-21.818380,-0.547653
4441.0000,-6.910211,-23.726174,1.710002
4442.0000,-9.130847,-25.584373,0.951810
4443.0000,-8.234299,-25.562348,-1.234584
4444.0000,-6.643799,-22.655008,-0.205879
4445.0000,-7.720838,-22.946338,-2.754032
4446.0000,-7.342731,-22.790258,-3.148227
4447.0000,-3.402246,-22.871240,-5.113303
4448.0000,-3.975615,-23.400233,-4.459027
4449.0000,1.877670,-19.887160,-3.114098
4450.0000,1.146138,-20.983820,0.377193
4451.0000,0.802439,-19.756988,2.325020
4452.0000,2.192411,-18.129924,-0.094060
4453.0000,0.553339,-18.037529,0.749189
4454.0000,5.272000,-16.210705,0.145876
4455.0000,2.325381,-13.365460,-0.251490
4456.0000,0.722317,-13.441523,-0.850691
4457.0000,1.482840,-13.594990,-2.400035
4458.0000,1.999423,-14.712634,-2.369827
4459.0000,0.044169,-15.185496,-1.695199
4460.0000,0.489675,-16.047807,-5.785449
4461.0000,-2.829890,-16.043735,-8.919698
4462.0000,-1.064540,-15.962068,-8.805141
4463.0000,0.164197,-16.482383,-7.942536
4464.0000,0.915098,-18.545304,-5.573481
4465.0000,-1.969294,-18.034350,-1.348746
4466.0000,-0.154800,-19.205052,-0.708516
4467.0000,2.713658,-18.283592,-1.030331
4468.0000,1.974879,-17.968979,-5.715357
4469.0000,4.827283,-16.112835,-4.915253
4470.0000,8.830456,-13.061457,-0.940352
4471.0000,8.487210,-12.320620,-1.474698
4472.0000,9.271267,-11.341225,0.645810
4473.0000,7.636102,-13.548001,-1.536646
4474.0000,7.327253,-14.406140,-2.038457
4475.0000,6.133338,-13.462464,-1.992145
4476.0000,7.771137,-12.640374,-0.990647
4477.0000,8.866225,-17.174581,0.418433
4478.0000,8.731031,-13.761270,-0.182643
4479.0000,12.676578,-12.802098,-2.478282
4480.0000,12.126072,-12.492283,-1.770045
4481.0000,13.065161,-11.834563,0.667913
4482.0000,8.777288,-15.100128,-0.363656
4483.0000,7.013191,-21.335721,-0.024865
4484.0000,6.186354,-22.393753,4.616624
4485.0000,7.368026,-20.231239,6.670218
4486.0000,8.692603,-24.212391,6.918283
4487.0000,10.078784,-21.740506,6.001042
4488.0000,7.848616,-22.029533,4.356948
4489.0000,5.689335,-22.019994,4.593303
4490.0000,6.123890,-21.565723,4.962267
4491.0000,5.110125,-19.420897,0.898157
4492.0000,2.912998,-20.300867,-0.332151
4493.0000,1.704431,-19.017699,-1.088672
4494.0000,2.376014,-17.295760,1.360967
4495.0000,6.847536,-17.789087,-1.167614
4496.0000,9.355653,-16.278673,-4.842479
4497.0000,6.981556,-15.224486,-2.940218
4498.0000,5.636045,-19.868784,-3.594050
4499.0000,7.021003,-18.019001,-5.123713
4500.0000,7.037629,-20.863662,-3.945899
4501.0000,7.181024,-22.174481,0.292433
4502.0000,5.562790,-20.378370,6.164019
4503.0000,6.143622,-23.061506,7.093362
4504.0000,8.139675,-21.785349,8.451281
4505.0000,5.737319,-20.322972,12.986917
4506.0000,7.809690,-20.468482,12.887914
4507.0000,7.792002,-17.500857,11.395174
4508.0000,9.322845,-17.697301,10.798401
4509.0000,6.023513,-17.474831,11.181844
4510.0000,7.849955,-15.673038,12.496375
4511.0000,9.052148,-15.677898,12.434515
4512.0000,10.599143,-14.110432,13.755057
4513.0000,7.760430,-12.899606,11.777082
4514.0000,6.136230,-12.539911,12.277553
4515.0000,5.548701,-13.864539,11.704865
4516.0000,9.161968,-10.570042,8.974503
4517.0000,6.627804,-9.068716,12.573822
4518.0000,4.401308,-4.357261,10.726975
4519.0000,1.024241,-6.473658,10.868606
4520.0000,3.107530,-2.122331,14.876914
4521.0000,6.179515,-3.500844,14.570238
4522.0000,5.980953,-1.270281,12.767625
4523.0000,7.746464,-2.303016,9.958239
4524.0000,7.486961,-2.264601,10.484904
4525.0000,5.929153,0.060168,7.443463
4526.0000,5.928554,0.118022,3.658656
4527.0000,4.119255,1.807663,9.229042
4528.0000,3.473746,1.176876,7.751976
4529.0000,1.727705,2.597941,4.289387
4530.0000,2.759410,2.432783,4.129577
4531.0000,2.422467,2.436430,7.833803
4532.0000,2.055314,3.825281,6.250163
4533.0000,1.217536,2.872497,7.919945
4534.0000,2.161422,0.287582,8.883046
4535.0000,1.554001,-1.961499,10.342394
4536.0000,0.521212,-2.611078,11.691707
4537.0000,1.012226,-7.149634,12.572520
4538.0000,2.407861,-9.304077,11.853672
4539.0000,2.554717,-10.186456,15.189725
4540.0000,0.919736,-11.030728,15.887074
4541.0000,0.408565,-9.051827,16.250277
4542.0000,1.097892,-8.499068,16.970663
4543.0000,1.243253,-8.604596,14.064571
4544.0000,3.045681,-10.485455,14.226153
4545.0000,3.164505,-8.308881,10.730042
4546.0000,-1.175085,-10.105984,9.151373
4547.0000,-2.645743,-11.350471,9.208825
4548.0000,-1.343184,-10.570444,8.539114
4549.0000,-0.527329,-10.137478,8.836230
4550.0000,0.789393,-7.287936,14.363322
4551.0000,3.022981,-4.781192,17.325828
4552.0000,5.021436,-5.754616,15.515091
4553.0000,7.872628,-7.869525,13.590506
4554.0000,6.666472,-10.282016,14.040412
4555.0000,4.816152,-11.274934,11.938646
4556.0000,2.069746,-11.733256,13.191518
4557.0000,2.093205,-15.318675,11.776470
4558.0000,1.316660,-16.103711,12.823689
4559.0000,0.768346,-15.670391,8.760817
4560.0000,1.207676,-16.878096,10.349599
4561.0000,3.207651,-16.295299,9.462623
4562.0000,2.398570,-16.698024,9.012584
4563.0000,3.580139,-19.454474,7.938722
4564.0000,4.178464,-19.815450,8.389839
4565.0000,7.923040,-15.525011,10.098864
4566.0000,3.945664,-17.741422,5.995790
4567.0000,6.654238,-16.991003,5.711191
4568.0000,8.744028,-14.629713,4.092169
4569.0000,7.560201,-12.381955,2.627693
4570.0000,4.961851,-15.667774,0.904055
4571.0000,5.170206,-13.357120,2.416329
4572.0000,10.047564,-10.971020,2.667639
4573.0000,10.839903,-6.884532,2.516518
4574.0000,9.093383,-7.846886,3.726820
4575.0000,7.845678,-5.961269,5.114339
4576.0000,8.257481,-7.245412,6.322984
4577.0000,8.693644,-9.007432,4.806699
4578.0000,8.448432,-9.423201,4.515063
4579.0000,4.795535,-5.891922,5.516841
4580.0000,0.819583,-2.865183,5.643015
4581.0000,1.109894,-3.108334,4.622018
4582.0000,-0.885412,-5.029295,4.603813
4583.0000,-2.841955,-4.751931,7.838946
4584.0000,-3.104776,-5.108166,8.919872
4585.0000,-1.954661,-6.989983,10.298615
4586.0000,-2.945981,-10.226101,7.989402
4587.0000,-3.612399,-10.612379,7.087584
4588.0000,-2.235953,-9.042742,5.991253
4589.0000,-5.967281,-11.382518,5.849119
4590.0000,-7.321138,-10.843771,8.099324
4591.0000,-5.921264,-12.134121,4.661596
4592.0000,-4.173440,-11.383637,4.872291
4593.0000,-6.327914,-11.399440,6.473816
4594.0000,-8.190286,-11.935651,5.686103
4595.0000,-7.155460,-12.498025,5.134577
4596.0000,-8.588723,-10.336972,6.053822
4597.0000,-10.474220,-6.213797,4.797587
4598.0000,-11.537820,-10.190230,7.190754
4599.0000,-12.941384,-10.450444,5.057823
4600.0000,-9.908330,-7.343839,3.908450
4601.0000,-10.107224,-7.232232,3.412413
4602.0000,-7.966705,-9.017659,0.592629
4603.0000,-6.612200,-12.054238,2.691307
4604.0000,-9.849460,-13.454981,4.159421
4605.0000,-12.384218,-12.656433,5.773665
4606.0000,-14.540164,-13.081706,4.892222
4607.0000,-13.135914,-11.553172,5.769201
4608.0000,-13.055382,-11.097593,6.962939
4609.0000,-14.545573,-13.470462,6.180734
4610.0000,-15.234306,-17.526734,6.757763
4611.0000,-16.421521,-15.915177,5.088834
4612.0000,-17.163563,-18.145335,3.774301
4613.0000,-14.803552,-16.419837,3.371380
4614.0000,-16.013204,-17.168250,2.365843
4615.0000,-15.756729,-17.056274,2.749720
4616.0000,-15.365486,-14.548620,2.531349
4617.0000,-16.187884,-17.690127,1.709350
4618.0000,-15.624642,-14.366601,-1.212289
4619.0000,-14.539554,-12.680645,-4.487283
4620.0000,-15.270124,-10.988768,-1.716126
4621.0000,-16.918995,-7.908921,-2.117658
4622.0000,-12.529364,-7.445985,-5.479000
4623.0000,-10.395266,-6.574925,-3.370258
4624.0000,-8.441434,-7.447513,-1.793867
4625.0000,-6.578921,-8.441077,-2.474426
4626.0000,-6.048318,-8.353228,-1.104267
4627.0000,-5.198973,-6.241901,-2.540113
4628.0000,-4.915301,-9.389009,-1.062825
4629.0000,-3.941174,-7.864209,-1.843308
4630.0000,-6.825815,-5.015772,-2.235955
4631.0000,-3.409478,-5.860131,-3.261420
4632.0000,0.673947,-6.515930,-1.015098
4633.0000,1.387832,-7.862462,0.547076
4634.0000,-0.463231,-5.405854,-0.316331
4635.0000,-0.327214,-5.735478,-1.321224
4636.0000,-1.442541,-5.379470,1.431718
4637.0000,-1.097174,-3.472020,0.975573
4638.0000,-0.326903,-5.260027,2.297776
4639.0000,1.325724,-4.600155,1.903418
4640.0000,0.854940,-2.572348,4.411679
4641.0000,-2.499993,-3.698212,6.362537
4642.0000,-3.444805,-1.124293,5.219067
4643.0000,-5.713582,-5.885791,3.396518
4644.0000,-6.867805,-5.945896,1.584269
4645.0000,-3.509514,-6.613600,0.629889
4646.0000,-2.380100,-8.037190,1.587172
4647.0000,-1.773612,-8.676471,3.243136
4648.0000,-3.730116,-7.320580,2.277468
4649.0000,-4.255332,-6.484768,2.247975
4650.0000,-4.475111,-3.119522,2.660076
4651.0000,-4.661503,-3.012629,-0.094309
4652.0000,0.910388,-1.019800,-2.022896
4653.0000,-1.258125,-1.263378,-2.704184
4654.0000,-2.395883,0.642702,-1.525090
4655.0000,-4.930425,1.072551,-1.933879
4656.0000,-6.664102,-1.511811,0.201363
4657.0000,-6.239783,-2.601065,-0.842020
4658.0000,-5.586265,-2.212639,-5.706732
4659.0000,-6.013914,1.403352,-5.713884
4660.0000,-7.297671,2.088678,-5.682751
4661.0000,-5.531282,1.567398,-3.841967
4662.0000,-5.405619,-3.135931,-6.438939
4663.0000,-8.799199,-1.949901,-7.124155
4664.0000,-7.872595,-0.984146,-3.192757
4665.0000,-7.221258,-0.615835,-5.382462
4666.0000,-6.937336,-3.186255,-5.107662
4667.0000,-3.651960,-4.890728,-6.150375
4668.0000,-6.305758,-7.516424,-4.922101
4669.0000,-5.386538,-8.480692,-5.443804
4670.0000,-4.389699,-10.680944,-5.837464
4671.0000,-5.417492,-12.171809,-6.135319
4672.0000,-3.606895,-11.769893,-6.117810
4673.0000,-2.727533,-11.653044,-6.751811
4674.0000,-2.250385,-11.468325,-3.110045
4675.0000,1.716805,-11.756722,-3.053543
4676.0000,-1.942901,-13.555532,-2.819687
4677.0000,-2.587665,-13.815667,-1.383717
4678.0000,-2.190673,-13.605767,-1.478187
4679.0000,-2.203543,-10.640979,-0.139137
4680.0000,-2.123452,-9.015304,0.596597
4681.0000,0.540327,-9.461786,-2.721392
4682.0000,-0.596344,-9.479653,-0.272999
4683.0000,2.010591,-4.701624,-0.806968
4684.0000,0.820233,-6.245027,1.449267
4685.0000,-0.822025,-7.209698,0.232422
4686.0000,-0.754175,-7.069725,-0.784191
4687.0000,2.856561,-6.067839,3.127049
4688.0000,4.186835,-2.283968,4.468204
4689.0000,4.377834,-1.533931,7.407805
4690.0000,3.203004,-2.550916,8.382905
4691.0000,-0.193857,-4.346016,10.004200
4692.0000,0.652705,-5.857207,8.162927
4693.0000,-2.349794,-3.428505,4.702769
4694.0000,0.392734,-6.583887,6.101213
4695.0000,3.599305,-7.681514,4.798666
4696.0000,1.677360,-6.428759,8.449723
4697.0000,3.492390,-7.089528,5.569185
4698.0000,0.715331,-6.266035,6.494454
4699.0000,-0.926344,-11.850300,3.423332
4700.0000,-0.593075,-11.042966,6.677705
4701.0000,-1.784095,-10.970006,7.220516
4702.0000,2.350910,-11.918077,8.915151
4703.0000,2.448695,-13.146759,10.845526
4704.0000,3.936760,-13.752341,8.523427
4705.0000,1.223198,-13.559370,7.407350
4706.0000,-0.106942,-14.542760,6.748049
4707.0000,3.402849,-14.717987,9.855580
4708.0000,2.002188,-15.035609,10.899081
4709.0000,3.653993,-13.457615,10.240945
4710.0000,4.133781,-9.680962,8.813940
4711.0000,3.611696,-10.621515,11.097460
4712.0000,2.560487,-13.414095,10.006967
4713.0000,4.557133,-14.966597,8.735209
4714.0000,1.881378,-15.765263,10.153610
4715.0000,2.273678,-16.798957,10.206757
4716.0000,0.169655,-14.784426,7.291827
4717.0000,-1.679848,-13.805167,5.406862
4718.0000,-2.981080,-14.497330,5.032677
4719.0000,-2.974516,-14.373694,4.455282
4720.0000,-4.467075,-11.088587,5.277381
4721.0000,-5.227405,-10.510074,6.741487
4722.0000,-4.266855,-11.578026,7.947929
4723.0000,-6.198642,-14.512931,4.152687
4724.0000,-5.505729,-13.618441,8.522526
4725.0000,-1.352071,-13.463447,6.970106
4726.0000,-1.065665,-15.713636,8.397164
4727.0000,-3.414282,-14.283642,6.202888
4728.0000,-5.922797,-14.448677,6.010350
4729.0000,-9.495138,-11.930446,4.783543
4730.0000,-11.309792,-15.040815,4.713912
4731.0000,-9.251840,-14.570656,5.789821
4732.0000,-9.451762,-13.871163,9.067057
4733.0000,-7.396442,-15.533577,12.953355
4734.0000,-8.461854,-19.504641,11.810576
4735.0000,-6.652529,-22.425290,10.506566
4736.0000,-4.903879,-19.568089,7.964385
4737.0000,-6.718012,-17.743807,9.363117
4738.0000,-3.836355,-17.363589,7.398186
4739.0000,-4.733851,-18.317263,6.865152
4740.0000,-4.181436,-17.177543,3.323770
4741.0000,-5.965919,-15.831905,6.897403
4742.0000,-6.015496,-15.005187,8.408900
4743.0000,-6.218603,-15.404099,6.643054
4744.0000,-7.983006,-14.766985,7.853133
4745.0000,-6.683341,-14.800337,5.932129
4746.0000,-7.064252,-14.806897,4.982529
4747.0000,-10.193954,-13.897157,3.879851
4748.0000,-10.516495,-14.641676,0.030624
4749.0000,-9.237263,-13.243199,-0.229424
4750.0000,-8.072808,-13.964240,0.121419
4751.0000,-10.263156,-13.100415,2.959115
4752.0000,-10.284290,-11.798621,2.318541
4753.0000,-8.568753,-11.105347,4.013815
4754.0000,-8.528059,-11.021117,3.212324
4755.0000,-7.360156,-10.781693,6.039200
4756.0000,-5.337058,-9.446083,3.121172
4757.0000,-4.561671,-8.105438,4.461939
4758.0000,-2.241110,-6.790331,7.166280
4759.0000,-0.882940,-8.292719,5.080131
4760.0000,-2.458832,-8.023005,1.153200
4761.0000,-5.782064,-9.291245,-0.250428
4762.0000,-5.625360,-12.823914,-1.845883
4763.0000,-8.162930,-14.611226,-2.810305
4764.0000,-7.917599,-15.395470,-4.749826
4765.0000,-10.025859,-16.411487,-3.044029
4766.0000,-6.848777,-12.020808,-0.307609
4767.0000,-7.805834,-8.174769,1.069535
4768.0000,-7.549224,-9.467909,-0.760917
4769.0000,-8.830780,-9.979385,0.145493
4770.0000,-5.872686,-5.932450,0.323898
4771.0000,-4.754544,-6.454689,2.821764
4772.0000,-5.523796,-10.094895,2.433327
4773.0000,-9.466190,-6.281882,5.498294
4774.0000,-5.995557,-5.127662,4.723000
4775.0000,-7.455582,-4.771702,3.002707
4776.0000,-6.780300,-4.102696,3.860261
4777.0000,-2.177986,-4.822435,2.677391
4778.0000,-1.783574,-6.101083,2.420385
4779.0000,0.418091,-6.709033,0.139710
4780.0000,-0.838565,-3.302844,1.857093
4781.0000,1.764235,-0.984838,2.955233
4782.0000,-0.413333,-2.839951,4.330337
4783.0000,1.191603,-2.434259,0.260023
4784.0000,-0.411760,-3.122091,-0.729002
4785.0000,-1.986399,-5.683506,1.050308
4786.0000,-3.582260,-8.842636,-0.320386
4787.0000,-4.411178,-11.662808,-1.113853
4788.0000,-3.730420,-11.081988,-1.684592
4789.0000,-4.999434,-11.012301,-3.838141
4790.0000,-4.781615,-5.900634,-2.813601
4791.0000,-4.016744,-4.789288,-6.531926
4792.0000,-3.671361,-4.137433,-8.567435
4793.0000,-5.620389,-5.749597,-12.452330
4794.0000,-7.172727,-4.002403,-11.045185
4795.0000,-9.551553,-2.812120,-12.648961
4796.0000,-8.821939,-0.809011,-15.738011
4797.0000,-7.243038,-4.223685,-16.245006
4798.0000,-9.138446,-5.745106,-16.130116
4799.0000,-6.664213,-2.864195,-19.097041
4800.0000,-6.699297,-7.758927,-16.469266
4801.0000,-5.560339,-4.563257,-13.346350
4802.0000,-0.812684,-3.584492,-15.294836
4803.0000,-1.368108,-3.769189,-16.447230
4804.0000,-3.495645,-8.745618,-18.164931
4805.0000,-3.338357,-9.317676,-15.778659
4806.0000,-3.032995,-8.977620,-14.899221
4807.0000,-3.286119,-8.017119,-16.702106
4808.0000,-1.650635,-4.636771,-14.707058
4809.0000,2.643507,-2.534403,-14.059407
4810.0000,3.727409,2.028914,-10.984406
4811.0000,3.254524,2.641820,-10.695225
4812.0000,2.167255,4.816224,-7.464250
4813.0000,0.888496,5.655402,-7.271696
4814.0000,2.021323,5.771921,-6.328122
4815.0000,1.366422,0.085069,-9.792347
4816.0000,-1.069023,-1.972224,-8.962179
4817.0000,-1.807294,0.032624,-6.364559
4818.0000,-0.380164,-1.466912,-5.925973
4819.0000,-0.500175,-1.841024,-7.139915
4820.0000,-0.023376,-2.304165,-7.219801
4821.0000,-1.755774,-4.564448,-8.402311
4822.0000,-1.312477,-2.502559,-9.916854
4823.0000,-0.910670,-5.174839,-10.557901
4824.0000,-1.610094,-6.420714,-12.554620
4825.0000,-1.959430,-4.812265,-15.416005
4826.0000,-3.255627,-5.787536,-19.265193
4827.0000,-4.958248,-5.962536,-16.680836
4828.0000,-6.107768,-7.506965,-14.792811
4829.0000,-3.444104,-7.520977,-17.470295
4830.0000,-4.936726,-5.122614,-15.655450
4831.0000,-3.692617,-4.537653,-14.696345
4832.0000,-5.999827,-5.904863,-16.423506
4833.0000,-4.849878,-5.781252,-14.720577
4834.0000,-4.447376,-6.198752,-16.380743
4835.0000,-4.379644,-10.061218,-16.375027
4836.0000,-1.120627,-10.133858,-16.567430
4837.0000,-4.798821,-11.245472,-17.019858
4838.0000,-6.550415,-7.515373,-14.350815
4839.0000,-6.045782,-7.377578,-16.257621
4840.0000,-3.649549,-8.048499,-16.825449
4841.0000,-3.825366,-7.989401,-18.322698
4842.0000,-4.602317,-7.386562,-20.163799
4843.0000,-4.983727,-7.037003,-18.710454
4844.0000,-3.117485,-6.650519,-23.026787
4845.0000,-1.830480,-7.623690,-23.415045
4846.0000,1.770398,-5.855141,-23.182214
4847.0000,2.966098,-9.040895,-21.997061
4848.0000,3.277086,-8.503014,-22.303216
4849.0000,2.416990,-7.791976,-20.062481
4850.0000,4.231100,-8.713807,-17.775729
4851.0000,5.079680,-12.110951,-17.720298
4852.0000,5.704825,-7.325326,-17.464849
4853.0000,3.889433,-8.931637,-16.089264
4854.0000,4.281709,-6.752760,-16.546249
4855.0000,0.844884,-9.047557,-15.331820
4856.0000,1.786745,-8.437435,-14.921153
4857.0000,-1.419196,-4.769901,-15.110345
4858.0000,-1.225808,-5.583796,-11.689033
4859.0000,-1.922539,-6.284199,-12.000117
4860.0000,-1.049196,-1.353288,-11.488318
4861.0000,-1.632900,-4.808200,-8.668097
4862.0000,-1.051678,-4.668090,-5.913333
4863.0000,1.516677,-3.486997,-8.027587
4864.0000,5.665316,-3.630044,-5.990529
4865.0000,6.506923,-4.279366,-4.852052
4866.0000,11.163738,-1.730476,-6.588635
4867.0000,12.080925,-3.968216,-5.242264
4868.0000,13.626194,-3.274992,-6.259797
4869.0000,15.770141,-3.513967,-6.434897
4870.0000,17.425804,-4.581988,-8.929346
4871.0000,17.218452,-5.056549,-8.201633
4872.0000,16.123691,-5.410996,-10.103963
4873.0000,20.678836,-3.121685,-7.647560
4874.0000,23.904567,-3.274436,-9.274379
4875.0000,21.459405,-2.829943,-8.667469
4876.0000,24.412881,-0.964132,-8.719762
4877.0000,22.786762,0.101055,-10.774899
4878.0000,22.722692,-1.355066,-13.014951
4879.0000,22.419682,0.628458,-14.336040
4880.0000,24.846558,0.862111,-16.399078
4881.0000,23.236075,3.178294,-17.507432
4882.0000,23.464595,9.221317,-19.420510
4883.0000,20.542997,10.690860,-18.845278
4884.0000,20.586654,10.789050,-18.274512
4885.0000,21.355284,11.105825,-18.038001
4886.0000,17.380823,9.972031,-18.196294
4887.0000,16.133579,6.659673,-19.196958
4888.0000,12.108009,10.235567,-19.731459
4889.0000,12.038871,10.450754,-21.193137
4890.0000,13.779587,9.165923,-21.407675
4891.0000,18.572955,12.622526,-18.068478
4892.0000,19.456958,14.154755,-21.729100
4893.0000,20.254029,13.173067,-24.332163
4894.0000,17.146072,15.338673,-25.446870
4895.0000,17.100366,16.414330,-28.125912
4896.0000,16.361771,19.967313,-28.647623
4897.0000,15.988599,20.066164,-25.732438
4898.0000,13.300050,22.788957,-28.089710
4899.0000,14.098855,20.385955,-29.443983
4900.0000,15.281751,21.225449,-27.990068
4901.0000,15.109467,20.179879,-28.596105
4902.0000,16.768092,18.261888,-28.486945
4903.0000,14.732062,17.774220,-26.758306
4904.0000,16.206377,19.268943,-25.664789
4905.0000,15.227077,20.679399,-23.854706
4906.0000,16.922761,21.362768,-23.021683
4907.0000,12.696707,21.147702,-22.495533
4908.0000,12.757985,18.541299,-19.622074
4909.0000,12.282751,20.206911,-16.696932
4910.0000,11.458429,22.507577,-16.495438
4911.0000,12.071074,24.113739,-14.616454
4912.0000,12.878580,21.234478,-12.098965
4913.0000,12.876145,20.770863,-12.750106
4914.0000,15.962404,22.339598,-11.380717
4915.0000,17.007284,22.303496,-13.291673
4916.0000,13.477933,21.740357,-14.731301
4917.0000,11.174195,23.826045,-14.431323
4918.0000,10.498882,23.799169,-9.769541
4919.0000,9.942279,23.766101,-9.881841
4920.0000,9.324982,25.408692,-6.962423
4921.0000,9.285960,26.300016,-7.816892
4922.0000,10.844119,27.770658,-6.426342
4923.0000,12.327627,31.584941,-5.554423
4924.0000,11.744187,31.159011,-5.610012
4925.0000,10.639496,30.510832,-6.999019
4926.0000,11.974495,33.412497,-10.162037
4927.0000,10.554503,30.502412,-10.984780
4928.0000,10.622850,28.600201,-11.308714
4929.0000,11.446057,27.784676,-11.824211
4930.0000,8.881041,28.031648,-11.311004
4931.0000,7.901189,28.041731,-8.279059
4932.0000,5.959465,27.801131,-10.945907
4933.0000,6.072475,28.480725,-13.370916
4934.0000,3.421887,28.469670,-11.980913
4935.0000,4.557424,29.637032,-10.489838
4936.0000,7.090992,29.677577,-10.838879
4937.0000,4.979967,28.462059,-13.071769
4938.0000,8.081299,28.289922,-17.204904
4939.0000,4.504108,27.445130,-15.534044
4940.0000,4.349975,28.383646,-15.786304
4941.0000,5.826716,26.539118,-18.506058
4942.0000,4.593398,25.469926,-21.835489
4943.0000,7.212783,25.888744,-22.454246
4944.0000,8.958896,25.680863,-24.958503
4945.0000,7.088840,26.242162,-24.465128
4946.0000,7.591617,27.822005,-24.180736
4947.0000,7.631367,26.675152,-23.358395
4948.0000,6.647268,29.416789,-22.157468
4949.0000,8.672361,32.927205,-21.905827
4950.0000,8.046550,33.627240,-18.058713
4951.0000,9.383959,30.791653,-13.592722
4952.0000,8.839927,30.261950,-16.953581
4953.0000,5.312774,31.426446,-15.605834
4954.0000,4.584547,30.115644,-14.101531
4955.0000,5.374059,33.432528,-13.536821
4956.0000,6.248564,31.621247,-14.696531
4957.0000,3.859280,29.911652,-11.830093
4958.0000,4.400532,27.945977,-10.113945
4959.0000,3.604033,28.838155,-6.461505
4960.0000,3.479710,25.798581,-7.098536
4961.0000,4.630918,28.293921,-3.314426
4962.0000,3.261475,30.420623,-7.050153
4963.0000,3.590097,30.959915,-8.339219
4964.0000,5.732667,27.923896,-8.051311
4965.0000,3.439071,26.260299,-9.424675
4966.0000,2.903396,25.017289,-11.607778
4967.0000,5.310647,26.283236,-11.280605
4968.0000,3.295942,25.240893,-11.101723
4969.0000,3.850613,21.917924,-13.760315
4970.0000,4.807202,21.622832,-12.895244
4971.0000,5.026185,20.231124,-11.491119
4972.0000,6.765083,19.897108,-11.383011
4973.0000,7.509468,21.233119,-9.641840
4974.0000,7.487774,24.227744,-10.004160
4975.0000,4.917540,22.887067,-9.459755
4976.0000,1.080156,25.408736,-10.256507
4977.0000,4.938984,25.578899,-8.656273
4978.0000,9.028447,25.356435,-9.553042
4979.0000,9.496241,23.201065,-7.263326
4980.0000,8.411680,26.106472,-8.642074
4981.0000,8.783926,26.608915,-8.890192
4982.0000,9.885967,30.177691,-6.953696
4983.0000,9.087325,26.088057,-5.623390
4984.0000,10.476590,24.439977,-3.829102
4985.0000,8.809931,25.496743,-2.563104
4986.0000,7.404313,23.115228,-2.008288
4987.0000,9.602566,20.042019,-7.198829
4988.0000,8.998706,22.801366,-7.222010
4989.0000,5.812440,24.430581,-3.157184
4990.0000,6.972168,25.272972,-0.670531
4991.0000,3.621064,21.776533,2.694714
4992.0000,3.905103,25.624515,2.514336
4993.0000,7.744630,23.446593,-1.816615
4994.0000,8.747418,20.863299,-0.840297
4995.0000,7.845889,23.115953,0.970554
4996.0000,8.913818,21.489187,-1.162663
4997.0000,9.564737,22.124452,-0.310358
4998.0000,9.443939,18.598362,2.067512
4999.0000,12.640932,21.635383,3.316611
5000.0000,10.224135,20.247119,5.469072
5001.0000,10.851154,19.419687,5.744875
5002.0000,7.342186,18.199282,8.616164
5003.0000,7.600149,19.755262,8.839532
5004.0000,8.083695,22.534881,9.904756
5005.0000,9.116111,24.991076,11.254262
5006.0000,4.546439,26.710627,10.191777
5007.0000,5.691169,29.131383,10.458308
5008.0000,3.511875,31.879736,8.647236
5009.0000,0.089459,36.291382,5.694353
5010.0000,1.321767,37.687094,8.094158
5011.0000,-1.391376,39.157234,6.965973
5012.0000,-0.870561,37.203630,6.354487
5013.0000,0.913234,39.288255,4.595484
5014.0000,1.650057,37.947639,4.942003
5015.0000,1.024214,39.153953,4.629571
5016.0000,0.818652,37.539685,2.229643
5017.0000,0.271399,36.749215,3.506239
5018.0000,-0.425820,33.325624,7.153536
5019.0000,-0.075602,35.273698,3.045902
5020.0000,2.872390,35.282753,4.511102
5021.0000,-0.139998,34.781814,5.130865
5022.0000,0.708153,33.383530,5.076470
5023.0000,-0.774454,35.228532,4.974795
5024.0000,2.675738,33.454347,6.179263
5025.0000,3.399804,35.510005,9.534527
5026.0000,1.232249,32.572003,9.970345
5027.0000,2.933248,33.969947,6.055464
5028.0000,5.851791,32.123852,7.756059
5029.0000,4.832779,29.002528,7.722117
5030.0000,7.059938,24.989026,7.543116
5031.0000,5.515458,25.393553,8.401715
5032.0000,6.401424,24.391714,8.999630
5033.0000,3.862208,27.216275,9.120542
5034.0000,1.594416,28.329303,8.602512
5035.0000,5.160568,30.286784,13.073269
5036.0000,5.179484,30.589947,15.647801
5037.0000,4.448426,28.263860,14.286870
5038.0000,6.183365,26.894366,14.815431
5039.0000,7.263383,25.077913,15.164167
5040.0000,8.565083,25.096739,9.948514
5041.0000,7.509237,21.968608,8.383905
5042.0000,5.420170,24.954817,7.361254
5043.0000,5.874666,25.701584,7.465518
5044.0000,4.794565,29.373831,6.482445
5045.0000,4.063074,27.313078,9.271199
5046.0000,5.149997,29.044195,9.251695
5047.0000,7.357493,27.674882,10.612541
5048.0000,9.906566,28.124422,9.942111
5049.0000,11.247872,31.669348,12.252115
5050.0000,5.474282,28.022878,11.561548
5051.0000,7.389912,27.143857,11.320054
5052.0000,8.392852,29.024351,8.393863
5053.0000,12.566351,27.851404,8.058466
5054.0000,6.312861,27.616139,10.816430
5055.0000,7.118398,29.961927,8.443807
5056.0000,6.966193,27.720503,9.601294
5057.0000,7.921208,26.049771,9.955576
5058.0000,5.928132,24.164882,8.550755
5059.0000,3.082519,24.969358,9.439592
5060.0000,2.042632,23.568236,9.942305
5061.0000,3.539115,23.305421,9.054591
5062.0000,1.531227,23.961757,8.033437
5063.0000,4.256570,24.827410,5.071688
5064.0000,9.292487,25.901793,6.685463
5065.0000,6.164653,24.419514,8.475205
5066.0000,4.313592,24.724335,11.536203
5067.0000,2.326793,22.234426,5.750620
5068.0000,1.166178,22.933270,5.139703
5069.0000,1.216447,23.991373,2.187634
5070.0000,-1.080045,21.257098,3.319026
5071.0000,-2.423031,21.450545,5.987916
5072.0000,-1.083875,19.106325,6.557530
5073.0000,0.310930,20.642736,6.733657
5074.0000,-2.768810,23.263420,2.415288
5075.0000,-4.332869,24.298452,3.526988
5076.0000,-2.575449,22.904266,2.809572
5077.0000,-2.749697,22.003019,2.173676
5078.0000,-0.480252,23.251781,-1.718408
5079.0000,0.583058,24.126374,0.187369
5080.0000,-1.269925,24.115132,1.163167
5081.0000,-2.168502,23.308617,-1.416430
5082.0000,-2.585196,23.281591,0.160581
5083.0000,-1.376820,24.469402,2.980836
5084.0000,-2.736396,27.491629,4.005304
5085.0000,-1.616816,26.900807,5.084519
5086.0000,-3.048537,23.276403,6.732245
5087.0000,-7.542342,23.849567,5.836063
5088.0000,-8.791171,23.358762,7.209025
5089.0000,-7.961177,22.138539,7.497196
5090.0000,-6.098108,20.825983,7.039380
5091.0000,-5.652974,24.760094,4.623116
5092.0000,-6.621812,23.643629,4.492879
5093.0000,-3.484166,24.432017,1.345587
5094.0000,-3.476008,23.667099,-0.705306
5095.0000,-2.039138,22.411975,-2.793575
5096.0000,-3.773311,22.899929,2.052862
5097.0000,-6.642041,20.967410,1.591031
5098.0000,-6.145356,21.438699,1.830362
5099.0000,-4.910866,18.719726,2.558681
5100.0000,-4.082218,17.816815,-0.359879
5101.0000,-2.625381,14.646880,3.701891
5102.0000,0.193404,9.732371,7.138000
5103.0000,-4.461448,9.674938,6.557097
5104.0000,-5.530679,10.812556,3.514335
5105.0000,-6.363671,8.763581,4.631302
5106.0000,-8.021040,12.107947,4.563829
5107.0000,-6.878239,10.542702,3.900919
5108.0000,-5.018524,7.324588,8.414552
5109.0000,-3.501057,3.726590,5.914702
5110.0000,-2.765342,0.873896,6.180050
5111.0000,-5.027227,2.579735,6.145728
5112.0000,-9.231631,4.863109,5.554695
5113.0000,-5.595646,6.453958,7.804389
5114.0000,-5.553615,6.834288,14.444453
5115.0000,-5.062394,8.461162,16.859480
5116.0000,-4.486780,9.909951,19.963294
5117.0000,-3.315501,11.752650,16.640532
5118.0000,-2.543759,11.793846,13.999298
5119.0000,-4.131145,12.581291,15.599150
5120.0000,-7.551068,9.951031,18.294369
5121.0000,-10.310659,10.849452,18.170465
5122.0000,-9.132135,11.610326,18.868972
5123.0000,-8.855086,14.617585,20.765261
5124.0000,-8.769871,15.619877,20.685816
5125.0000,-6.211576,11.552527,20.581524
5126.0000,-6.539179,12.706209,22.209235
5127.0000,-8.225281,12.143277,22.674634
5128.0000,-7.707349,11.822053,23.569270
5129.0000,-8.814048,13.997044,21.284221
5130.0000,-9.979778,13.218581,20.004283
5131.0000,-7.087550,9.801568,20.029234
5132.0000,-10.068268,7.388383,19.997558
5133.0000,-8.562839,11.364684,19.427137
5134.0000,-8.119867,8.544395,17.953812
5135.0000,-5.652162,7.503885,14.932857
5136.0000,-4.424933,8.803209,16.529488
5137.0000,-6.088214,6.645770,15.443599
5138.0000,-4.880898,6.295150,17.313496
5139.0000,-5.000111,6.611783,17.210139
5140.0000,-7.749569,5.998308,16.392593
5141.0000,-9.354780,2.932571,17.627850
5142.0000,-9.308157,2.201700,15.255570
5143.0000,-11.205739,1.390295,15.018089
5144.0000,-14.167892,-2.809701,14.880218
5145.0000,-13.588974,-3.622937,11.834183
5146.0000,-14.268463,-2.179407,9.924158
5147.0000,-13.423940,-1.313097,12.051183
5148.0000,-10.411367,-0.958914,11.624903
5149.0000,-8.090513,-1.668082,12.645890
5150.0000,-3.945338,2.468948,14.554242
5151.0000,-1.262469,5.386484,15.099690
5152.0000,-1.408872,3.640975,15.502560
5153.0000,0.811665,5.018628,16.884131
5154.0000,-1.598489,4.835910,18.564862
5155.0000,-5.871268,6.884444,15.806802
5156.0000,-5.252973,10.384586,15.673296
5157.0000,-6.186553,8.739355,17.826973
5158.0000,-5.932405,5.987612,17.287549
5159.0000,-5.595480,8.410105,13.796290
5160.0000,-4.675604,8.286462,14.000855
5161.0000,-4.584591,10.934800,15.987867
5162.0000,-4.078701,13.165755,15.348922
5163.0000,-3.840410,15.344175,17.939920
5164.0000,-8.950782,16.083527,21.572193
5165.0000,-9.461605,14.193326,19.692845
5166.0000,-8.563402,15.150688,15.032750
5167.0000,-8.368091,15.739428,18.400326
5168.0000,-7.762423,12.622493,17.266711
5169.0000,-9.481715,14.135648,20.322525
5170.0000,-11.724154,15.768691,20.774818
5171.0000,-10.181227,17.358681,20.132313
5172.0000,-10.135285,18.877780,17.802704
5173.0000,-11.682894,20.345046,19.854737
5174.0000,-11.626401,17.985870,19.156111
5175.0000,-12.570333,16.765775,18.252234
5176.0000,-11.107702,18.235162,16.839246
5177.0000,-8.081523,17.252017,15.314496
5178.0000,-8.722055,16.555963,15.648910
5179.0000,-11.531240,16.259924,18.910130
5180.0000,-11.577706,17.857666,18.590171
5181.0000,-10.852572,12.333588,15.856550
5182.0000,-9.704450,16.816488,15.299002
5183.0000,-7.803432,13.995220,15.908175
5184.0000,-7.024049,13.519178,16.286060
5185.0000,-6.800607,14.960421,16.872912
5186.0000,-5.507879,13.948671,14.742025
5187.0000,-5.823216,15.575568,14.145995
5188.0000,-4.107775,13.114500,11.582208
5189.0000,-3.610129,13.041848,10.099635
5190.0000,-6.220036,16.438542,9.291276
5191.0000,-7.474449,18.255828,9.290199
5192.0000,-6.168626,17.072238,9.906936
5193.0000,-6.613431,16.193287,11.681026
5194.0000,-5.365490,15.863530,8.384011
5195.0000,-4.149312,15.926562,5.990271
5196.0000,-6.304212,15.648724,8.480377
5197.0000,-5.307768,14.976666,10.125294
5198.0000,-4.703728,16.405177,5.416866
5199.0000,-6.007004,16.849823,5.364384
5200.0000,-8.104440,16.021376,3.153647
5201.0000,-13.330218,13.306382,0.137336
5202.0000,-10.862359,14.358906,3.933511
5203.0000,-10.056244,11.785025,2.273083
5204.0000,-8.571459,12.472706,2.230948
5205.0000,-7.733020,11.261762,1.548727
5206.0000,-10.281748,9.286425,0.466037
5207.0000,-8.045623,11.736142,-0.937005
5208.0000,-7.326469,12.687073,4.238216
5209.0000,-8.476283,11.001048,3.972425
5210.0000,-8.078827,7.643506,5.394296
5211.0000,-8.319289,5.633745,6.573280
5212.0000,-9.568004,6.235628,8.862551
5213.0000,-6.084614,6.787452,6.948872
5214.0000,-5.200198,6.706013,9.939257
5215.0000,-6.867946,6.151499,8.138973
5216.0000,-6.375792,11.058058,9.258664
5217.0000,-7.524977,11.716604,10.858150
5218.0000,-7.884838,11.474725,11.235956
5219.0000,-5.876016,10.116229,11.992260
5220.0000,-6.956681,8.962939,8.956528
5221.0000,-3.405310,9.113004,9.337370
5222.0000,-5.058568,8.885894,10.288923
5223.0000,-1.289440,9.247980,9.890097
5224.0000,-3.443910,6.486556,9.474111
5225.0000,-3.033488,4.315393,10.716158
5226.0000,-2.245818,4.429614,8.459492
5227.0000,-0.424237,4.016768,10.147884
5228.0000,-0.107810,2.819013,8.157160
5229.0000,-1.835850,3.901093,7.163482
5230.0000,-3.662929,3.642998,7.671123
5231.0000,-4.836576,5.650492,8.596278
5232.0000,0.970132,4.295432,11.281652
5233.0000,-1.215226,4.263005,14.936444
5234.0000,-0.021263,3.567707,13.683474
5235.0000,-0.126724,4.815583,13.420666
5236.0000,-0.840747,5.153741,15.237470
5237.0000,0.173305,8.272140,14.032128
5238.0000,5.620508,8.254540,13.154639
5239.0000,2.316037,7.726009,12.066250
5240.0000,4.486592,4.456255,13.920258
5241.0000,4.522885,5.659828,16.163187
5242.0000,4.732491,8.272141,18.498009
5243.0000,2.487744,5.428478,14.827289
5244.0000,1.980926,6.701413,11.653587
5245.0000,2.551181,4.715633,11.165784
5246.0000,3.268006,6.426174,10.859014
5247.0000,0.819783,4.581278,12.367104
5248.0000,3.196018,3.035381,10.653257
5249.0000,0.209852,3.177237,14.545961
5250.0000,-0.719288,1.446711,10.785512
5251.0000,4.476676,1.889551,10.615593
5252.0000,3.713041,5.046509,11.653932
5253.0000,0.876928,9.328303,11.350958
5254.0000,-1.600461,7.628327,8.558588
5255.0000,-1.814692,5.420113,9.188654
5256.0000,1.863043,3.547838,9.707465
5257.0000,0.261854,4.517797,5.388306
5258.0000,0.782392,3.218166,3.845706
5259.0000,2.082090,3.149607,3.318101
5260.0000,3.241387,-1.258346,1.715879
5261.0000,1.589377,-1.345036,2.806568
5262.0000,-0.479245,0.089657,1.299735
5263.0000,0.672095,-0.634860,1.137059
5264.0000,0.416759,-0.059838,-0.535527
5265.0000,-1.892245,-2.436387,-0.513675
5266.0000,0.855680,-1.403365,3.488282
5267.0000,-0.816810,-0.145413,5.033983
5268.0000,0.960693,-1.171923,6.306713
5269.0000,-1.752165,-0.745382,6.683207
5270.0000,-1.721218,-2.179317,8.409496
5271.0000,-2.848000,-0.519508,11.523329
5272.0000,-3.402877,0.623926,13.810896
5273.0000,-2.173565,4.146688,14.844334
5274.0000,1.124974,5.386747,16.063328
5275.0000,-1.368485,5.108725,18.209068
5276.0000,-0.014983,5.145751,17.241813
5277.0000,1.656858,2.290534,18.631387
5278.0000,3.715623,1.992221,19.153977
5279.0000,4.517763,2.398387,16.836955
5280.0000,6.055345,2.181426,16.949965
5281.0000,5.373607,7.114197,14.117750
5282.0000,6.218874,9.573171,14.055876
5283.0000,7.866174,7.493228,15.442365
5284.0000,5.971889,6.785480,18.102792
5285.0000,3.661719,10.846949,17.884419
5286.0000,2.736971,13.823353,17.676702
5287.0000,1.822715,14.535261,15.145009
5288.0000,1.594802,15.892005,14.377569
5289.0000,-0.909925,16.347991,13.423015
5290.0000,-0.205816,15.113537,11.569403
5291.0000,1.465326,15.868233,12.150495
5292.0000,4.124943,14.451142,14.108246
5293.0000,5.695620,15.768848,14.069889
5294.0000,5.297541,15.236441,14.550816
5295.0000,3.480403,16.162427,13.930318
5296.0000,4.578373,15.489205,12.108493
5297.0000,3.588719,15.326341,11.120483
5298.0000,4.921280,15.146222,12.693745
5299.0000,2.574833,13.286573,11.009842
5300.0000,3.163706,13.425006,9.170730
5301.0000,5.145567,13.298607,9.163006
5302.0000,3.937868,13.288196,10.780101
5303.0000,3.923101,15.275058,11.877397
5304.0000,1.525895,12.590388,14.767155
5305.0000,1.073841,11.699813,16.727687
5306.0000,2.334540,9.478886,19.136241
5307.0000,1.416433,11.275345,15.819638
5308.0000,1.154027,11.780293,16.396681
5309.0000,0.029690,9.344966,15.967768
5310.0000,4.202989,5.642906,18.116568
5311.0000,4.677380,6.051352,16.023084
5312.0000,5.162841,4.565411,18.231519
5313.0000,5.996202,-0.801493,16.891837
5314.0000,7.462722,2.154270,19.006273
5315.0000,8.556768,2.890502,19.519585
5316.0000,11.059522,4.506096,21.016034
5317.0000,12.787128,3.945553,22.127547
5318.0000,9.772862,4.288838,23.003304
5319.0000,7.847343,3.732177,25.134605
5320.0000,6.050383,4.847509,26.533477
5321.0000,6.445861,3.285632,22.420399
5322.0000,5.739897,4.963939,19.224636
5323.0000,7.206587,4.832309,20.234464
5324.0000,7.463433,4.268488,19.597165
5325.0000,8.180448,5.756131,21.931052
5326.0000,6.514641,5.130303,22.112366
5327.0000,3.328486,3.425493,23.307519
5328.0000,4.405173,-0.643116,22.659539
5329.0000,3.600215,-3.084473,25.442546
5330.0000,5.508450,0.924634,24.567319
5331.0000,9.178855,5.045703,23.169502
5332.0000,13.018113,4.251403,24.696269
5333.0000,15.775290,4.382367,22.464434
5334.0000,14.247484,4.169349,17.308297
5335.0000,12.620146,3.873293,15.457071
5336.0000,11.303747,0.308709,10.809654
5337.0000,10.307960,-0.797010,12.998384
5338.0000,11.652122,-0.087256,11.094696
5339.0000,12.196546,0.989219,8.854372
5340.0000,12.856494,1.323124,9.878236
5341.0000,12.755580,1.313062,10.608840
5342.0000,12.236999,0.619666,14.140210
5343.0000,15.757384,0.236212,12.871585
5344.0000,11.282560,-0.449899,9.664153
5345.0000,9.430224,-1.805928,9.838668
5346.0000,8.244202,-3.426371,11.226120
5347.0000,7.192254,-4.458819,13.963875
5348.0000,7.960062,-6.092620,12.660351
5349.0000,8.543098,-7.664087,13.853829
5350.0000,6.989591,-7.031159,12.978644
5351.0000,7.152895,-10.529862,14.916959
5352.0000,6.686868,-11.358547,15.216243
5353.0000,5.153112,-8.265637,13.913722
5354.0000,4.905423,-5.384038,14.098114
5355.0000,5.605810,-6.659179,14.907929
5356.0000,3.540485,-5.652954,10.022108
5357.0000,0.612249,-4.570643,10.298751
5358.0000,1.939934,-6.306857,10.520227
5359.0000,2.797427,-5.149781,11.083293
5360.0000,2.936480,-7.184150,12.321321
5361.0000,4.633512,-5.255428,9.061696
5362.0000,7.988962,-4.970555,7.100445
5363.0000,8.777854,-8.827014,4.537003
5364.0000,6.341848,-9.456479,5.757382
5365.0000,6.522823,-8.932879,4.549010
5366.0000,10.706533,-10.081388,7.895409
5367.0000,10.038867,-13.491787,6.867660
5368.0000,11.359882,-13.436744,7.067507
5369.0000,11.892366,-13.069482,5.222989
5370.0000,13.914657,-14.385022,7.928814
5371.0000,13.976124,-14.786356,5.103080
5372.0000,9.666596,-10.814054,3.562106
5373.0000,7.394413,-10.053293,4.011268
5374.0000,10.346876,-12.765238,4.815010
5375.0000,12.146823,-11.252293,5.370572
5376.0000,13.065208,-12.392952,6.343525
5377.0000,12.375754,-11.929400,5.719382
5378.0000,8.164441,-11.723749,3.274823
5379.0000,5.726703,-11.552481,4.410695
5380.0000,5.208766,-8.866577,5.913259
5381.0000,5.802261,-11.708318,4.193257
5382.0000,7.708059,-13.771708,5.040372
5383.0000,8.810258,-14.199373,4.748978
5384.0000,10.259824,-10.667368,3.878373
5385.0000,12.206087,-10.838227,5.179425
5386.0000,14.253185,-8.379002,3.657987
5387.0000,11.312771,-10.768412,5.270147
5388.0000,11.996164,-8.876914,9.613819
5389.0000,12.943628,-9.375160,9.266587
5390.0000,13.415567,-8.497170,11.504521
5391.0000,11.042753,-6.797615,10.741058
5392.0000,12.141016,-6.603809,9.925796
5393.0000,11.123260,-8.052921,6.670891
5394.0000,15.135694,-7.773205,7.698625
5395.0000,13.753685,-10.212606,8.244364
5396.0000,11.878182,-9.114796,7.194632
5397.0000,12.617647,-6.901239,6.592059
5398.0000,12.732503,-10.752500,6.552593
5399.0000,14.411396,-10.503670,5.460341
5400.0000,13.066667,-11.818001,3.639622
5401.0000,14.051840,-10.721491,5.385852
5402.0000,17.195018,-11.081500,2.072782
5403.0000,18.193876,-12.093349,2.319347
5404.0000,15.638045,-12.066609,6.292919
5405.0000,15.821935,-13.546336,7.657920
5406.0000,16.120713,-11.173861,8.853280
5407.0000,17.099027,-13.529943,9.020878
5408.0000,15.548406,-9.535307,12.843933
5409.0000,17.753083,-11.754978,12.180924
5410.0000,16.769868,-14.182166,13.673075
5411.0000,15.325218,-16.069621,13.728436
5412.0000,17.956879,-17.620370,11.132021
5413.0000,18.856078,-15.143357,9.666538
5414.0000,17.825735,-12.628968,10.155429
5415.0000,16.624490,-11.152182,10.774274
5416.0000,16.258902,-8.230908,10.852676
5417.0000,13.524265,-8.686628,9.780697
5418.0000,12.114342,-5.271326,10.220421
5419.0000,12.598049,-7.023911,10.340837
5420.0000,15.419942,-7.650625,11.872549
5421.0000,14.670330,-7.933390,13.303152
5422.0000,16.968234,-8.372321,13.933721
5423.0000,17.243708,-7.234606,14.829209
5424.0000,16.494463,-6.106860,14.120107
5425.0000,18.964935,-2.301398,17.600382
5426.0000,19.605718,-0.499842,14.314798
5427.0000,19.243725,1.906017,14.380376
5428.0000,15.738196,3.529808,12.926674
5429.0000,16.593342,3.347229,10.253882
5430.0000,17.008117,0.436758,12.972094
5431.0000,17.197752,0.389107,14.709693
5432.0000,17.740385,-0.117260,18.104421
5433.0000,17.243689,-1.008701,16.963186
5434.0000,17.293008,-0.004629,16.991614
5435.0000,19.098875,-0.601815,16.063970
5436.0000,18.985740,0.375783,18.543449
5437.0000,18.180609,0.263288,18.346024
5438.0000,15.690728,4.765699,16.863387
5439.0000,14.705130,5.760237,15.006733
5440.0000,11.866748,1.623793,13.804475
5441.0000,11.172718,1.596539,15.153476
5442.0000,10.854797,2.194166,17.000388
5443.0000,10.761070,0.735209,16.663861
5444.0000,10.914427,1.655464,16.080166
5445.0000,12.948043,2.233632,16.354119
5446.0000,11.130095,4.368361,17.152977
5447.0000,9.435078,2.493158,16.711102
5448.0000,6.003885,2.634729,15.349223
5449.0000,3.056277,1.358623,13.949462
5450.0000,5.178793,-3.390588,13.948381
5451.0000,3.040818,-5.287244,14.698464
5452.0000,3.867336,-3.859945,17.378564
5453.0000,6.177351,-2.422842,17.987190
5454.0000,4.893450,0.679898,15.375772
5455.0000,0.979268,3.626750,14.380738
5456.0000,0.582283,4.584797,13.578137
5457.0000,1.653606,2.982358,13.111199
5458.0000,4.082684,5.044895,14.449289
5459.0000,7.611267,4.341624,13.068859
5460.0000,7.606353,4.762039,13.411275
5461.0000,8.798948,5.292869,11.737511
5462.0000,9.980614,2.024602,9.745854
5463.0000,9.371613,4.203324,11.433543
5464.0000,7.650267,6.213224,10.856576
5465.0000,8.688773,11.086347,9.603588
5466.0000,9.137825,9.227123,9.760190
5467.0000,7.490172,6.422199,8.244660
5468.0000,9.089251,7.927153,7.729545
5469.0000,6.118487,9.858600,6.468977
5470.0000,8.330101,8.443465,9.489386
5471.0000,10.214821,11.107671,10.547714
5472.0000,7.527658,12.229744,9.114576
5473.0000,9.970294,14.384190,8.666781
5474.0000,10.940354,14.591569,7.398462
5475.0000,8.368672,13.927300,6.768141
5476.0000,9.788172,13.319183,6.437521
5477.0000,7.556633,13.611895,5.967796
5478.0000,6.862954,13.514724,3.868090
5479.0000,8.495705,11.065878,8.643250
5480.0000,9.794642,11.757762,6.623048
5481.0000,10.062138,14.841005,5.332044
5482.0000,11.402522,12.229251,7.347382
5483.0000,10.901589,12.926968,7.288336
5484.0000,15.642171,16.809352,6.897063
5485.0000,14.092407,14.011561,5.006260
5486.0000,12.948230,15.135848,7.689383
5487.0000,12.226521,12.951278,11.619021
5488.0000,11.613401,10.278717,10.008847
5489.0000,12.058866,7.784715,9.707639
5490.0000,14.415114,5.943338,10.475339
5491.0000,12.796626,5.322179,9.368876
5492.0000,10.756238,5.158914,7.947562
5493.0000,10.736086,4.486877,7.742010
5494.0000,6.908320,4.951766,7.192803
5495.0000,8.299799,4.487364,8.981337
5496.0000,6.156683,3.629425,12.533530
5497.0000,4.938686,2.970345,14.357496
5498.0000,5.916646,1.378195,13.411797
5499.0000,5.382042,1.097480,12.389901
5500.0000,3.702469,0.778241,13.400647
5501.0000,4.635031,0.977584,11.009680
5502.0000,6.250201,1.060281,11.381749
5503.0000,6.194299,3.226379,11.127011
5504.0000,4.755623,4.605861,14.442161
5505.0000,1.928955,4.864228,15.388100
5506.0000,1.382746,6.145471,17.533233
5507.0000,1.916092,9.263482,19.697972
5508.0000,3.584055,4.289087,17.335197
5509.0000,6.326609,3.917568,16.336544
5510.0000,9.787607,0.309167,18.270149
5511.0000,11.196384,2.233051,18.898617
5512.0000,8.677686,1.869665,18.638693
5513.0000,6.496737,3.218177,18.445677
5514.0000,7.358904,4.849019,17.269356
5515.0000,10.816491,5.721785,15.804866
5516.0000,8.859682,5.578206,17.678533
5517.0000,8.201463,5.817061,21.866684
5518.0000,9.584402,4.714140,18.383719
5519.0000,10.437855,2.298926,14.063697
5520.0000,10.182223,1.509147,11.398443
5521.0000,8.438441,4.242829,14.340157
5522.0000,5.141933,6.344428,15.400262
5523.0000,3.244288,5.825053,16.731502
5524.0000,4.789504,1.794612,16.880275
5525.0000,6.236973,2.814955,19.388682
5526.0000,6.293488,-1.366717,19.380048
5527.0000,6.343553,-2.455198,21.574538
5528.0000,8.301455,-3.093553,23.079088
5529.0000,11.152137,-2.135504,23.590543
5530.0000,12.244704,-5.491636,22.419313
5531.0000,12.941281,-4.736977,23.051221
5532.0000,14.894980,-5.271654,21.776447
5533.0000,14.557498,-4.750945,20.580492
5534.0000,16.104713,-6.179991,19.565115
5535.0000,13.747221,-3.963247,19.814984
5536.0000,14.133687,-4.183126,17.888870
5537.0000,11.871978,-0.460691,16.388597
5538.0000,13.758549,0.852354,15.500956
5539.0000,14.355963,2.696151,16.972252
5540.0000,13.033923,-2.748260,17.906186
5541.0000,12.924980,-2.065769,17.632187
5542.0000,11.883190,-2.072444,15.096659
5543.0000,14.282516,-3.417572,14.003480
5544.0000,11.162839,-4.801198,11.852769
5545.0000,11.935093,-1.777237,12.004223
5546.0000,8.912106,-3.773675,12.186772
5547.0000,9.449168,-2.700847,11.327487
5548.0000,10.120590,-2.016272,11.990799
5549.0000,8.724643,-2.701528,11.267844
5550.0000,11.931248,-4.775905,9.462949
5551.0000,13.436630,-6.633523,10.067798
5552.0000,15.309651,-7.677416,10.137228
5553.0000,13.083579,-6.297758,13.464503
5554.0000,12.614310,-3.688386,12.575606
5555.0000,13.724220,-0.924278,12.075786
5556.0000,14.449030,-0.439463,12.587244
5557.0000,15.441021,-0.348822,15.705197
5558.0000,17.768699,1.632202,15.857444
5559.0000,18.883504,1.589157,19.892801
5560.0000,18.665614,-0.209380,17.927898
5561.0000,20.345570,-2.328989,14.903013
5562.0000,17.924593,-3.417491,12.658618
5563.0000,15.274799,-4.523586,13.990850
5564.0000,15.688820,-4.886998,14.632386
5565.0000,17.822587,-6.642398,13.849113
5566.0000,17.538967,-4.709720,14.852992
5567.0000,16.920850,-2.684006,16.996378
5568.0000,16.270983,-0.582398,15.434299
5569.0000,14.261376,-0.989807,14.761216
5570.0000,13.063655,-0.079799,14.039396
5571.0000,12.116218,3.307132,15.057885
5572.0000,11.313972,3.655912,13.727467
5573.0000,12.896536,5.631398,12.624057
5574.0000,13.934232,5.513314,15.409976
5575.0000,11.611594,4.416536,16.981502
5576.0000,11.363309,3.894226,17.764186
5577.0000,10.391990,5.458939,12.663938
5578.0000,14.940281,2.507110,11.274253
5579.0000,18.720503,1.613758,11.990143
5580.0000,15.128776,3.037624,11.902467
5581.0000,11.965838,6.586219,10.032560
5582.0000,10.144497,4.349823,10.837490
5583.0000,6.048032,5.812901,10.805044
5584.0000,5.494438,8.200691,11.424709
5585.0000,7.767085,3.720670,10.931596
5586.0000,7.069369,1.929414,11.093376
5587.0000,7.035345,1.274165,12.222481
5588.0000,6.404890,-0.845400,16.438464
5589.0000,5.686952,1.098684,14.978913
5590.0000,7.496305,-1.506747,13.812396
5591.0000,5.059185,0.092319,10.306557
5592.0000,6.902241,3.721069,10.781906
5593.0000,6.774709,0.901329,11.346905
5594.0000,2.304149,0.126720,12.994061
5595.0000,5.657825,5.107704,12.224646
5596.0000,5.758871,4.041670,11.255155
5597.0000,4.039276,6.234121,8.741836
5598.0000,5.617762,5.372165,11.639574
5599.0000,5.357097,7.036940,11.181105
5600.0000,2.083445,8.121558,15.074819
5601.0000,3.712570,7.208717,18.735381
5602.0000,3.840900,7.549758,18.070845
5603.0000,4.482180,3.753706,17.318384
5604.0000,7.217062,1.760277,14.736711
5605.0000,9.106191,5.712301,16.808744
5606.0000,8.709325,7.408679,17.327917
5607.0000,7.370612,7.512106,17.151189
5608.0000,4.236487,3.199768,17.859646
5609.0000,2.372397,4.789258,17.997598
5610.0000,-0.456178,-0.666942,17.966010
5611.0000,-0.433224,-3.839619,15.009535
5612.0000,2.479975,-3.672006,16.256519
5613.0000,4.844489,-2.116825,19.023895
5614.0000,4.996704,-2.290484,17.595521
5615.0000,2.283774,-2.439809,18.843389
5616.0000,4.059953,-0.465427,18.183568
5617.0000,7.302758,-0.424392,19.221479
5618.0000,10.536898,-1.182118,19.412007
5619.0000,8.627271,1.450517,23.169722
5620.0000,5.313783,2.760734,22.651485
5621.0000,4.396630,3.137699,22.655430
5622.0000,4.020029,4.515066,23.349104
5623.0000,5.413463,6.466809,24.324334
5624.0000,5.085514,6.764638,25.558466
5625.0000,5.872142,9.109960,27.107270
5626.0000,2.917052,12.359573,28.026843
5627.0000,2.783789,13.137956,27.819208
5628.0000,3.667213,10.924796,26.046760
5629.0000,4.457971,10.510447,28.070451
5630.0000,2.956416,7.869193,29.986127
5631.0000,5.968889,5.132652,28.904007
5632.0000,4.936327,3.622278,32.730234
5633.0000,3.504741,3.239582,33.905773
5634.0000,3.094841,2.371089,32.353421
5635.0000,7.087519,-0.425312,31.199122
5636.0000,6.733431,2.861845,29.499429
5637.0000,7.134576,-0.127194,32.992158
5638.0000,5.494092,2.024324,34.830811
5639.0000,4.813184,-0.309880,33.340994
5640.0000,3.878067,0.976335,28.239568
5641.0000,2.646945,-0.638928,28.194182
5642.0000,0.447433,-2.257394,28.202699
5643.0000,-1.342988,-2.638961,26.759909
5644.0000,-5.136309,-2.104151,29.179478
5645.0000,-6.047644,-2.933065,26.779413
5646.0000,-9.042687,-2.001085,28.752357
5647.0000,-7.669628,0.358455,26.397394
5648.0000,-7.271167,0.211905,29.570192
5649.0000,-6.302882,0.351986,29.146293
5650.0000,-6.919153,-1.090304,26.260104
5651.0000,-4.936204,-2.264139,27.673886
5652.0000,-6.925398,-0.786697,29.202328
5653.0000,-6.842903,2.080246,30.723844
5654.0000,-4.646439,3.716274,30.409310
5655.0000,-3.940301,4.107486,30.591755
5656.0000,-0.257788,4.274678,28.842439
5657.0000,-2.650366,0.990406,26.373800
5658.0000,-1.065765,0.950695,27.540213
5659.0000,-2.353370,4.926119,29.551938
5660.0000,-5.221621,7.650353,26.359810
5661.0000,-4.367624,4.066915,24.555229
5662.0000,-6.920530,7.820585,25.481187
5663.0000,-5.902451,9.192521,24.358832
5664.0000,-5.787716,8.257905,20.160031
5665.0000,-6.877313,5.695969,23.207863
5666.0000,-8.245295,6.633078,24.346414
5667.0000,-9.815811,9.075777,24.757009
5668.0000,-12.608992,9.998534,21.616895
5669.0000,-11.867982,9.445218,23.384654
5670.0000,-11.898432,9.506121,22.920205
5671.0000,-11.256868,10.626254,22.163315
5672.0000,-10.644570,11.110981,20.232470
5673.0000,-11.649301,10.623871,16.987321
5674.0000,-10.463314,10.767388,15.562513
5675.0000,-11.463188,9.242153,12.673631
5676.0000,-15.136251,7.228033,13.398077
5677.0000,-16.226035,6.106843,11.486915
5678.0000,-12.847877,5.372172,12.623758
5679.0000,-17.262739,9.446831,13.220668
5680.0000,-15.275498,10.162167,14.716827
5681.0000,-12.802161,9.526922,17.675978
5682.0000,-14.040519,11.397629,17.689690
5683.0000,-14.822545,9.686125,16.955960
5684.0000,-12.417606,9.214136,17.909134
5685.0000,-10.948140,7.793205,18.924213
5686.0000,-12.756606,8.321535,21.337740
5687.0000,-14.811823,8.673782,21.082339
5688.0000,-15.292965,4.640622,21.889092
5689.0000,-14.512472,5.624742,21.345719
5690.0000,-13.950280,4.914654,23.731505
5691.0000,-13.178914,4.381942,21.543395
5692.0000,-15.139242,6.184144,20.727063
5693.0000,-14.631252,4.398218,21.310470
5694.0000,-16.236972,6.761707,18.136854
5695.0000,-12.942667,1.832318,17.621646
5696.0000,-15.363247,6.380926,16.649389
5697.0000,-12.097897,8.895527,15.537686
5698.0000,-13.150205,6.141758,15.941742
5699.0000,-11.656886,7.667231,14.690450
5700.0000,-7.294599,8.199374,12.363235
5701.0000,-7.160277,9.992409,12.327011
5702.0000,-8.217916,9.821999,10.604758
5703.0000,-6.463533,10.345775,9.620370
5704.0000,-7.484500,10.534143,9.025606
5705.0000,-8.780777,11.393614,9.921252
5706.0000,-10.228227,8.590986,8.684934
5707.0000,-7.861037,11.904538,8.714275
5708.0000,-6.477819,15.251331,10.437476
5709.0000,-5.698214,16.930247,12.711610
5710.0000,-4.828156,14.627260,13.324231
5711.0000,-4.706027,12.126335,13.193566
5712.0000,-6.543944,11.220943,10.099028
5713.0000,-7.085165,7.540173,10.680981
5714.0000,-9.467841,7.140996,12.032656
5715.0000,-9.964079,7.995775,9.222666
5716.0000,-11.454286,8.568051,8.354979
5717.0000,-10.856890,8.860726,6.984481
5718.0000,-12.191784,12.028833,2.552198
5719.0000,-10.945383,9.404446,4.639644
5720.0000,-13.061125,13.490557,4.131454
5721.0000,-12.435625,15.826398,5.049144
5722.0000,-12.542094,13.361463,5.818759
5723.0000,-9.519399,10.718137,5.984729
5724.0000,-9.155442,11.301441,9.129759
5725.0000,-8.300002,8.663093,10.465845
5726.0000,-6.675460,8.091587,8.111005
5727.0000,-4.070057,6.553750,11.106736
5728.0000,-4.211015,9.225622,9.998885
5729.0000,-4.679718,9.077125,8.118295
5730.0000,-8.141424,9.028012,7.078832
5731.0000,-7.622895,7.454251,4.255971
5732.0000,-6.303481,4.142933,5.321077
5733.0000,-7.366945,3.294783,4.926199
5734.0000,-7.289950,2.250294,3.254601
5735.0000,-5.973405,0.916000,2.662947
5736.0000,-6.844429,-3.172710,1.108433
5737.0000,-7.672257,-4.038031,4.682354
5738.0000,-7.295231,-2.687800,4.867424
5739.0000,-7.246770,-4.658019,6.707417
5740.0000,-8.195048,-4.059347,2.825364
5741.0000,-8.671445,-3.372388,4.854032
5742.0000,-9.678519,-4.409764,3.691534
5743.0000,-11.147293,-5.398237,3.078974
5744.0000,-9.328840,-2.639296,3.261585
5745.0000,-10.920566,2.504922,4.360993
5746.0000,-11.819521,1.028188,2.387306
5747.0000,-11.008934,2.736973,3.664783
5748.0000,-14.992405,0.107396,1.946814
5749.0000,-15.078868,0.373744,-0.045105
5750.0000,-12.052303,-1.080046,-2.742387
5751.0000,-12.760585,-2.810472,-2.571986
5752.0000,-14.218669,-0.877692,-1.907031
5753.0000,-17.111968,-0.642101,-1.769660
5754.0000,-15.869625,0.453277,-1.789131
5755.0000,-13.539636,-0.589201,-0.038646
5756.0000,-14.688831,-4.096305,0.034712
5757.0000,-15.930315,-2.785232,0.485403
5758.0000,-16.697241,-1.207936,5.687681
5759.0000,-15.700361,1.303688,8.972335
5760.0000,-12.498365,-1.433458,8.112610
5761.0000,-11.694398,1.445497,10.410563
5762.0000,-12.161279,-1.715473,8.040925
5763.0000,-14.987616,-0.527053,4.688338
5764.0000,-17.427229,-0.094787,2.307848
5765.0000,-16.766199,1.913386,1.721402
5766.0000,-17.395671,0.413909,0.360126
5767.0000,-16.103428,1.980063,-0.755919
5768.0000,-15.559980,0.841898,-2.297395
5769.0000,-14.415740,1.154092,-4.358790
5770.0000,-13.244085,4.304928,-1.515432
5771.0000,-15.135168,5.845557,0.971517
5772.0000,-14.212035,5.350646,1.944356
5773.0000,-12.863846,4.379964,3.106308
5774.0000,-10.385539,3.700702,1.053048
5775.0000,-10.310045,6.025005,-0.349601
5776.0000,-8.721702,3.358693,-2.930795
5777.0000,-6.196468,1.728021,-4.076681
5778.0000,-6.110868,0.454459,-4.276709
5779.0000,-3.051105,1.818904,1.671662
5780.0000,-1.491766,1.445042,-1.462244
5781.0000,-0.287425,0.725649,0.016302
5782.0000,0.086446,1.747821,-1.556510
5783.0000,-3.278204,1.243050,-2.648060
5784.0000,-3.152755,0.683665,-4.201367
5785.0000,-2.798986,0.189240,-3.024771
5786.0000,-0.944752,3.514779,-2.105198
5787.0000,-2.710738,0.139390,-2.783196
5788.0000,-4.681221,-1.859449,-2.281682
5789.0000,-6.840166,-5.504531,-3.519333
5790.0000,-5.286424,-7.458048,0.513425
5791.0000,-2.658077,-7.106753,-1.477606
5792.0000,-6.209709,-7.730623,0.762902
5793.0000,-6.690126,-12.478366,7.287849
5794.0000,-8.322195,-11.373964,5.721439
5795.0000,-12.408534,-9.830081,7.367965
5796.0000,-11.669117,-6.993228,10.070348
5797.0000,-14.834066,-10.899676,12.445614
5798.0000,-13.566161,-10.863643,13.333621
5799.0000,-17.791757,-8.843489,15.837395
5800.0000,-16.506073,-7.825957,17.482977
5801.0000,-14.392921,-5.608640,16.264358
5802.0000,-10.886452,-3.075884,17.297119
5803.0000,-10.624228,-4.196644,17.794629
5804.0000,-9.752017,0.727993,17.741908
5805.0000,-11.753907,3.793489,16.296274
5806.0000,-10.062384,6.344422,17.455175
5807.0000,-10.885095,6.533693,11.104991
5808.0000,-7.151998,5.024644,12.758147
5809.0000,-7.644948,4.429957,12.480449
5810.0000,-5.582294,3.624478,11.087992
5811.0000,-9.639977,3.301223,8.825907
5812.0000,-8.637608,0.484697,8.074696
5813.0000,-12.240787,3.740260,8.023346
5814.0000,-13.780399,8.607031,11.042603
5815.0000,-10.855107,6.188265,13.998759
5816.0000,-8.309462,4.870994,11.557980
5817.0000,-8.149349,2.158590,12.696359
5818.0000,-3.774853,6.030522,9.420286
5819.0000,-2.277620,7.004007,10.763851
5820.0000,-3.637987,6.990120,9.658324
5821.0000,-1.803068,8.488194,9.337441
5822.0000,-4.247375,7.432378,5.019310
5823.0000,-5.050822,5.525090,6.576484
5824.0000,-5.543715,5.923842,6.743366
5825.0000,-7.995074,3.378842,7.978223
5826.0000,-7.857265,4.345903,6.939747
5827.0000,-2.858942,5.869236,2.211024
5828.0000,-5.659508,8.039924,0.330105
5829.0000,-4.827742,8.854650,4.047085
5830.0000,-3.874770,8.633709,3.032485
5831.0000,-2.650799,10.468638,1.360352
5832.0000,-0.829232,11.340954,0.461882
5833.0000,-1.608716,8.944857,-0.274102
5834.0000,-3.750144,10.789409,-2.262842
5835.0000,-2.386584,12.893006,-2.715073
5836.0000,-4.909213,11.082083,-0.994081
5837.0000,-2.744646,13.581164,0.808116
5838.0000,-2.787885,12.110864,1.482989
5839.0000,-1.770631,8.216378,-0.315699
5840.0000,-0.366219,11.541265,-3.265968
5841.0000,-0.422666,8.257960,-3.314119
5842.0000,-1.522851,9.975870,-5.058739
5843.0000,-4.925096,13.406029,-3.024462
5844.0000,-2.632841,12.065541,-4.136011
5845.0000,-5.994967,13.726919,-4.748711
5846.0000,-6.481101,16.774194,-6.276604
5847.0000,-8.179226,18.178430,-7.583317
5848.0000,-8.740260,19.538426,-6.009876
5849.0000,-8.741575,18.930726,-6.746608
5850.0000,-9.802611,16.469670,-6.808269
5851.0000,-7.607656,16.109452,-5.677264
5852.0000,-8.147344,15.606707,-7.416140
5853.0000,-6.478847,18.018005,-7.077145
5854.0000,-10.662890,18.192864,-8.096472
5855.0000,-8.820500,17.721297,-7.959026
5856.0000,-10.955650,16.424305,-7.291442
5857.0000,-10.054334,16.084603,-4.629499
5858.0000,-10.665025,16.264066,-4.675698
5859.0000,-9.909822,16.143214,-5.388465
5860.0000,-9.659858,16.930439,-3.748660
5861.0000,-6.458419,19.088358,-2.337004
5862.0000,-6.512356,16.374829,-2.236056
5863.0000,-5.506737,17.645770,-2.327998
5864.0000,-7.288431,17.906176,0.946760
5865.0000,-10.275838,17.889752,1.000584
5866.0000,-6.742890,18.203344,1.405794
5867.0000,-8.246494,17.920015,-0.504312
5868.0000,-10.847421,13.793748,0.493308
5869.0000,-12.852649,13.704162,1.711371
5870.0000,-11.635220,10.036222,2.739375
5871.0000,-9.592993,7.802604,3.135607
5872.0000,-10.591955,10.645775,3.880787
5873.0000,-5.973632,10.299535,6.904893
5874.0000,-7.050865,12.675011,5.051071
5875.0000,-6.931605,15.679972,7.007363
5876.0000,-11.347594,14.412069,7.216100
5877.0000,-12.572381,9.996976,2.707704
5878.0000,-14.192338,7.073408,1.549015
5879.0000,-15.999242,5.162417,2.160286
5880.0000,-15.631521,2.711589,-0.099642
5881.0000,-18.761481,4.237571,1.883532
5882.0000,-14.308688,4.077662,2.064673
5883.0000,-10.755503,4.101915,2.280310
5884.0000,-10.349785,4.064284,1.527185
5885.0000,-11.173266,7.355022,4.579315
5886.0000,-8.662765,6.011172,5.002828
5887.0000,-8.648233,7.945218,3.118589
5888.0000,-9.683270,6.850812,2.021877
5889.0000,-9.616773,6.690984,5.114989
5890.0000,-7.992881,10.930780,3.913189
5891.0000,-7.845283,10.268069,2.356500
5892.0000,-10.972099,8.720414,3.244250
5893.0000,-11.529501,5.839670,2.953118
5894.0000,-10.645283,4.775010,3.980035
5895.0000,-8.390216,6.043516,2.655551
5896.0000,-10.737822,7.012756,-0.396827
5897.0000,-13.778514,4.120004,0.696030
5898.0000,-12.379435,3.209776,-0.359034
5899.0000,-11.649732,1.287084,2.058481
5900.0000,-8.389077,0.656361,3.604946
5901.0000,-9.751733,3.440787,4.801163
5902.0000,-8.289573,1.518464,4.415794
5903.0000,-8.976076,2.661447,3.345962
5904.0000,-3.395048,0.086097,0.447192
5905.0000,-5.138990,1.190282,1.956962
5906.0000,-4.789693,-0.303293,4.775550
5907.0000,-3.594886,-0.571966,5.562769
5908.0000,-6.652696,-3.850172,10.282262
5909.0000,-3.826053,-5.505910,10.716974
5910.0000,-4.220925,-6.300599,12.177712
5911.0000,-7.968217,-7.722015,11.387659
5912.0000,-8.314038,-6.483697,13.056065
5913.0000,-8.593749,-7.014010,13.627695
5914.0000,-5.972274,-5.701871,14.320073
5915.0000,-3.122677,-5.750457,17.959188
5916.0000,-2.897483,-8.655009,17.569754
5917.0000,-3.267130,-8.555420,20.694600
5918.0000,-4.644004,-8.644971,21.049848
5919.0000,-6.303348,-8.274922,19.456376
5920.0000,-5.266647,-5.379888,20.031972
5921.0000,-5.593353,-5.430361,21.147991
5922.0000,-6.490082,-4.124008,23.301855
5923.0000,-6.874065,-0.915806,19.385594
5924.0000,-7.198308,-2.857278,18.487242
5925.0000,-8.394846,-1.626643,22.994123
5926.0000,-10.587367,-3.121583,21.349014
5927.0000,-11.342107,-3.090302,21.552683
5928.0000,-12.192293,-3.808872,22.192941
5929.0000,-12.695548,-3.151314,22.290501
5930.0000,-13.499962,0.156431,22.223370
5931.0000,-11.953569,0.135458,21.413261
5932.0000,-11.413567,-0.166531,21.358962
5933.0000,-13.123318,-1.262635,19.927261
5934.0000,-12.791993,-1.318542,19.583523
5935.0000,-15.350692,-2.015013,21.194065
5936.0000,-13.782280,-2.754040,19.805710
5937.0000,-10.851855,0.599626,18.781164
5938.0000,-12.396301,0.322240,16.530682
5939.0000,-9.653389,-0.350951,18.724334
5940.0000,-9.189415,3.725268,14.679690
5941.0000,-7.543801,1.329442,15.357826
5942.0000,-5.966121,-0.079037,13.458378
5943.0000,-7.521556,2.550982,8.917349
5944.0000,-10.009492,0.269806,9.084282
5945.0000,-6.677077,2.547666,9.179985
5946.0000,-7.186875,1.926573,8.839808
5947.0000,-7.481177,0.332602,10.504902
5948.0000,-9.226241,3.001456,8.381495
5949.0000,-12.798469,3.385956,7.045071
5950.0000,-12.318083,5.321610,9.378296
5951.0000,-16.987053,5.522326,7.807787
5952.0000,-19.149410,8.286196,10.662342
5953.0000,-21.747862,10.212350,12.847881
5954.0000,-20.442138,13.573977,10.518608
5955.0000,-17.669817,15.048428,7.395542
5956.0000,-18.722445,13.533732,7.441697
5957.0000,-17.225927,13.089179,5.162504
5958.0000,-14.891275,15.201659,8.379242
5959.0000,-17.155372,15.056335,7.056976
5960.0000,-19.080232,15.047818,8.417035
5961.0000,-21.660513,18.056696,10.028727
5962.0000,-25.438658,18.235650,9.546514
5963.0000,-24.729805,16.237918,12.107260
5964.0000,-27.592983,13.604959,10.364121
5965.0000,-28.232359,11.133821,9.636780
5966.0000,-27.270010,14.714080,12.041906
5967.0000,-26.966352,17.147828,14.628583
5968.0000,-25.486042,18.168950,10.614237
5969.0000,-24.193232,18.692398,10.287207
5970.0000,-24.924979,19.569421,14.007533
5971.0000,-27.566356,19.878339,16.142870
5972.0000,-27.282049,19.044523,14.605935
5973.0000,-26.161802,17.106147,16.915468
5974.0000,-25.259759,15.891777,14.150684
5975.0000,-23.707293,17.457432,13.060102
5976.0000,-24.560442,14.986061,10.827596
5977.0000,-22.776056,13.050691,11.868671
5978.0000,-23.122239,16.361094,12.894196
5979.0000,-25.635334,15.628556,11.751925
5980.0000,-27.733836,14.751629,13.444074
5981.0000,-32.028351,17.283224,12.111300
5982.0000,-28.798603,17.286617,11.349478
5983.0000,-27.211352,16.475816,12.457263
5984.0000,-26.749492,15.456501,12.747314
5985.0000,-26.532455,14.361625,13.239221
5986.0000,-25.263987,14.857607,10.832374
5987.0000,-28.090738,14.493515,12.739011
5988.0000,-28.143729,16.497231,16.528570
5989.0000,-27.543728,14.876575,15.152541
5990.0000,-28.575640,18.013483,12.027124
5991.0000,-27.797573,17.760556,9.473239
5992.0000,-27.351426,19.896953,10.664866
5993.0000,-24.287071,20.491379,7.950104
5994.0000,-20.925045,19.242718,4.242662
5995.0000,-20.426299,16.432650,-0.156327
5996.0000,-19.040077,16.287678,-0.846789
5997.0000,-15.302610,14.230798,-1.343617
5998.0000,-15.464765,12.583671,-1.594070
5999.0000,-14.713495,11.027080,-3.798164
6000.0000,-15.308638,8.750665,-1.101642
6001.0000,-20.088866,9.165146,-0.695880
6002.0000,-19.939620,7.905106,1.332146
6003.0000,-22.139279,8.055669,2.090190
6004.0000,-21.018509,5.200870,2.355512
6005.0000,-20.728462,1.710509,0.733633
6006.0000,-18.235429,3.377641,4.312215
6007.0000,-18.952356,2.823629,1.515669
6008.0000,-17.829238,4.361764,0.679446
6009.0000,-19.738216,3.756126,2.811365
6010.0000,-18.145213,6.172987,4.328478
6011.0000,-16.601800,4.019975,5.234077
6012.0000,-16.553262,5.332300,5.674384
6013.0000,-16.837046,7.115817,7.735048
6014.0000,-16.352712,6.482187,9.875392
6015.0000,-15.642860,9.109707,5.922262
6016.0000,-19.410251,6.599347,5.860977
6017.0000,-15.986418,8.504020,7.778285
6018.0000,-16.321884,10.587861,8.870559
6019.0000,-15.219797,11.049103,9.925007
6020.0000,-13.920133,12.735877,8.240829
6021.0000,-13.244788,11.376643,9.002342
6022.0000,-14.368231,12.599576,4.962367
6023.0000,-10.907878,17.432851,3.245950
6024.0000,-12.159778,18.150737,2.967308
6025.0000,-11.350522,16.017294,0.578012
6026.0000,-10.860440,13.419215,-0.852461
6027.0000,-11.318300,15.653322,-1.478682
6028.0000,-12.944757,13.590670,1.195112
6029.0000,-12.223075,17.520708,2.303375
6030.0000,-14.212251,15.067481,4.173249
6031.0000,-12.571070,18.138664,6.571610
6032.0000,-9.422477,13.965943,6.182529
6033.0000,-4.640160,16.219917,4.056355
6034.0000,-5.115571,10.926434,1.955368
6035.0000,-4.052024,9.279194,4.540916
6036.0000,-4.870937,9.129238,4.875703
6037.0000,-1.307767,13.468787,5.072759
6038.0000,-3.062995,15.137253,1.042380
6039.0000,-4.121687,16.855873,4.198209
6040.0000,-5.169238,11.126183,6.836521
6041.0000,-4.692385,10.176739,4.486599
6042.0000,-1.770310,9.199916,0.561784
6043.0000,-2.226115,5.748336,1.721256
6044.0000,-3.003534,6.187571,1.775822
6045.0000,-2.089406,8.016959,-2.091733
6046.0000,-0.787217,9.069482,1.698133
6047.0000,-1.044383,10.231196,1.862733
6048.0000,0.155017,15.930848,1.642570
6049.0000,-0.406837,12.102202,1.529014
6050.0000,1.797475,12.534835,2.894357
6051.0000,2.703783,11.900170,5.063329
6052.0000,4.142432,12.207535,5.341217
6053.0000,5.642026,11.312302,6.638297
6054.0000,3.629707,11.686775,10.079058
6055.0000,1.400130,12.054100,9.524651
6056.0000,5.040942,12.977379,10.685139
6057.0000,6.628603,13.063746,7.353009
6058.0000,5.526320,9.345407,4.775028
6059.0000,8.486990,9.106637,4.464595
6060.0000,4.977491,11.144797,3.427850
6061.0000,1.885646,9.715819,3.076025
6062.0000,4.749167,11.740436,1.363994
6063.0000,6.154693,12.486897,-0.463496
6064.0000,5.878709,10.596958,-0.331873
6065.0000,6.296660,9.929118,1.147267
6066.0000,11.235758,8.281427,5.131251
6067.0000,9.574731,9.534462,7.508863
6068.0000,7.213626,7.679572,8.064559
6069.0000,8.300747,7.389292,7.954364
6070.0000,8.014281,9.007894,9.045636
6071.0000,8.256400,8.341939,11.399880
6072.0000,7.906700,10.968183,12.012696
6073.0000,8.395620,7.574809,8.032176
6074.0000,8.107562,9.726046,7.455407
6075.0000,9.180417,11.559076,5.795194
6076.0000,8.446800,12.603629,8.240436
6077.0000,4.962811,9.881076,9.492010
6078.0000,8.380653,9.468680,7.384886
6079.0000,7.860647,8.329424,6.230319
6080.0000,8.198740,7.171376,-0.440841
6081.0000,9.876763,5.634902,1.131142
6082.0000,11.880925,5.350789,1.944313
6083.0000,13.030307,2.144460,3.288503
6084.0000,11.254732,0.656452,1.683699
6085.0000,12.087103,0.465038,2.595456
6086.0000,15.005795,1.940721,3.061895
6087.0000,16.332755,2.027050,2.629979
6088.0000,18.808019,5.597576,1.987990
6089.0000,18.967160,3.664271,3.155976
6090.0000,17.740346,3.251046,0.502896
6091.0000,16.618391,3.010982,4.319071
6092.0000,16.163852,3.066746,2.955292
6093.0000,14.683759,-0.645848,4.063872
6094.0000,12.988443,-3.374021,2.096045
6095.0000,12.234877,-1.994686,3.858572
6096.0000,10.357393,-0.645214,4.020335
6097.0000,11.330764,-2.301600,4.356206
6098.0000,10.070657,-2.898259,3.493097
6099.0000,8.513025,0.535131,3.715916
6100.0000,11.493825,-0.120282,4.095263
6101.0000,10.419192,-2.270861,7.357360
6102.0000,9.260698,-4.706864,5.676149
6103.0000,12.071254,-4.605878,5.947580
6104.0000,14.442733,-4.235774,4.312763
6105.0000,12.811056,-3.072421,4.881855
6106.0000,12.220509,-1.018624,3.760044
6107.0000,10.399902,0.334311,4.735377
6108.0000,11.218658,2.322475,8.537741
6109.0000,8.113662,1.842472,5.363239
6110.0000,5.763087,4.217225,8.280118
6111.0000,4.931841,5.256705,7.584502
6112.0000,3.322770,5.415549,7.187488
6113.0000,1.932244,6.290747,9.089345
6114.0000,1.583376,5.791690,8.142035
6115.0000,2.550195,6.321330,10.045005
6116.0000,2.274974,7.618997,6.910057
6117.0000,2.122682,8.378860,6.822117
6118.0000,3.158927,7.774615,7.544113
6119.0000,4.246873,8.689611,10.368810
6120.0000,0.249541,7.777988,8.917821
6121.0000,3.937810,6.399151,8.431421
6122.0000,3.001042,8.302692,7.845670
6123.0000,4.138960,10.262960,4.252866
6124.0000,4.965237,8.558778,4.456024
6125.0000,5.250012,10.437910,3.427703
6126.0000,4.059794,15.036338,1.490388
6127.0000,3.187040,14.594495,-0.458735
6128.0000,2.080048,12.198724,2.293426
6129.0000,2.203799,13.847874,5.934122
6130.0000,3.605797,11.027040,4.505611
6131.0000,7.242412,10.084445,0.931675
6132.0000,5.992295,6.574455,0.061366
6133.0000,7.403659,6.352532,1.975609
6134.0000,7.011013,5.296621,0.341218
6135.0000,9.712502,0.106766,2.912620
6136.0000,10.112931,-1.375077,2.546038
6137.0000,9.473094,3.946034,3.257035
6138.0000,7.306819,0.171635,0.852266
6139.0000,5.085773,2.312694,4.239785
6140.0000,4.997569,1.833170,1.544167
6141.0000,3.262424,5.525412,0.237926
6142.0000,5.310806,7.515983,1.116432
6143.0000,3.083703,7.579438,2.354028
6144.0000,1.740325,6.646098,2.861252
6145.0000,1.002133,6.332481,0.574913
6146.0000,4.501785,7.329632,-2.466850
6147.0000,5.135951,6.459412,1.142952
6148.0000,6.531533,10.538787,4.929714
6149.0000,5.071212,12.285223,6.177896
6150.0000,6.956581,11.176476,6.822289
6151.0000,1.394888,12.071803,9.122215
6152.0000,3.020296,14.446449,6.598748
6153.0000,4.169343,12.900460,8.071463
6154.0000,4.480173,11.628392,10.700645
6155.0000,5.561607,10.315247,12.306825
6156.0000,7.964143,9.579579,11.391373
6157.0000,6.748309,10.536654,12.009740
6158.0000,4.577563,8.987367,8.956796
6159.0000,7.879824,8.292074,6.700991
6160.0000,7.323842,9.489667,5.738969
6161.0000,5.558781,13.270427,4.308761
6162.0000,3.610633,14.603189,4.550345
6163.0000,3.863413,13.306208,2.682137
6164.0000,3.033138,11.541007,4.611225
6165.0000,1.386985,13.381880,2.887592
6166.0000,-1.330074,11.564052,1.730659
6167.0000,0.397403,11.849502,2.297913
6168.0000,-2.701553,13.043860,2.980406
6169.0000,-0.204409,13.420270,5.491032
6170.0000,3.156047,12.929743,5.996252
6171.0000,4.158929,9.587600,6.680442
6172.0000,4.944305,12.808487,4.934161
6173.0000,6.295176,12.597913,2.563006
6174.0000,6.605538,10.574758,1.450024
6175.0000,5.839167,10.074631,-0.041489
6176.0000,5.475227,9.835587,0.468443
6177.0000,7.795734,9.586251,-3.452044
6178.0000,6.140383,12.400840,-1.952350
6179.0000,5.418085,8.027902,-1.267789
6180.0000,3.004492,4.738446,-0.583295
6181.0000,1.683527,6.505434,0.057990
6182.0000,0.159964,6.004327,3.448198
6183.0000,2.859138,4.196047,2.408776
6184.0000,1.021634,3.218033,0.929745
6185.0000,-0.928781,3.983409,0.244063
6186.0000,-1.819221,4.826115,-1.176031
6187.0000,-1.144419,4.123215,-3.636554
6188.0000,-4.323045,4.003384,-2.650774
6189.0000,-3.747319,2.804401,-4.182957
6190.0000,-4.840716,3.844731,-3.538773
6191.0000,-2.695651,6.284603,-5.354578
6192.0000,-3.018462,3.969892,-4.245189
6193.0000,-7.815137,2.345176,-3.569078
6194.0000,-8.217973,5.466997,-2.742645
6195.0000,-8.515988,1.014504,-3.296945
6196.0000,-6.223448,-3.347161,-0.962416
6197.0000,-4.875913,-0.035951,-0.391176
6198.0000,-7.280794,0.069322,2.441707
6199.0000,-5.581441,0.164047,4.211397
6200.0000,-7.009382,-2.064651,5.330253
6201.0000,-7.184618,2.694401,6.122156
6202.0000,-5.944489,-0.608378,4.365356
6203.0000,-6.697338,-0.940634,4.052595
6204.0000,-7.220925,-0.253890,4.565775
6205.0000,-10.386870,-1.633482,7.658397
6206.0000,-10.097789,-2.500850,6.206189
6207.0000,-11.171177,-2.557861,6.220451
6208.0000,-7.704678,-0.412758,4.016554
6209.0000,-8.341805,-0.275979,6.693853
6210.0000,-7.058861,-0.781353,6.731061
6211.0000,-8.862159,-0.246030,4.179120
6212.0000,-11.538121,-2.739843,2.086073
6213.0000,-13.716695,-2.871610,-1.866426
6214.0000,-13.928590,-2.214879,-3.051704
6215.0000,-10.914897,-0.486790,-5.141809
6216.0000,-10.150205,-3.863574,-5.589459
6217.0000,-8.395749,-0.203512,-5.735438
6218.0000,-10.382189,-4.849469,-1.103032
6219.0000,-8.830298,-5.034943,-1.475687
6220.0000,-9.418156,-3.710903,-0.740636
6221.0000,-6.110644,-2.686752,-2.632447
6222.0000,-4.140838,-6.119325,-2.230817
6223.0000,-5.186496,-5.403504,-3.859859
6224.0000,-5.878881,-2.654622,-3.862894
6225.0000,-0.582241,-2.518683,-2.226207
6226.0000,-2.103800,-3.669341,-0.967574
6227.0000,-1.470133,-3.605255,1.195445
6228.0000,-1.452759,-5.529373,-0.476510
6229.0000,-3.670671,-6.426478,-0.749944
6230.0000,2.225649,-5.015010,0.139468
6231.0000,1.812917,-4.161243,-1.620501
6232.0000,2.534262,-9.980312,-0.638383
6233.0000,1.852249,-12.872867,-0.048727
6234.0000,-1.904470,-10.048093,-1.202183
6235.0000,-1.526918,-10.946886,-1.898929
6236.0000,-3.633267,-11.683876,-2.168182
6237.0000,-1.980434,-12.092317,-0.989354
6238.0000,-0.029954,-12.129902,0.228354
6239.0000,0.097392,-11.354331,-1.175656
6240.0000,0.500509,-12.445335,-1.238271
6241.0000,0.956537,-8.489267,-2.304674
6242.0000,3.564329,-8.666091,-3.510520
6243.0000,4.119251,-8.973782,-4.539901
6244.0000,4.526880,-6.765604,-3.998552
6245.0000,0.154878,-6.156415,-5.573535
6246.0000,-0.550078,-7.304191,-5.082701
6247.0000,-2.042095,-4.230154,-6.293733
6248.0000,-0.928654,-2.954569,-7.169278
6249.0000,0.818887,-3.583128,-9.842246
6250.0000,2.476441,-2.980104,-8.185221
6251.0000,0.612187,-1.985067,-6.759099
6252.0000,0.624986,-3.647719,-10.724371
6253.0000,2.115734,-3.771046,-10.024248
6254.0000,3.175303,-0.052264,-10.225129
6255.0000,5.419111,-0.989928,-10.712043
6256.0000,4.611573,0.040451,-10.924214
6257.0000,7.213229,0.546775,-9.268483
6258.0000,9.238097,1.704174,-9.707498
6259.0000,11.322639,3.185006,-11.180701
6260.0000,12.216477,2.378401,-8.811018
6261.0000,9.493928,1.142098,-9.157804
6262.0000,11.216652,-0.849399,-6.624402
6263.0000,10.140963,-0.416399,-6.757081
6264.0000,8.150395,-4.422511,-7.247116
6265.0000,9.128725,-5.487489,-6.974007
6266.0000,8.289984,-8.940100,-4.637628
6267.0000,9.720288,-6.347749,0.608869
6268.0000,6.796623,-5.820945,1.901496
6269.0000,6.577961,-3.519931,2.829578
6270.0000,9.658335,-3.391150,4.737684
6271.0000,9.064705,-3.290044,5.534191
6272.0000,8.780925,-6.883273,1.945528
6273.0000,9.359198,-8.714054,5.193077
6274.0000,7.187912,-10.613253,2.483724
6275.0000,5.611382,-9.949572,3.748525
6276.0000,6.737864,-7.151054,3.856103
6277.0000,2.935076,-5.433417,0.883422
6278.0000,-0.625829,-4.503732,-1.291462
6279.0000,-2.410818,-0.641245,1.388544
6280.0000,0.649476,4.576552,1.195852
6281.0000,2.079090,0.421239,0.174031
6282.0000,2.705551,0.653181,1.622438
6283.0000,0.051693,-0.168667,-2.547559
6284.0000,2.631963,-1.104606,-3.082173
6285.0000,3.706283,-0.963176,-3.459212
6286.0000,7.127432,2.428804,-0.639130
6287.0000,9.955562,2.817852,1.882128
6288.0000,12.558741,2.806835,1.500815
6289.0000,13.031822,1.992822,1.206569
6290.0000,14.579953,0.939026,0.756808
6291.0000,15.660699,-0.189077,-0.488963
6292.0000,14.530471,-1.082864,0.950175
6293.0000,13.478541,0.874210,1.449397
6294.0000,9.766447,-3.647842,3.394377
6295.0000,10.073849,-3.223530,2.986216
6296.0000,14.071733,-0.680439,4.911206
6297.0000,12.996411,-1.919586,1.810060
6298.0000,13.652042,1.735698,3.608993
6299.0000,14.182967,0.896289,1.372203
6300.0000,13.058520,1.364405,1.227547
6301.0000,13.275209,0.897017,1.567827
6302.0000,12.845758,0.299148,0.492885
6303.0000,11.284210,2.033260,-0.042920
6304.0000,11.896641,-0.948555,2.112351
6305.0000,10.985855,1.935862,3.180112
6306.0000,10.649306,1.210585,2.556011
6307.0000,11.152188,0.111221,1.188341
6308.0000,10.058020,-1.114111,2.317647
6309.0000,8.066583,-2.231767,3.355711
6310.0000,8.775480,1.105409,2.461836
6311.0000,9.709872,-0.444325,0.666995
6312.0000,8.414726,-1.677067,0.605467
6313.0000,7.556048,-3.951592,0.013151
6314.0000,10.283454,-1.956655,-1.681927
6315.0000,14.202778,-1.579399,-2.341213
6316.0000,13.905113,-3.048611,-1.436663
6317.0000,12.110873,-5.391490,-2.835492
6318.0000,12.579008,-5.669602,-1.925603
6319.0000,14.642794,-4.042775,-2.339353
6320.0000,15.064162,-3.831005,1.006136
6321.0000,15.041091,-5.497657,0.012207
6322.0000,11.451881,-5.080645,1.725790
6323.0000,12.160444,-6.120076,1.961309
6324.0000,13.309445,-6.379633,4.435471
6325.0000,15.521179,-10.909578,5.105284
6326.0000,11.901904,-9.306355,4.552584
6327.0000,14.716833,-13.443116,2.941474
6328.0000,14.154584,-16.637086,4.359607
6329.0000,13.862687,-17.568186,4.993115
6330.0000,12.299666,-16.904114,5.270222
6331.0000,12.731992,-17.071931,4.605294
6332.0000,15.480199,-19.043944,4.964185
6333.0000,17.225194,-18.063396,3.420045
6334.0000,14.061874,-18.454951,4.207109
6335.0000,12.286377,-16.171904,4.505524
6336.0000,11.936382,-17.215514,5.483544
6337.0000,14.384428,-14.375092,7.165599
6338.0000,16.525017,-14.497473,7.639348
6339.0000,16.458177,-15.727390,6.658693
6340.0000,19.780424,-14.601130,4.982708
6341.0000,20.225617,-11.505888,5.637100
6342.0000,21.272300,-11.348768,4.574801
6343.0000,15.004808,-14.952911,3.500743
6344.0000,14.802432,-10.971923,3.876203
6345.0000,14.195893,-12.286794,3.477776
6346.0000,15.179300,-10.387123,2.079160
6347.0000,15.490206,-10.010028,3.508938
6348.0000,14.132030,-7.465099,0.501140
6349.0000,11.033239,-7.740039,1.652789
6350.0000,15.588183,-4.327187,1.427816
6351.0000,12.704844,-1.796543,3.284956
6352.0000,11.975039,-3.334351,4.939911
6353.0000,11.540984,-5.685391,5.548467
6354.0000,11.110303,-4.753166,5.509680
6355.0000,12.859314,-3.092899,3.375651
6356.0000,14.067604,-1.972533,1.426275
6357.0000,13.713974,-2.936667,3.539478
6358.0000,15.579174,-8.617961,2.806896
6359.0000,18.041833,-10.842692,6.111550
6360.0000,19.225729,-11.675884,2.815798
6361.0000,17.741470,-12.175266,1.938535
6362.0000,20.035274,-15.159144,-1.375094
6363.0000,19.269815,-16.740425,-0.773511
6364.0000,23.838267,-14.196468,-2.857268
6365.0000,26.159868,-13.728271,-0.960427
6366.0000,25.678411,-13.368193,1.057181
6367.0000,25.951834,-13.259246,-0.311568
6368.0000,26.512132,-13.887192,0.007843
6369.0000,29.798885,-11.134999,-2.185194
6370.0000,29.303485,-10.338766,-2.866560
6371.0000,30.351801,-12.426651,-1.125363
6372.0000,30.270582,-13.921003,1.224422
6373.0000,31.712490,-13.304961,-0.330324
6374.0000,32.359405,-15.976389,0.990947
6375.0000,31.641826,-19.162638,-0.603343
6376.0000,32.057434,-22.387032,1.390763
6377.0000,32.719171,-23.588605,2.984095
6378.0000,35.682920,-20.384955,5.119083
6379.0000,33.288711,-19.549574,6.296595
6380.0000,31.143741,-18.788203,4.705236
6381.0000,30.163591,-17.596289,4.118896
6382.0000,29.895579,-15.892179,5.905952
6383.0000,26.636276,-21.690520,4.598881
6384.0000,23.423235,-20.952203,6.100484
6385.0000,26.324930,-23.182605,5.535190
6386.0000,25.953292,-23.922383,6.546694
6387.0000,22.698160,-21.650473,5.684072
6388.0000,20.805514,-22.942757,3.732725
6389.0000,20.528708,-27.027807,4.853477
6390.0000,19.748266,-27.195578,7.247708
6391.0000,21.776377,-22.864202,4.939362
6392.0000,20.716032,-24.722613,3.364468
6393.0000,21.949858,-21.784491,1.723253
6394.0000,20.339237,-19.743480,0.943745
6395.0000,21.190272,-18.857046,4.154931
6396.0000,21.374535,-16.334366,1.599034
6397.0000,22.064312,-15.963533,-0.000565
6398.0000,24.149721,-13.829698,-1.927992
6399.0000,22.768838,-11.395485,-3.546182
6400.0000,23.479204,-11.344320,-0.660880
6401.0000,25.221490,-10.744910,1.435759
6402.0000,26.193764,-7.101162,3.103035
6403.0000,25.541168,-10.434199,2.170382
6404.0000,25.079316,-8.491509,2.992268
6405.0000,25.715689,-8.906609,4.579841
6406.0000,23.241821,-8.546608,1.735136
6407.0000,23.585329,-6.915776,-0.069682
6408.0000,26.193179,-9.814472,-1.595213
6409.0000,26.746564,-6.936316,-1.608465
6410.0000,25.380726,-10.357630,-1.167302
6411.0000,24.093937,-10.647036,-2.095716
6412.0000,26.522766,-10.254620,-3.400862
6413.0000,29.892907,-11.720073,-5.576674
6414.0000,28.827398,-9.397852,-5.954564
6415.0000,27.545769,-10.627614,-4.970828
6416.0000,27.904989,-8.395919,-6.825940
6417.0000,31.285439,-7.162604,-6.519533
6418.0000,28.650680,-6.659806,-8.024359
6419.0000,27.844812,-6.191832,-9.743854
6420.0000,27.575178,-7.543501,-7.963353
6421.0000,27.995211,-5.485881,-11.447876
6422.0000,28.766301,-4.770174,-11.160502
6423.0000,25.892680,-6.490906,-10.711513
6424.0000,24.094692,-6.964696,-8.496219
6425.0000,19.379196,-6.699004,-8.304712
6426.0000,20.755565,-4.833999,-8.903713
6427.0000,21.004610,-4.342487,-9.324485
6428.0000,19.210280,-1.562368,-8.020692
6429.0000,20.943872,-2.072187,-8.977822
6430.0000,22.714586,-0.984539,-10.607779
6431.0000,20.490564,-2.891735,-11.649029
6432.0000,20.871156,-4.441396,-11.255256
6433.0000,21.930546,-3.893529,-8.127870
6434.0000,21.995581,-4.314060,-7.007574
6435.0000,21.414772,-4.394270,-4.083479
6436.0000,20.046352,-4.204638,-4.346069
6437.0000,17.873120,-2.733039,-4.948961
6438.0000,17.033246,-2.510918,-8.739279
6439.0000,17.731873,-5.043218,-10.339970
6440.0000,14.947070,-4.646053,-9.304226
6441.0000,15.236122,-1.711127,-11.908797
6442.0000,17.594876,-1.935304,-11.479658
6443.0000,17.467748,0.675538,-13.671230
6444.0000,16.335697,-0.583517,-9.166998
6445.0000,15.656661,-3.822973,-7.339602
6446.0000,13.619679,-2.737911,-7.847702
6447.0000,15.607823,-2.582225,-9.085769
6448.0000,14.671265,-1.088994,-7.897493
6449.0000,11.662376,-4.616731,-8.260762
6450.0000,11.565782,-3.074539,-6.443206
6451.0000,10.042265,-1.517688,-9.834074
6452.0000,11.524861,-1.681308,-10.678770
6453.0000,11.334807,-0.298938,-7.907283
6454.0000,8.307318,-1.615772,-6.057573
6455.0000,7.169299,-0.415496,-7.756840
6456.0000,8.907090,-1.615095,-6.410801
6457.0000,12.048169,-2.795294,-6.733465
6458.0000,10.770736,-2.614503,-7.749652
6459.0000,5.984805,-3.221819,-6.985992
6460.0000,5.318913,-1.868170,-6.061718
6461.0000,4.404865,-3.689399,-4.225749
6462.0000,5.356149,-2.630768,-4.996278
6463.0000,3.238122,-2.351937,-6.623176
6464.0000,5.719200,-2.641194,-6.888026
6465.0000,10.226810,-1.793932,-5.663564
6466.0000,11.456647,-1.237569,-6.251870
6467.0000,12.521696,0.957965,-5.421394
6468.0000,13.868061,1.946430,-2.287689
6469.0000,8.766558,3.925905,-1.781355
6470.0000,7.508022,4.468492,2.109130
6471.0000,8.039736,7.605911,-2.173258
6472.0000,6.031471,4.940816,-3.769109
6473.0000,4.129700,6.776882,-4.667653
6474.0000,5.737135,6.819564,-5.400138
6475.0000,4.893737,7.461140,-7.960566
6476.0000,5.148585,11.286321,-7.273304
6477.0000,6.365416,9.556416,-5.868590
6478.0000,6.486650,10.195717,-7.600775
6479.0000,10.135351,11.048734,-8.416605
6480.0000,9.631160,9.604179,-9.613389
6481.0000,5.344361,11.447634,-11.212599
6482.0000,3.075361,15.628525,-11.715353
6483.0000,-0.810323,16.765720,-13.087230
6484.0000,2.047231,20.119588,-14.668147
6485.0000,3.538588,22.592960,-17.646398
6486.0000,2.660522,21.948068,-17.641578
6487.0000,2.917866,23.139876,-14.132491
6488.0000,3.254418,23.379141,-10.654711
6489.0000,2.761585,24.217781,-9.412593
6490.0000,2.939876,21.789584,-9.035602
6491.0000,1.804498,20.110708,-7.052695
6492.0000,-0.583933,17.888363,-7.142250
6493.0000,-1.838156,14.373660,-9.047154
6494.0000,-0.852531,16.126706,-6.248868
6495.0000,-1.124344,18.804675,-1.599846
6496.0000,-0.347462,17.472722,-0.883667
6497.0000,-2.131718,18.665066,-0.866930
6498.0000,-5.825694,15.759632,-0.877664
6499.0000,-9.201542,14.410928,0.586543
6500.0000,-11.507551,15.126175,-0.648132
6501.0000,-13.394388,13.606266,-4.011515
6502.0000,-12.574247,12.695664,-8.675078
6503.0000,-9.352030,14.211122,-8.534376
6504.0000,-9.722977,9.684747,-8.566661
6505.0000,-10.234988,7.817262,-8.284952
6506.0000,-8.576866,6.512204,-10.734244
6507.0000,-7.020027,2.403508,-14.571019
6508.0000,-2.871602,4.623236,-17.083621
6509.0000,-4.816569,6.004746,-15.903948
6510.0000,-2.396755,5.978152,-18.584309
6511.0000,-2.262800,11.454240,-17.750377
6512.0000,-3.526638,8.879503,-18.893783
6513.0000,-4.295049,8.562300,-19.186373
6514.0000,-7.823275,7.939906,-22.877907
6515.0000,-5.822403,6.207786,-21.986892
6516.0000,-6.147252,9.786327,-23.622795
6517.0000,-6.628467,8.484455,-24.101109
6518.0000,-1.932223,11.149091,-21.947059
6519.0000,-0.808433,10.224268,-24.262987
6520.0000,-1.396743,9.615109,-24.019452
6521.0000,-2.473037,15.177110,-22.066895
6522.0000,-2.133858,14.277064,-21.399832
6523.0000,-1.008715,13.116317,-20.694920
6524.0000,0.193730,11.424016,-18.458115
6525.0000,-1.111954,11.293376,-23.598215
6526.0000,-0.802761,12.668400,-22.880375
6527.0000,1.161518,13.047805,-21.989875
6528.0000,-2.276938,11.343616,-19.218809
6529.0000,-5.438323,10.836714,-19.767936
6530.0000,-5.424069,13.004603,-21.969223
6531.0000,-6.320395,14.162671,-21.016180
6532.0000,-9.207750,14.789172,-20.287844
6533.0000,-8.204828,14.492446,-18.692997
6534.0000,-9.867703,15.184119,-15.921830
6535.0000,-8.844240,14.787741,-14.797268
6536.0000,-9.850179,17.234248,-14.271937
6537.0000,-7.554341,18.470058,-13.890374
6538.0000,-8.537313,16.838361,-14.019219
6539.0000,-10.725577,16.554005,-14.601598
6540.0000,-10.664235,15.905579,-13.513979
6541.0000,-12.864862,13.050912,-15.937973
6542.0000,-11.719196,11.262058,-19.136292
6543.0000,-10.341900,13.236771,-18.460837
6544.0000,-9.202224,13.009094,-18.070901
6545.0000,-10.976567,12.244816,-11.289896
6546.0000,-11.804177,10.680575,-12.482183
6547.0000,-11.418776,8.921193,-10.667906
6548.0000,-13.762257,10.072599,-10.529539
6549.0000,-10.754687,9.034569,-12.452231
6550.0000,-13.566984,9.981740,-12.504048
6551.0000,-12.032159,6.301428,-12.453237
6552.0000,-11.230116,4.997562,-11.282940
6553.0000,-10.539138,4.590629,-11.535430
6554.0000,-9.503176,-0.171489,-10.825269
6555.0000,-6.351925,1.767566,-13.951479
6556.0000,-5.211060,3.388618,-11.128444
6557.0000,-7.682401,0.894842,-7.379132
6558.0000,-6.416959,2.232289,-7.847582
6559.0000,-4.243393,1.947983,-8.265152
6560.0000,-2.889118,3.046170,-7.215442
6561.0000,-3.167952,2.174597,-5.980036
6562.0000,-4.968633,-0.084347,-8.476962
6563.0000,-5.172834,1.703209,-6.230305
6564.0000,-2.179340,2.586333,-7.248436
6565.0000,-2.738390,2.549313,-7.668171
6566.0000,-3.935886,2.776346,-5.494527
6567.0000,-1.161998,-0.210030,-5.627565
6568.0000,-2.536584,-3.691940,-3.905444
6569.0000,-1.627515,-5.229357,-0.961601
6570.0000,-0.127050,-5.500302,-6.495581
6571.0000,2.332886,-8.492752,-5.405009
6572.0000,1.312179,-8.899561,-5.644898
6573.0000,1.829549,-9.331688,-4.653401
6574.0000,0.935567,-8.220528,-5.856713
6575.0000,-0.585517,-5.654195,-6.806320
6576.0000,0.209480,-4.363558,-3.930839
6577.0000,-1.177622,-6.619803,-5.034044
6578.0000,-3.149147,-7.633374,-2.900744
6579.0000,-2.721984,-5.660514,-2.246279
6580.0000,-0.653905,-4.575063,-1.434368
6581.0000,0.694587,-3.087975,-0.815091
6582.0000,-0.474426,-3.499449,-1.447528
6583.0000,5.246945,-4.878875,-4.767798
6584.0000,5.688113,-7.482534,-7.441133
6585.0000,4.766284,-6.461876,-11.166687
6586.0000,9.629937,-8.158543,-10.131565
6587.0000,11.083293,-7.573835,-9.263600
6588.0000,10.065441,-7.763273,-9.428308
6589.0000,12.210597,-6.728713,-8.991154
6590.0000,11.213113,-7.578223,-7.255094
6591.0000,10.655536,-7.198930,-8.331617
6592.0000,11.026121,-8.689892,-9.410029
6593.0000,9.537079,-7.223912,-11.839696
6594.0000,11.020303,-8.213769,-13.693892
6595.0000,11.136471,-6.154676,-11.606334
6596.0000,10.548585,-4.916724,-12.075187
6597.0000,12.174479,-2.531696,-12.964741
6598.0000,9.238331,-2.660229,-11.217641
6599.0000,8.193487,-1.575641,-7.214634
6600.0000,7.832965,-1.928743,-4.832974
6601.0000,9.801165,-1.478043,-2.290093
6602.0000,9.440018,-0.860100,-3.155215
6603.0000,8.579513,-3.356106,-4.776748
6604.0000,11.833953,-0.837578,-7.013824
6605.0000,13.992704,-0.955320,-6.669548
6606.0000,13.790951,1.804604,-5.880868
6607.0000,14.875240,0.345035,-5.480804
6608.0000,17.505321,0.436609,-3.885044
6609.0000,17.349957,-1.355644,-8.259569
6610.0000,15.741799,-0.684455,-9.984308
6611.0000,18.054739,0.279807,-10.249075
6612.0000,18.432643,-0.993751,-12.844582
6613.0000,17.647762,-1.300170,-15.622935
6614.0000,14.967768,-0.228842,-16.728996
6615.0000,11.950852,-2.113564,-15.072022
6616.0000,12.340307,-2.244424,-15.748272
6617.0000,15.897220,-0.547961,-18.062576
6618.0000,18.536987,-2.822365,-18.840530
6619.0000,19.246192,-0.860956,-19.933341
6620.0000,19.754701,-1.609902,-18.345663
6621.0000,20.160565,-0.498801,-16.654489
6622.0000,20.751800,-0.467274,-16.632325
6623.0000,22.759550,-1.759463,-17.452070
6624.0000,26.112147,1.975445,-19.403360
6625.0000,23.844664,4.954144,-17.135068
6626.0000,26.287874,3.465809,-16.917342
6627.0000,25.606537,6.459822,-15.252038
6628.0000,26.440526,5.857989,-13.865858
6629.0000,25.367365,9.248845,-13.381600
6630.0000,24.875181,7.133118,-15.317518
6631.0000,22.167306,5.828527,-14.342893
6632.0000,22.893367,6.506748,-8.680366
6633.0000,25.366983,3.916918,-8.842337
6634.0000,23.018479,4.417306,-11.377582
6635.0000,21.246099,2.503468,-10.288193
6636.0000,21.475460,-0.928081,-10.911533
6637.0000,24.478670,-1.981360,-11.832293
6638.0000,23.500655,-1.104103,-11.729856
6639.0000,23.817638,1.687670,-13.716284
6640.0000,20.355789,-2.026007,-14.827301
6641.0000,19.921107,2.102540,-13.770233
6642.0000,20.950406,2.814159,-15.173306
6643.0000,18.378130,4.274619,-15.792999
6644.0000,19.250123,0.803543,-18.392782
6645.0000,20.267135,-0.604928,-19.094870
6646.0000,15.379133,-2.789199,-20.211645
6647.0000,16.007653,-2.285720,-20.470763
6648.0000,14.639786,-3.344911,-19.406882
6649.0000,14.445273,-3.859472,-14.066130
6650.0000,12.205319,-4.951024,-13.720662
6651.0000,18.371943,-0.962408,-13.188500
6652.0000,22.904007,-0.477302,-12.076515
6653.0000,20.741067,0.389446,-14.672971
6654.0000,21.421451,-0.932526,-17.212036
6655.0000,19.816952,1.971178,-16.670817
6656.0000,20.911750,4.996853,-14.029698
6657.0000,22.412463,1.403241,-14.803443
6658.0000,20.731122,4.794411,-15.241751
6659.0000,22.536314,6.186861,-15.353667
6660.0000,25.171014,5.465675,-11.178156
6661.0000,22.951023,2.416497,-12.604770
6662.0000,24.162260,2.007574,-12.688398
6663.0000,20.701064,4.543728,-11.402246
6664.0000,24.404915,6.277508,-9.328632
6665.0000,23.213544,6.306227,-10.327935
6666.0000,19.515434,7.412766,-8.902636
6667.0000,14.423504,7.041202,-8.285443
6668.0000,11.579329,2.965349,-11.521813
6669.0000,13.067051,4.991414,-11.154954
6670.0000,11.975105,6.848229,-10.790742
6671.0000,9.125075,6.800396,-11.932580
6672.0000,4.977269,7.758615,-9.345992
6673.0000,4.523801,7.453896,-8.768248
6674.0000,1.707854,4.850746,-8.908776
6675.0000,3.130168,3.615904,-12.774279
6676.0000,4.901388,3.137004,-12.467550
6677.0000,8.325777,4.848348,-11.802377
6678.0000,11.966177,3.869134,-11.824157
6679.0000,10.116316,7.886361,-11.798900
6680.0000,11.176537,8.622220,-11.881010
6681.0000,11.039663,9.583972,-12.854471
6682.0000,12.064334,10.710907,-11.432008
6683.0000,16.259292,11.183969,-10.374292
6684.0000,17.291934,11.257995,-9.997841
6685.0000,15.255254,13.776560,-8.158877
6686.0000,16.903411,14.575757,-8.077305
6687.0000,17.124995,15.749426,-8.221526
6688.0000,17.625108,14.466399,-5.622584
6689.0000,17.901961,14.648313,-5.847634
6690.0000,16.771099,14.016303,-7.266818
6691.0000,18.913744,11.325919,-5.658918
6692.0000,15.442622,12.721445,-8.487642
6693.0000,13.042944,8.790924,-11.809785
6694.0000,15.234016,7.406156,-11.054516
6695.0000,14.903034,6.854026,-10.221655
6696.0000,17.053439,10.614148,-10.648151
6697.0000,19.762278,6.553546,-9.064184
6698.0000,22.093473,3.133942,-9.010696
6699.0000,26.543270,4.303518,-7.107966
6700.0000,26.369173,4.377265,-8.122524
6701.0000,27.588674,4.737202,-7.314673
6702.0000,26.244757,6.080967,-9.962160
6703.0000,29.657241,7.345168,-8.081582
6704.0000,26.671414,8.006515,-10.666401
6705.0000,27.193904,8.594605,-10.488202
6706.0000,28.099564,6.910745,-12.746751
6707.0000,26.752485,6.784118,-14.223446
6708.0000,22.987157,2.947322,-13.057113
6709.0000,23.927296,1.349059,-11.625497
6710.0000,24.537451,-0.176296,-10.706208
6711.0000,24.736705,-0.302592,-15.879590
6712.0000,23.365631,-1.987717,-15.439639
6713.0000,23.381158,-1.522485,-12.050733
6714.0000,19.978866,-1.911742,-16.731152
6715.0000,18.849786,-0.227062,-19.876540
6716.0000,17.412384,-0.088601,-19.201968
6717.0000,20.052814,-2.119704,-21.120399
6718.0000,19.707922,-0.327060,-20.841390
6719.0000,23.259765,2.498703,-15.756134
6720.0000,26.594590,4.557192,-17.479293
6721.0000,29.628742,6.522411,-16.307899
6722.0000,28.112390,3.047620,-14.038799
6723.0000,29.073251,4.834407,-13.701223
6724.0000,27.045042,3.663897,-13.054212
6725.0000,28.615759,3.982305,-11.036035
6726.0000,25.886041,3.344007,-11.964647
6727.0000,25.341065,4.222366,-10.874415
6728.0000,22.656785,3.994217,-10.836031
6729.0000,23.383228,3.491448,-11.815942
6730.0000,24.044081,5.638371,-9.969456
6731.0000,23.637854,3.918117,-9.477937
6732.0000,23.841666,4.031508,-5.727886
6733.0000,23.910529,2.370952,-3.960859
6734.0000,23.028273,6.539081,-1.798341
6735.0000,21.967056,4.209395,-4.320646
6736.0000,21.784974,7.645131,-4.234608
6737.0000,22.355379,7.790685,-6.080711
6738.0000,22.620542,4.905227,-6.135182
6739.0000,20.569466,8.485611,-8.038427
6740.0000,23.598370,7.674000,-7.155401
6741.0000,23.459067,8.380208,-6.335809
6742.0000,22.774074,9.251489,-5.238591
6743.0000,23.412399,11.897079,-6.317630
6744.0000,22.126881,9.036015,-6.448772
6745.0000,17.753774,9.085427,-6.058033
6746.0000,20.258189,9.044302,-8.411766
6747.0000,17.122426,8.377329,-8.152737
6748.0000,18.106746,10.287876,-10.685656
6749.0000,16.518697,7.716698,-10.473605
6750.0000,18.238822,6.071736,-8.470169
6751.0000,19.147300,5.669587,-9.395437
6752.0000,20.670043,9.697311,-6.916381
6753.0000,16.498326,10.795298,-6.673763
6754.0000,18.070115,8.325491,-6.709439
6755.0000,17.204612,7.540915,-5.445478
6756.0000,20.493253,5.639363,-6.452037
6757.0000,23.029595,3.932762,-9.134481
6758.0000,24.799724,4.829699,-8.244146
6759.0000,22.242401,4.088990,-5.886047
6760.0000,23.748342,3.426227,-7.290236
6761.0000,22.082949,7.581336,-8.931939
6762.0000,23.109610,5.755212,-9.900753
6763.0000,24.321876,6.366979,-10.342735
6764.0000,23.315212,10.016138,-9.712133
6765.0000,23.138098,11.122833,-6.445909
6766.0000,22.903941,9.178858,-8.169123
6767.0000,20.394299,10.124416,-7.238971
6768.0000,21.444602,9.555493,-8.799590
6769.0000,23.893258,11.300958,-9.051022
6770.0000,22.360115,13.334820,-10.329883
6771.0000,19.479412,15.196450,-9.473273
6772.0000,17.319674,16.950685,-7.228410
6773.0000,18.996951,14.428853,-10.413681
6774.0000,19.463711,14.727274,-9.473193
6775.0000,18.460647,13.712179,-8.878877
6776.0000,17.449718,13.612012,-8.001815
6777.0000,16.413235,13.909905,-8.249190
6778.0000,20.921673,13.189689,-4.902092
6779.0000,18.370999,13.370784,-7.554459
6780.0000,19.698325,11.668521,-7.695199
6781.0000,19.633770,11.405556,-7.657188
6782.0000,20.030448,9.276785,-6.240423
6783.0000,18.705020,5.688512,-5.700259
6784.0000,18.189798,7.009785,-6.257999
6785.0000,19.725517,6.954229,-3.046183
6786.0000,16.537054,9.079442,-1.894847
6787.0000,12.391091,9.597538,1.048017
6788.0000,9.428848,9.758910,-1.441229
6789.0000,11.235289,9.683702,-4.574532
6790.0000,10.639146,8.768244,-3.197860
6791.0000,11.232396,8.051862,-3.056335
6792.0000,12.351814,6.079025,-4.360550
6793.0000,14.508781,6.238409,-4.996864
6794.0000,17.638290,5.171203,0.352790
6795.0000,18.670675,1.585666,0.519487
6796.0000,16.480060,3.358743,-1.772624
6797.0000,14.930153,3.685104,-5.518747
6798.0000,14.553645,6.050150,-5.772379
6799.0000,18.878402,7.375917,-5.168973
6800.0000,20.285673,7.919151,-3.178973
6801.0000,19.160930,5.532658,-4.945901
6802.0000,17.655847,4.744673,-9.178693
6803.0000,18.644056,4.209260,-9.141092
6804.0000,22.773759,4.045386,-8.594649
6805.0000,21.365861,2.691000,-8.232684
6806.0000,22.478742,5.935020,-10.208134
6807.0000,22.513843,6.041766,-12.058803
6808.0000,19.897250,6.317429,-9.495383
6809.0000,20.765761,7.422950,-9.237900
6810.0000,21.006663,6.493693,-6.976532
6811.0000,22.670202,4.796720,-7.485798
6812.0000,20.984678,7.536115,-8.116573
6813.0000,21.055074,5.199277,-10.323414
6814.0000,21.531781,5.668625,-10.079976
6815.0000,21.452921,9.111083,-10.663376
6816.0000,18.337105,9.133125,-9.957575
6817.0000,13.247609,8.831171,-8.505975
6818.0000,13.541456,8.133299,-11.892631
6819.0000,15.543663,6.434544,-12.276389
6820.0000,13.687935,9.348465,-11.586522
6821.0000,14.041611,10.645564,-10.378587
6822.0000,12.081793,10.983945,-9.069904
6823.0000,14.004305,10.531784,-12.095170
6824.0000,12.861961,11.543814,-12.383741
6825.0000,14.234788,10.956131,-12.033248
6826.0000,15.496176,9.065252,-13.104506
6827.0000,17.125276,4.421064,-12.829461
6828.0000,14.847007,5.653807,-14.279587
6829.0000,14.561735,7.535074,-15.075616
6830.0000,12.001247,5.914604,-14.720615
6831.0000,13.734543,5.931546,-14.026952
6832.0000,16.505539,10.711308,-15.822165
6833.0000,20.576390,7.366966,-17.546138
6834.0000,22.270674,9.883880,-17.317428
6835.0000,24.578103,8.859291,-17.042663
6836.0000,21.116467,7.016412,-18.112945
6837.0000,21.368729,7.009383,-20.779028
6838.0000,22.117460,3.393472,-18.249972
6839.0000,19.510012,5.580176,-16.557384
6840.0000,22.207179,5.327629,-19.209157
6841.0000,19.939925,6.448539,-20.649709
6842.0000,17.665556,6.550479,-19.176676
6843.0000,17.087235,6.106443,-20.447115
6844.0000,18.212857,6.052252,-21.350350
6845.0000,19.063785,1.641301,-16.355561
6846.0000,17.139499,2.842988,-18.040868
6847.0000,16.139256,-1.143750,-19.787920
6848.0000,17.357129,1.718532,-19.324663
6849.0000,15.245545,0.868151,-21.558363
6850.0000,14.463976,-0.170463,-23.186030
6851.0000,14.785342,-1.140058,-21.956732
6852.0000,15.373714,-0.934095,-21.879028
6853.0000,13.149605,-0.800467,-22.291629
6854.0000,12.623916,2.458705,-19.656975
6855.0000,12.930648,3.532561,-19.625219
6856.0000,11.189499,7.846778,-18.682565
6857.0000,14.000939,9.380961,-18.451872
6858.0000,13.451727,7.058991,-17.189125
6859.0000,14.083776,4.046436,-20.529654
6860.0000,11.221880,2.158992,-17.254088
6861.0000,9.149349,4.572724,-18.752300
6862.0000,7.496634,9.738011,-20.528429
6863.0000,11.625421,11.137253,-21.665739
6864.0000,13.334649,10.925799,-20.541489
6865.0000,12.532950,10.429886,-17.253369
6866.0000,12.929908,11.065046,-17.845026
6867.0000,8.902535,10.656907,-19.303817
6868.0000,4.167104,7.479401,-19.050759
6869.0000,8.270606,8.800773,-16.031439
6870.0000,7.308252,8.330843,-18.638952
6871.0000,7.369832,12.346776,-15.972878
6872.0000,7.240546,14.429541,-14.402755
6873.0000,7.704000,11.996180,-16.608358
6874.0000,9.672505,11.290321,-14.318203
6875.0000,9.962466,7.915007,-12.733380
6876.0000,11.088418,7.610744,-14.267684
6877.0000,14.368897,10.372104,-18.181549
6878.0000,17.297007,8.554280,-19.741683
6879.0000,17.643918,13.107624,-17.045573
6880.0000,15.328014,16.963921,-15.359698
6881.0000,16.421823,17.048468,-12.606221
6882.0000,16.415655,19.482263,-13.236083
6883.0000,16.352121,16.998681,-12.491039
6884.0000,16.063814,18.834182,-14.352735
6885.0000,16.337350,19.201347,-13.287918
6886.0000,17.440213,16.829831,-13.911937
6887.0000,14.897397,13.852079,-16.829100
6888.0000,13.333366,11.629898,-16.618772
6889.0000,14.992741,13.047972,-21.942478
6890.0000,19.856933,13.038364,-20.771871
6891.0000,19.444065,10.065946,-19.543283
6892.0000,16.449018,9.669209,-17.879646
6893.0000,16.117495,7.447822,-14.368389
6894.0000,17.113187,11.299459,-15.908133
6895.0000,17.576623,9.852493,-16.287299
6896.0000,18.800255,11.197917,-13.739950
6897.0000,20.246344,8.208508,-15.074551
6898.0000,17.812916,8.914581,-13.381368
6899.0000,15.845197,10.254252,-13.409880
6900.0000,13.919374,10.990996,-13.626963
6901.0000,14.695151,8.541084,-12.427980
6902.0000,17.153311,6.667671,-12.780277
6903.0000,18.802963,9.955299,-11.959963
6904.0000,17.361261,11.241423,-10.101856
6905.0000,18.318914,10.817986,-11.572588
6906.0000,19.834520,8.437982,-8.413325
6907.0000,17.882655,7.259975,-10.267681
6908.0000,19.066967,8.885814,-10.011190
6909.0000,20.001158,10.807307,-12.648617
6910.0000,18.418161,7.811517,-11.353010
6911.0000,19.032966,8.378211,-11.122347
6912.0000,19.434219,9.668490,-11.575788
6913.0000,21.200327,7.722913,-10.418170
6914.0000,21.364736,10.091563,-10.098999
6915.0000,22.567915,12.179702,-8.347995
6916.0000,24.385999,10.025508,-9.507695
6917.0000,22.927438,9.466599,-9.545980
6918.0000,23.903343,9.504071,-7.747332
6919.0000,21.962259,8.335784,-8.258888
6920.0000,17.637992,4.885263,-7.960490
6921.0000,17.388653,4.125178,-9.474868
6922.0000,17.410836,4.172221,-7.369178
6923.0000,17.491824,5.825577,-4.618715
6924.0000,16.112752,4.985616,-7.710043
6925.0000,16.771019,8.005288,-6.347848
6926.0000,15.530882,7.548355,-4.332517
6927.0000,14.181784,6.468923,-7.631386
6928.0000,12.065834,6.355546,-11.060321
6929.0000,11.127939,8.444797,-13.734628
6930.0000,16.534665,8.219155,-13.127708
6931.0000,15.545869,10.400300,-10.194849
6932.0000,14.674703,5.119918,-8.919655
6933.0000,16.409008,6.161353,-10.725321
6934.0000,14.390900,5.623590,-11.448985
6935.0000,14.610918,4.852966,-11.830767
6936.0000,12.308178,4.371223,-13.185331
6937.0000,12.119671,4.870727,-10.329855
6938.0000,13.628664,5.056309,-9.116556
6939.0000,13.859200,5.720205,-9.428610
6940.0000,10.159814,5.920427,-8.246909
6941.0000,9.152793,8.291281,-10.581148
6942.0000,5.065699,7.191835,-7.317446
6943.0000,6.132505,7.122871,-9.586532
6944.0000,6.318060,7.855910,-9.939528
6945.0000,8.333813,8.763214,-6.727825
6946.0000,7.278867,10.163977,-5.120449
6947.0000,6.646085,10.385504,-6.610927
6948.0000,6.253588,8.418873,-5.484658
6949.0000,6.923818,9.494143,-7.350822
6950.0000,8.071670,10.494883,-5.101701
6951.0000,9.382627,13.606567,-8.397554
6952.0000,10.088433,11.247894,-7.594680
6953.0000,8.533672,12.065999,-9.287219
6954.0000,10.790803,12.555456,-7.435047
6955.0000,11.146076,10.528203,-6.469878
6956.0000,14.248722,12.321319,-2.957849
6957.0000,12.779178,12.946965,-3.734816
6958.0000,17.829654,16.462912,-3.670382
6959.0000,17.337342,16.370517,-2.615883
6960.0000,16.485038,16.822123,-4.649268
6961.0000,16.493399,16.054143,-5.758612
6962.0000,16.138265,14.862212,-3.388742
6963.0000,18.928348,15.387448,-3.561784
6964.0000,19.456994,21.950756,-4.462891
6965.0000,18.657546,21.168654,-2.853284
6966.0000,19.802297,22.231886,-3.667426
6967.0000,17.975369,26.638097,-4.507291
6968.0000,15.529191,22.833956,-7.230739
6969.0000,20.447689,20.715672,-10.481121
6970.0000,21.754779,24.789393,-7.667438
6971.0000,20.887014,23.165066,-5.900276
6972.0000,17.480927,21.675638,-7.772718
6973.0000,18.412261,17.851641,-5.731627
6974.0000,21.640340,18.637276,-2.792704
6975.0000,19.910175,19.132461,-1.606915
6976.0000,21.618516,17.064640,-2.693307
6977.0000,23.097957,13.183604,-6.482963
6978.0000,20.835531,14.226360,-6.298834
6979.0000,17.842884,14.906467,-5.640760
6980.0000,15.255247,17.445885,-6.623445
6981.0000,11.376915,15.809873,-7.381397
6982.0000,10.548529,21.070498,-8.953803
6983.0000,9.759031,18.451542,-7.426896
6984.0000,9.706350,17.769757,-7.074365
6985.0000,12.147574,18.990688,-8.813283
6986.0000,11.172478,16.885334,-8.583950
6987.0000,11.345923,16.238409,-6.846515
6988.0000,10.504259,15.696687,-6.264844
6989.0000,11.168321,13.931241,-2.447729
6990.0000,8.668221,19.665895,-5.065720
6991.0000,9.261942,18.304240,-4.777275
6992.0000,9.313114,18.910944,-3.477097
6993.0000,10.444196,21.029838,-5.157683
6994.0000,8.194638,19.255006,-3.017862
6995.0000,6.753830,19.258192,-3.885381
6996.0000,3.739430,18.504115,-2.578541
6997.0000,7.073287,19.246935,0.716834
6998.0000,9.440175,17.239934,-0.209138
6999.0000,6.516990,18.775051,2.553777
7000.0000,3.962103,18.610048,-0.492589
7001.0000,4.585617,16.409153,-3.610109
7002.0000,2.957567,14.645350,-3.487609
7003.0000,4.964486,17.304271,-3.527650
7004.0000,6.212188,16.700810,-8.647206
7005.0000,5.750910,16.098907,-9.757654
7006.0000,2.602551,16.538187,-7.982429
7007.0000,2.743898,16.824198,-10.562583
7008.0000,3.124509,14.650943,-9.044356
7009.0000,2.235898,16.142814,-9.463756
7010.0000,-0.709039,18.914902,-10.722919
7011.0000,0.145842,19.520162,-8.183508
7012.0000,3.115155,18.374412,-7.131039
7013.0000,3.307998,18.873701,-5.109844
7014.0000,5.987683,24.033683,-6.729908
7015.0000,5.791394,22.738688,-4.304828
7016.0000,9.199600,20.803106,-6.729690
7017.0000,8.154322,21.292583,-5.239299
7018.0000,6.548285,21.884502,-3.245540
7019.0000,7.974831,18.386958,-3.500126
7020.0000,8.423749,17.712406,-4.903913
7021.0000,9.719042,18.693504,-4.574258
7022.0000,10.504572,19.639182,-7.296690
7023.0000,9.832728,21.049993,-8.226664
7024.0000,7.421837,21.775396,-7.128299
7025.0000,6.078877,21.572308,-7.379627
7026.0000,5.573689,21.403471,-7.628281
7027.0000,1.367622,19.289250,-6.610108
7028.0000,-1.076265,16.698664,-9.395143
7029.0000,-2.417599,15.331861,-8.547727
7030.0000,-1.371314,13.482122,-12.658901
7031.0000,2.085099,14.773624,-11.326323
7032.0000,-0.373915,14.346647,-12.916287
7033.0000,1.647025,15.074062,-10.574221
7034.0000,-1.742645,16.074379,-12.353683
7035.0000,-3.966191,16.993334,-10.767676
7036.0000,-1.160311,14.922511,-8.097936
7037.0000,-1.320488,14.565197,-11.308880
7038.0000,-0.683594,10.794605,-10.054124
7039.0000,-0.890874,11.480002,-9.682206
7040.0000,-5.099920,7.355220,-9.196942
7041.0000,-3.063684,7.188353,-11.674045
7042.0000,-5.311534,0.782576,-8.751137
7043.0000,-2.699336,-1.921363,-6.083864
7044.0000,-4.034830,-1.743008,-5.858074
7045.0000,-1.890787,-2.396307,-5.365007
7046.0000,0.475452,-3.605917,-7.594419
7047.0000,-0.275385,-4.052811,-7.717100
7048.0000,0.394551,-5.300112,-6.965543
7049.0000,-1.578531,-3.154712,-6.851320
7050.0000,-4.643079,-2.588170,-3.822006
7051.0000,-6.350388,-1.570641,-5.869723
7052.0000,-6.146518,-2.476740,-2.511467
7053.0000,-3.978562,-1.032151,-3.183308
7054.0000,-5.353819,-3.894873,-3.362869
7055.0000,-4.600303,-5.847495,-2.126518
7056.0000,-2.960767,-1.856842,-1.857245
7057.0000,-0.940415,-2.502901,-0.301903
7058.0000,0.950712,-2.889819,2.413837
7059.0000,1.918168,-1.932730,-0.841320
7060.0000,-0.430275,-3.203093,-0.848818
7061.0000,-0.185414,-1.782780,-2.034177
7062.0000,0.586432,-1.341608,-3.130150
7063.0000,2.982997,-3.662223,-6.785789
7064.0000,3.021557,-2.906676,-5.365924
7065.0000,3.906042,0.031741,-5.168541
7066.0000,0.113139,-1.139626,-7.972149
7067.0000,-1.087974,-1.372163,-8.615841
7068.0000,0.989347,-0.228580,-8.689338
7069.0000,0.566407,-3.902885,-12.880770
7070.0000,2.557033,-2.452358,-10.623165
7071.0000,1.105897,-4.920376,-11.523343
7072.0000,1.412929,-4.878405,-11.029548
7073.0000,3.536051,-7.604327,-10.570688
7074.0000,3.327184,-8.927810,-8.460304
7075.0000,1.633510,-8.164157,-9.717131
7076.0000,1.581837,-9.204637,-14.247960
7077.0000,4.634777,-8.625171,-9.770805
7078.0000,5.732625,-8.634507,-10.423590
7079.0000,8.787499,-8.887241,-5.557984
7080.0000,8.057501,-10.844177,-8.150998
7081.0000,6.279526,-12.575141,-5.124921
7082.0000,6.835817,-13.137515,-6.219367
7083.0000,7.095228,-9.942343,-8.170152
7084.0000,5.069485,-7.051795,-11.350725
7085.0000,6.531481,-7.762494,-8.036346
7086.0000,3.868414,-7.029113,-5.688255
7087.0000,3.278412,-8.463851,-7.093701
7088.0000,2.726745,-8.387183,-4.932157
7089.0000,3.606620,-7.158866,-3.431416
7090.0000,4.489133,-8.758592,-0.901732
7091.0000,5.663537,-10.970780,-2.608245
7092.0000,5.180868,-9.056402,-1.099418
7093.0000,4.845699,-9.779078,3.197406
7094.0000,5.106956,-7.670315,2.577268
7095.0000,5.146147,-9.431725,4.355143
7096.0000,2.645401,-10.828490,4.498337
7097.0000,0.353259,-8.211547,5.021443
7098.0000,6.022836,-8.086637,5.449876
7099.0000,4.386562,-5.181610,2.389512
7100.0000,3.350342,-6.309103,-0.526754
7101.0000,7.463047,-5.536646,-0.722954
7102.0000,7.539794,-3.602826,-3.563133
7103.0000,7.173226,-4.268949,-5.966453
7104.0000,5.286267,-3.591350,-2.042967
7105.0000,3.444036,-7.761402,-2.432178
7106.0000,2.393708,-5.129218,-3.102828
7107.0000,4.289224,-3.795592,-1.254126
7108.0000,1.787786,-3.975273,-2.705622
7109.0000,2.569622,-4.353442,-4.406534
7110.0000,1.064516,-4.583995,-7.221817
7111.0000,0.979742,-3.446274,-6.940454
7112.0000,3.330964,-5.759421,-3.989457
7113.0000,6.485260,-4.098804,-4.692296
7114.0000,6.468293,-3.776760,-7.800706
7115.0000,7.930506,-1.064826,-8.069103
7116.0000,10.677266,1.879476,-4.998534
7117.0000,12.983567,-0.379315,-2.813530
7118.0000,7.825949,0.312499,-1.897071
7119.0000,8.787661,0.199514,-5.246860
7120.0000,9.761006,-1.774452,-6.412759
7121.0000,7.316302,-1.159622,-4.932053
7122.0000,10.980213,-4.038321,-5.445469
7123.0000,7.330244,-6.142293,-4.160569
7124.0000,7.564051,-6.704047,-5.616198
7125.0000,8.904195,-4.650779,-5.761856
7126.0000,10.271031,-5.461433,-6.291918
7127.0000,12.251124,-1.170869,-5.367116
7128.0000,12.026102,2.417334,-5.656240
7129.0000,13.421862,1.967814,-5.294533
7130.0000,10.047366,3.263948,-8.772103
7131.0000,8.927994,2.009254,-7.944542
7132.0000,7.058405,2.209452,-8.941314
7133.0000,8.648082,4.319605,-7.831712
7134.0000,9.082367,4.280857,-10.250948
7135.0000,5.777259,3.754967,-10.478679
7136.0000,3.720601,-0.335559,-11.625153
7137.0000,4.503608,-2.524836,-11.142967
7138.0000,5.420169,-0.505832,-8.547874
7139.0000,9.645617,1.146639,-13.545130
7140.0000,11.348133,4.685509,-7.594066
7141.0000,8.236933,6.939896,-7.063147
7142.0000,5.510544,3.866510,-10.203871
7143.0000,7.046207,2.689102,-10.176093
7144.0000,9.021115,4.859930,-13.715320
7145.0000,8.759655,3.910829,-16.216479
7146.0000,11.376737,5.374600,-18.987310
7147.0000,12.618493,8.813748,-15.260815
7148.0000,10.814966,7.702636,-15.329051
7149.0000,12.856036,6.339519,-13.359622
7150.0000,10.242392,5.910151,-16.963253
7151.0000,10.073145,3.152153,-16.188792
7152.0000,11.318797,3.565982,-17.396890
7153.0000,7.993829,3.253483,-15.467012
7154.0000,7.445870,5.055634,-15.857735
7155.0000,5.678932,3.580992,-15.576862
7156.0000,4.849396,2.091798,-15.040165
7157.0000,5.343700,3.662158,-13.602631
7158.0000,7.592887,3.763214,-12.799698
7159.0000,10.575489,6.161066,-12.193439
7160.0000,7.912878,4.428483,-10.793142
7161.0000,4.570653,1.824650,-7.113834
7162.0000,7.452840,-1.115252,-4.546119
7163.0000,8.674662,1.923262,-5.776262
7164.0000,10.066745,0.176050,-4.038676
7165.0000,7.121397,-0.178770,-7.482395
7166.0000,5.955034,-0.398173,-9.024910
7167.0000,5.263317,0.866052,-8.843615
7168.0000,2.370558,1.347525,-5.737271
7169.0000,2.960906,3.001024,-4.690536
7170.0000,2.827229,4.559642,-4.763029
7171.0000,2.000052,5.633037,-5.537624
7172.0000,1.109599,2.846614,-4.362878
7173.0000,-0.724199,2.918902,-3.457750
7174.0000,1.910567,-0.827916,-5.521594
7175.0000,2.642280,0.377004,-5.950272
7176.0000,2.468801,2.627205,-5.799604
7177.0000,2.155848,-0.145429,-8.128158
7178.0000,4.785142,0.975369,-7.189631
7179.0000,5.767674,0.155842,-8.958289
7180.0000,6.799984,0.891532,-8.843070
7181.0000,8.864047,2.953140,-8.236736
7182.0000,12.555897,5.973219,-8.463035
7183.0000,10.523971,8.289109,-9.521858
7184.0000,9.595621,10.142401,-10.690090
7185.0000,14.295336,6.351639,-10.834068
7186.0000,14.722419,4.584700,-11.603962
7187.0000,15.293173,4.730577,-14.921069
7188.0000,15.593913,3.908988,-14.640399
7189.0000,17.702533,5.982050,-13.423857
7190.0000,18.643985,2.547281,-13.847975
7191.0000,16.555930,5.433299,-13.423660
7192.0000,17.289053,5.570324,-13.398790
7193.0000,17.016831,4.219662,-13.061758
7194.0000,14.792120,-0.880004,-14.505747
7195.0000,10.941629,-0.516203,-19.087577
7196.0000,10.154458,-2.485451,-19.558868
7197.0000,10.858758,-1.128978,-19.099903
7198.0000,8.091366,2.395589,-19.342338
7199.0000,8.437745,2.083316,-19.595627
7200.0000,8.846996,2.564397,-18.336977
7201.0000,6.997124,3.248107,-14.510893
7202.0000,6.849218,-1.894315,-11.487158
7203.0000,5.816860,-1.795831,-13.548437
7204.0000,7.362180,-2.423536,-13.042357
7205.0000,6.464762,-3.617023,-18.371710
7206.0000,9.553187,-2.875277,-20.143320
7207.0000,12.409772,-2.421345,-22.590767
7208.0000,12.119160,-2.906121,-21.899026
7209.0000,12.378075,-5.652142,-21.415652
7210.0000,15.068126,-5.171083,-22.413923
7211.0000,17.811440,-4.171797,-21.064360
7212.0000,14.330742,-1.120813,-19.445999
7213.0000,18.995172,-0.549772,-20.248569
7214.0000,18.662128,-1.719626,-18.873501
7215.0000,21.954071,2.056602,-18.642417
7216.0000,18.264330,4.891144,-17.634588
7217.0000,17.875701,6.187185,-17.381645
7218.0000,17.791447,7.599944,-18.732710
7219.0000,18.849417,5.982576,-21.504213
7220.0000,17.762321,9.899187,-20.232283
7221.0000,18.802700,7.143477,-17.858670
7222.0000,17.719390,7.088894,-17.583335
7223.0000,19.793424,7.111327,-17.764959
7224.0000,21.192762,5.096404,-18.567726
7225.0000,18.395344,8.446475,-21.963874
7226.0000,20.406202,10.262855,-19.475051
7227.0000,21.099738,10.580577,-18.525734
7228.0000,18.924976,9.061896,-18.197730
7229.0000,21.755531,10.570331,-20.046257
7230.0000,20.148127,9.051862,-20.061157
7231.0000,21.355428,10.045882,-21.311788
7232.0000,19.350871,7.784986,-20.985572
7233.0000,21.439098,5.355954,-23.441748
7234.0000,21.394984,10.250071,-21.323317
7235.0000,18.798847,9.455291,-23.351329
7236.0000,21.085378,10.183135,-20.324717
7237.0000,19.358473,8.015580,-22.245499
7238.0000,20.867912,9.102806,-19.480713
7239.0000,21.536285,8.885285,-16.409690
7240.0000,22.022453,9.397577,-15.587517
7241.0000,20.736958,10.520247,-16.935122
7242.0000,22.464445,9.104355,-17.081373
7243.0000,23.906880,8.051620,-16.556794
7244.0000,24.646394,8.307410,-15.835294
7245.0000,21.931022,8.285074,-17.013069
7246.0000,20.990871,7.418296,-15.870568
7247.0000,21.069970,5.295985,-14.008080
7248.0000,20.477939,4.687829,-18.558414
7249.0000,21.212062,3.580338,-22.830887
7250.0000,22.737727,2.874351,-23.592903
7251.0000,22.196749,4.769268,-18.685707
7252.0000,23.044270,9.301869,-19.012745
7253.0000,21.496593,11.446243,-17.174384
7254.0000,23.380401,11.691880,-19.807341
7255.0000,21.711555,11.994553,-19.845853
7256.0000,21.955247,10.873058,-19.797158
7257.0000,18.198936,10.823852,-20.537937
7258.0000,16.705061,8.976750,-22.030746
7259.0000,15.707001,7.087794,-24.823110
7260.0000,15.402346,5.919208,-22.699600
7261.0000,13.810416,3.676937,-24.620585
7262.0000,15.059922,-0.052681,-24.335901
7263.0000,13.504793,0.712894,-23.738528
7264.0000,13.796164,1.347116,-25.127523
7265.0000,12.945291,3.659151,-24.309009
7266.0000,11.066514,4.666869,-24.052908
7267.0000,8.314679,3.677788,-24.732453
7268.0000,5.963890,1.341664,-24.518239
7269.0000,8.569621,5.806892,-24.191212
7270.0000,7.192205,4.607636,-24.812774
7271.0000,5.545905,2.000065,-23.672731
7272.0000,1.459898,2.308777,-24.118383
7273.0000,4.271779,-3.202186,-23.375861
7274.0000,2.807878,-2.478590,-24.025495
7275.0000,4.062506,-2.065225,-25.730811
7276.0000,3.201745,-3.668773,-27.160013
7277.0000,2.729400,-5.252385,-29.844883
7278.0000,2.628488,-7.182479,-29.310064
7279.0000,1.241868,-6.764141,-29.663619
7280.0000,-0.237631,-6.688824,-29.498580
7281.0000,-0.917031,-4.606942,-27.255866
7282.0000,-4.729282,-3.210581,-27.062199
7283.0000,-1.704413,2.229777,-28.264154
7284.0000,2.792711,1.250286,-30.615484
7285.0000,2.016580,-1.114923,-32.600054
7286.0000,5.372950,-1.732969,-34.930152
7287.0000,5.575011,-1.925547,-38.230344
7288.0000,8.161641,2.765162,-36.987755
7289.0000,8.224121,2.745230,-37.277991
7290.0000,8.188348,6.847816,-37.425228
7291.0000,9.531718,6.698011,-38.398424
7292.0000,9.359698,4.624363,-36.897884
7293.0000,7.742853,3.807940,-32.337271
7294.0000,6.254978,3.881460,-31.725430
7295.0000,6.354880,-0.341930,-30.181360
7296.0000,7.961671,1.656317,-30.686867
7297.0000,4.262117,2.654293,-32.678127
7298.0000,1.170864,4.618287,-32.065345
7299.0000,5.449441,4.968741,-33.732668
7300.0000,7.557989,1.719803,-34.932801
7301.0000,6.994265,1.260024,-35.482303
7302.0000,8.080522,1.693459,-37.186577
7303.0000,7.013019,0.997719,-36.514837
7304.0000,7.331895,2.048932,-33.804874
7305.0000,4.795593,0.794732,-33.663302
7306.0000,5.706518,-0.092728,-30.065757
7307.0000,4.234813,-2.556074,-32.022455
7308.0000,4.532328,-0.866908,-32.118724
7309.0000,3.449779,-0.413945,-29.834971
7310.0000,-1.321180,2.844711,-27.252182
7311.0000,0.702781,-1.325339,-24.886487
7312.0000,-0.355038,-2.936246,-23.234902
7313.0000,-1.265481,-3.149165,-22.287034
7314.0000,-3.428944,-5.390943,-23.833215
7315.0000,-1.000881,-4.813609,-23.195362
7316.0000,-2.989445,-4.355187,-22.104183
7317.0000,-6.926253,-2.896895,-20.391776
7318.0000,-7.993238,-4.954328,-21.502998
7319.0000,-7.682290,-3.871294,-20.978150
7320.0000,-7.045180,-4.538010,-16.232082
7321.0000,-7.734542,-5.830905,-15.746831
7322.0000,-7.073640,-7.549394,-15.213775
7323.0000,-7.598943,-2.336722,-15.999302
7324.0000,-7.889900,-3.180932,-13.049392
7325.0000,-9.162040,-6.242332,-14.999172
7326.0000,-6.879597,-5.067440,-18.568224
7327.0000,-6.896650,-4.977139,-18.410370
7328.0000,-4.847408,-5.422689,-15.644824
7329.0000,-3.248930,-9.095785,-15.086695
7330.0000,-3.614712,-6.031215,-17.650183
7331.0000,-4.053999,-8.055177,-19.211962
7332.0000,-6.127615,-7.371455,-23.067746
7333.0000,-4.151477,-8.213026,-21.430493
7334.0000,-3.854390,-6.991677,-20.342810
7335.0000,-2.490854,-4.804029,-18.140493
7336.0000,-0.383772,-2.586333,-19.056675
7337.0000,1.745601,-4.872206,-17.785800
7338.0000,1.298092,-6.823006,-11.651895
7339.0000,-1.098912,-5.366338,-12.791882
7340.0000,-1.724922,-5.782621,-12.806350
7341.0000,-1.834307,-9.631960,-15.277352
7342.0000,-2.093443,-12.806401,-17.577090
7343.0000,-1.781902,-11.713891,-16.400243
7344.0000,-4.250708,-10.718960,-17.972557
7345.0000,-4.181657,-13.640930,-18.273687
7346.0000,-3.319280,-14.083949,-22.119661
7347.0000,-3.692314,-13.672363,-20.670923
7348.0000,-5.899128,-13.298794,-19.166488
7349.0000,-7.661079,-10.662737,-17.761620
7350.0000,-6.204750,-10.591841,-16.372758
7351.0000,-7.223222,-7.096803,-14.963363
7352.0000,-6.885297,-6.275681,-15.585494
7353.0000,-6.988967,-10.318054,-19.461354
7354.0000,-7.466356,-11.912081,-18.429041
7355.0000,-5.629744,-15.471388,-19.910384
7356.0000,-4.940517,-16.425969,-19.972212
7357.0000,-5.450830,-16.623615,-20.554951
7358.0000,-6.100472,-17.961918,-21.049207
7359.0000,-3.935335,-15.568882,-22.803906
7360.0000,-2.526411,-16.132515,-19.956028
7361.0000,-3.612607,-15.930166,-23.106258
7362.0000,-4.479148,-13.771626,-23.432841
7363.0000,-3.248198,-13.087721,-21.113005
7364.0000,-6.763681,-16.160163,-22.022125
7365.0000,-6.515906,-14.742539,-19.891004
7366.0000,-5.242616,-18.206069,-18.400652
7367.0000,-5.457510,-16.894893,-19.742850
7368.0000,-6.119706,-17.386050,-19.159750
7369.0000,-5.710531,-20.533899,-19.096232
7370.0000,-3.364174,-19.714376,-16.170107
7371.0000,-5.273123,-17.562899,-15.593838
7372.0000,-0.283966,-19.777571,-16.695266
7373.0000,-0.598362,-19.804946,-16.902039
7374.0000,-6.248766,-20.918432,-18.345208
7375.0000,-9.025398,-23.433781,-19.890748
7376.0000,-10.486013,-24.947306,-18.231840
7377.0000,-8.713775,-25.367936,-19.414123
7378.0000,-10.148227,-23.474834,-20.090094
7379.0000,-12.351590,-23.948930,-16.236204
7380.0000,-14.753356,-22.741100,-19.075937
7381.0000,-16.267473,-20.030186,-16.474402
7382.0000,-14.646432,-17.360821,-19.681149
7383.0000,-13.389725,-17.254564,-20.885742
7384.0000,-13.198136,-16.467472,-19.925521
7385.0000,-11.462941,-16.022561,-20.479859
7386.0000,-9.933632,-16.299770,-20.302749
7387.0000,-10.162966,-17.716803,-18.993789
7388.0000,-10.994552,-20.083120,-16.886634
7389.0000,-10.755676,-21.766336,-14.119859
7390.0000,-11.504433,-21.742483,-8.657239
7391.0000,-13.982213,-19.867930,-4.755658
7392.0000,-16.334515,-24.610647,-6.161966
7393.0000,-14.348607,-22.524259,-5.052114
7394.0000,-18.581693,-22.550634,-6.369974
7395.0000,-19.067795,-18.170329,-8.851560
7396.0000,-18.398743,-18.783415,-8.650607
7397.0000,-19.666559,-18.237212,-7.018561
7398.0000,-19.108984,-22.524673,-8.191998
7399.0000,-20.453732,-22.068495,-9.625152
7400.0000,-18.874951,-19.044408,-10.102412
7401.0000,-19.291769,-20.130025,-9.470922
7402.0000,-17.126116,-19.420252,-14.091405
7403.0000,-17.274763,-19.753212,-14.286352
7404.0000,-15.874837,-23.605023,-10.828736
7405.0000,-15.652436,-24.000319,-10.460367
7406.0000,-11.051158,-25.315344,-8.540939
7407.0000,-13.582281,-25.681718,-6.521527
7408.0000,-11.345233,-26.853073,-3.693462
7409.0000,-10.436706,-25.524997,-3.018277
7410.0000,-9.249366,-21.687235,-3.190964
7411.0000,-9.666666,-22.460860,-4.089881
7412.0000,-9.221017,-24.087438,-4.809750
7413.0000,-13.913312,-24.627021,-3.008858
7414.0000,-12.850821,-21.406150,-0.512313
7415.0000,-12.673915,-19.311113,0.861113
7416.0000,-9.382239,-21.190888,-3.631806
7417.0000,-9.660857,-23.916859,-4.366956
7418.0000,-7.680459,-23.596948,-4.844104
7419.0000,-10.376729,-26.561938,-4.648015
7420.0000,-9.720011,-25.101509,-1.798787
7421.0000,-10.900682,-21.603028,1.426816
7422.0000,-9.510810,-20.514595,2.002522
7423.0000,-9.566022,-19.661085,0.144003
7424.0000,-10.838204,-22.189763,0.953145
7425.0000,-13.235259,-21.112626,0.255892
7426.0000,-17.154443,-17.077223,1.544919
7427.0000,-17.015535,-16.168196,1.907386
7428.0000,-16.565000,-15.988123,-2.428208
7429.0000,-15.935103,-15.537436,-3.073131
7430.0000,-15.705312,-18.213585,0.303655
7431.0000,-16.152384,-15.493961,0.643287
7432.0000,-12.160148,-14.969181,1.105732
7433.0000,-13.884697,-17.036726,2.108858
7434.0000,-15.331684,-16.402736,1.179154
7435.0000,-15.336768,-12.114621,-3.556669
7436.0000,-13.690428,-8.800651,-4.120914
7437.0000,-13.241121,-8.042289,-3.565207
7438.0000,-9.720843,-7.119032,-1.338095
7439.0000,-9.359000,-7.123457,0.258036
7440.0000,-5.989648,-7.782754,-0.397849
7441.0000,-8.053254,-8.887877,-1.574523
7442.0000,-7.445095,-7.159373,-1.686791
7443.0000,-6.865393,-9.216422,-0.868718
7444.0000,-6.505034,-9.574592,-3.036250
7445.0000,-7.212844,-8.053128,-4.338277
7446.0000,-3.560582,-7.252600,-3.902169
7447.0000,-5.576517,-5.785227,-3.962266
7448.0000,-3.985895,-8.516467,-6.345204
7449.0000,-5.351028,-8.647960,-7.055322
7450.0000,-6.319232,-6.657484,-4.002052
7451.0000,-6.654205,-5.322734,-3.322702
7452.0000,-7.450620,-4.930624,-5.195510
7453.0000,-6.042884,-3.935224,-6.146973
7454.0000,-6.777371,-5.964413,-3.250611
7455.0000,-4.450900,-6.188157,-8.882580
7456.0000,-3.637266,-6.865854,-7.969855
7457.0000,-4.691294,-9.203397,-10.524998
7458.0000,-4.314485,-5.986131,-13.203057
7459.0000,-3.147264,-5.580205,-14.612181
7460.0000,-3.666568,-8.433169,-13.226899
7461.0000,-3.385086,-11.011338,-17.186327
7462.0000,-6.600979,-11.067517,-22.236430
7463.0000,-3.195678,-14.547783,-23.336396
7464.0000,-4.568310,-14.483860,-23.521233
7465.0000,-3.599255,-13.898836,-21.557874
7466.0000,-1.994160,-13.518512,-22.497820
7467.0000,1.007929,-10.267233,-24.370684
7468.0000,4.537555,-5.192627,-23.253951
7469.0000,4.814473,-8.411014,-23.789336
7470.0000,3.294533,-12.006950,-23.003326
7471.0000,4.487069,-11.604199,-22.319690
7472.0000,3.655812,-11.457031,-23.328398
7473.0000,2.859250,-14.891836,-21.298405
7474.0000,3.331389,-15.979288,-20.371554
7475.0000,4.352950,-12.582242,-16.846311
7476.0000,3.786438,-12.991825,-18.308501
7477.0000,3.750824,-12.802488,-17.589890
7478.0000,4.397392,-14.777320,-17.541504
7479.0000,3.720672,-16.441284,-15.835145
7480.0000,4.308632,-17.484271,-18.702558
7481.0000,2.431002,-19.159384,-18.975330
7482.0000,3.199948,-19.888447,-18.250862
7483.0000,4.427544,-19.239605,-17.784691
7484.0000,3.047564,-21.889694,-16.593412
7485.0000,-0.593851,-18.870358,-18.289147
7486.0000,-1.978587,-18.822923,-16.852177
7487.0000,1.271283,-15.842197,-19.545713
7488.0000,0.121804,-16.118675,-17.795835
7489.0000,0.613442,-16.147190,-16.110053
7490.0000,-1.493360,-15.169625,-14.061100
7491.0000,1.650398,-17.005289,-12.437955
7492.0000,3.338672,-17.527546,-12.373197
7493.0000,1.809526,-16.936372,-10.631927
7494.0000,1.921139,-18.419467,-14.027963
7495.0000,0.433231,-16.687231,-17.695352
7496.0000,-2.413738,-18.064101,-16.583872
7497.0000,-1.410933,-15.979967,-16.871444
7498.0000,-2.999873,-15.379947,-19.479203
7499.0000,-1.319908,-16.795418,-15.103935
7500.0000,-1.750217,-15.806043,-16.085649
7501.0000,1.428097,-15.567977,-13.116491
7502.0000,-1.738407,-13.487147,-11.217180
7503.0000,-0.262557,-13.767475,-11.950971
7504.0000,2.095381,-13.688712,-11.685976
7505.0000,3.981255,-13.274960,-12.663001
7506.0000,-0.524424,-15.176678,-11.597135
7507.0000,1.778750,-16.141522,-11.965568
7508.0000,-0.778711,-18.250128,-12.649969
7509.0000,-1.357636,-18.618864,-11.256678
7510.0000,2.560152,-19.675971,-10.949647
7511.0000,3.599324,-19.985686,-11.276756
7512.0000,5.021381,-18.478703,-10.483255
7513.0000,5.001262,-15.969916,-10.474655
7514.0000,4.788998,-18.749397,-8.704922
7515.0000,9.115837,-19.824228,-7.944151
7516.0000,12.620867,-18.330191,-9.037452
7517.0000,16.344584,-17.400372,-9.181164
7518.0000,14.484521,-16.710503,-8.800666
7519.0000,16.985712,-19.291662,-7.604376
7520.0000,17.552421,-15.235206,-7.928275
7521.0000,17.333364,-17.474692,-10.565533
7522.0000,16.628229,-16.527989,-9.324240
7523.0000,17.152958,-17.842751,-10.740908
7524.0000,16.988099,-17.721872,-12.730216
7525.0000,15.425031,-19.914901,-14.174882
7526.0000,17.440111,-18.221352,-14.658362
7527.0000,13.192155,-17.774804,-13.966533
7528.0000,16.035226,-17.546716,-16.085076
7529.0000,14.454220,-17.029237,-17.707015
7530.0000,15.684660,-13.553159,-16.525955
7531.0000,12.748551,-13.791903,-14.290882
7532.0000,11.558506,-14.876114,-15.950110
7533.0000,12.574228,-14.721338,-14.106331
7534.0000,10.380707,-13.356367,-15.972802
7535.0000,12.150951,-14.825404,-13.611483
7536.0000,16.838868,-12.917870,-16.236258
7537.0000,13.768238,-10.477461,-15.395501
7538.0000,15.042275,-13.260082,-16.888194
7539.0000,14.546787,-12.948667,-13.417226
7540.0000,16.047699,-15.185890,-13.091234
7541.0000,16.473199,-13.857249,-12.697975
7542.0000,20.489809,-15.299667,-10.999091
7543.0000,20.631146,-17.739846,-13.992882
7544.0000,20.665742,-17.387579,-11.882964
7545.0000,21.380331,-19.432588,-13.009330
7546.0000,20.481483,-17.285069,-13.203161
7547.0000,22.479708,-19.718383,-13.607343
7548.0000,20.644317,-20.213684,-12.746537
7549.0000,19.151845,-17.363655,-15.617874
7550.0000,17.275798,-14.421939,-14.111932
7551.0000,18.018087,-13.610429,-14.156865
7552.0000,15.464050,-13.016121,-11.959252
7553.0000,14.231963,-14.848305,-9.788418
7554.0000,15.246979,-12.939553,-8.054208
7555.0000,14.975583,-13.113416,-7.477504
7556.0000,19.275060,-11.780746,-8.253863
7557.0000,20.067364,-13.389970,-4.993800
7558.0000,17.726883,-13.196143,-5.964990
7559.0000,18.040512,-11.360241,-6.832731
7560.0000,19.155444,-11.802138,-9.339660
7561.0000,19.456620,-9.943049,-10.707063
7562.0000,17.683476,-10.460716,-7.276880
7563.0000,16.498172,-7.624521,-10.975978
7564.0000,18.187161,-7.774257,-9.562523
7565.0000,21.864403,-10.639171,-6.696599
7566.0000,21.668618,-9.255704,-6.595356
7567.0000,21.142294,-10.029776,-5.462526
7568.0000,17.989781,-7.507426,-3.795618
7569.0000,15.868547,-10.965416,-4.232902
7570.0000,13.374569,-9.868229,-7.367158
7571.0000,13.434272,-11.341879,-7.263711
7572.0000,11.197575,-11.821972,-5.411611
7573.0000,11.690663,-10.387168,-3.154236
7574.0000,12.448787,-10.047023,0.436115
7575.0000,13.649715,-8.370935,0.273266
7576.0000,11.039127,-10.408767,1.398977
7577.0000,14.482024,-10.189278,2.139270
7578.0000,13.288600,-9.643812,1.802069
7579.0000,8.553329,-10.234232,3.681205
7580.0000,8.332429,-7.823262,4.105314
7581.0000,6.393982,-9.384749,4.067103
7582.0000,4.087535,-9.020909,5.593295
7583.0000,7.890026,-9.489410,3.766797
7584.0000,9.914149,-8.517132,2.630425
7585.0000,8.584762,-6.115946,2.598128
7586.0000,8.868396,-7.576305,4.158260
7587.0000,8.207383,-7.395938,4.397590
7588.0000,7.227614,-8.184178,4.038531
7589.0000,6.175068,-6.683340,4.095709
7590.0000,3.036517,-7.903642,6.788514
7591.0000,3.772698,-7.099051,6.660309
7592.0000,1.456545,-4.918579,6.576291
7593.0000,1.589896,-9.069537,8.398894
7594.0000,-1.211795,-9.851996,7.757166
7595.0000,-0.371674,-4.723938,3.481162
7596.0000,3.303166,-4.487087,1.913670
7597.0000,5.769469,-5.764188,-0.090583
7598.0000,9.707002,-6.443363,5.490889
7599.0000,6.882610,-6.991185,9.511931
7600.0000,8.937342,-11.890220,9.561559
7601.0000,9.878864,-12.248582,10.028876
7602.0000,12.193156,-10.983288,12.399971
7603.0000,10.928328,-10.753949,11.506311
7604.0000,13.579687,-15.150453,9.105602
7605.0000,13.741498,-13.649357,14.175651
7606.0000,12.207978,-12.517968,10.164031
7607.0000,12.617871,-14.951698,10.301843
7608.0000,10.925421,-15.220275,10.249611
7609.0000,12.322015,-14.562464,6.956556
7610.0000,11.307550,-12.492290,6.210718
7611.0000,9.026689,-10.839579,10.065424
7612.0000,10.140840,-11.202440,9.470320
7613.0000,9.989814,-8.670149,6.164928
7614.0000,8.953744,-8.763068,6.925661
7615.0000,12.914285,-9.028968,9.146187
7616.0000,14.006653,-12.596061,12.371333
7617.0000,12.705457,-13.512027,13.546649
7618.0000,11.842012,-15.518499,13.779283
7619.0000,11.097775,-16.246058,14.461512
7620.0000,5.813996,-14.314790,14.421488
7621.0000,4.989589,-12.737449,11.416222
7622.0000,3.283172,-12.359363,8.474272
7623.0000,4.404847,-8.734806,14.986211
7624.0000,2.506361,-6.881520,12.740436
7625.0000,3.287295,-4.961582,10.270290
7626.0000,4.247393,-8.312811,10.779758
7627.0000,2.002628,-8.681075,9.423258
7628.0000,2.751428,-9.746793,14.253890
7629.0000,3.695082,-10.917677,13.848223
7630.0000,-1.908187,-10.976899,12.350323
7631.0000,-4.538419,-10.339263,12.156868
7632.0000,-3.346773,-9.635480,8.148737
7633.0000,0.454101,-6.375997,8.492112
7634.0000,2.528841,-4.743599,9.416898
7635.0000,2.010372,-5.590753,11.062744
7636.0000,3.775831,-4.051706,13.766305
7637.0000,0.806250,-2.753779,11.648793
7638.0000,-0.275877,-2.673674,14.430331
7639.0000,-1.237611,-3.353888,16.160014
7640.0000,0.853441,-4.370251,14.213819
7641.0000,-0.792697,-2.952489,12.689406
7642.0000,-2.968347,-5.269185,12.759107
7643.0000,-2.280639,-3.111865,15.102484
7644.0000,-4.166833,-1.818093,15.607358
7645.0000,-4.379695,-2.281226,14.625112
7646.0000,-2.788425,-3.188390,13.898579
7647.0000,-2.731704,-0.697165,14.323055
7648.0000,-5.776130,-0.078127,18.019402
7649.0000,-5.113078,-2.213835,18.997119
7650.0000,-2.108544,-4.302315,14.471973
7651.0000,-0.408567,-5.252268,14.549804
7652.0000,1.011797,-7.477174,14.879024
7653.0000,0.360888,-5.084015,14.823426
7654.0000,-2.611668,-7.705441,12.612104
7655.0000,-3.908356,-7.466713,10.701623
7656.0000,-4.107497,-8.395877,10.813888
7657.0000,-7.088373,-5.197694,9.396396
7658.0000,-8.539030,-8.315680,10.766448
7659.0000,-7.184592,-7.804366,14.663503
7660.0000,-6.416233,-7.336524,13.828008
7661.0000,-2.457903,-9.226310,9.520124
7662.0000,-1.909193,-10.514155,8.923623
7663.0000,-3.300872,-8.553873,8.791028
7664.0000,-1.287396,-8.596698,7.135374
7665.0000,3.022643,-8.729839,5.529412
7666.0000,5.316243,-9.085879,5.441568
7667.0000,8.045632,-12.069311,8.882070
7668.0000,8.853769,-10.848799,10.631677
7669.0000,4.433715,-8.931081,12.535002
7670.0000,3.964584,-10.165917,8.583576
7671.0000,2.970295,-9.795787,9.851341
7672.0000,0.964315,-7.972507,6.097141
7673.0000,4.272069,-8.714896,7.145906
7674.0000,1.722556,-4.461719,9.832848
7675.0000,3.061089,-5.381135,7.057801
7676.0000,2.088232,-2.494836,3.830302
7677.0000,3.509304,-3.479849,2.272116
7678.0000,3.587510,-6.011244,6.419753
7679.0000,1.188140,-8.201422,5.353135
7680.0000,-2.713036,-7.839865,6.707747
7681.0000,-0.779842,-5.878247,2.159602
7682.0000,0.203417,-3.790526,5.490850
7683.0000,-3.216194,-2.474432,3.559346
7684.0000,-3.432002,-2.817293,4.688657
7685.0000,-3.942316,-1.376285,2.849846
7686.0000,-3.658409,-2.389385,2.665899
7687.0000,-6.945456,-0.478651,1.626411
7688.0000,-5.143636,-2.184816,1.889211
7689.0000,-5.664471,-2.811304,2.086000
7690.0000,-4.877301,-8.084005,2.144980
7691.0000,-3.760567,-10.639980,2.048973
7692.0000,-4.663082,-5.817029,1.398649
7693.0000,-4.354425,-7.759423,0.488700
7694.0000,-4.186691,-8.355871,2.313868
7695.0000,-2.740565,-10.238581,2.318618
7696.0000,-1.748618,-8.905216,-0.237904
7697.0000,-0.307874,-12.330118,-0.210355
7698.0000,3.155716,-11.730203,0.324130
7699.0000,0.570084,-10.464375,-2.562677
7700.0000,1.300242,-9.119796,-1.266373
7701.0000,-0.095794,-5.578340,-1.337637
7702.0000,-1.680262,-8.233601,-1.758606
7703.0000,-1.002123,-6.666372,-2.938408
7704.0000,-1.152433,-6.113669,-3.506779
7705.0000,0.002334,-8.201984,-3.456814
7706.0000,-1.152788,-8.443224,-2.553532
7707.0000,-3.890627,-9.108475,-3.313782
7708.0000,-3.754062,-8.059505,-3.061397
7709.0000,-3.947546,-8.283820,-4.181746
7710.0000,-2.081901,-8.909686,-7.910058
7711.0000,-3.408298,-9.997697,-8.297828
7712.0000,-2.555531,-6.868078,-7.166219
7713.0000,-1.605718,-4.551632,-6.427448
7714.0000,-1.449390,-5.730011,-6.416973
7715.0000,-1.939772,-3.881133,-5.454383
7716.0000,-4.600830,-3.043300,-5.393743
7717.0000,-3.171017,-3.006781,-4.687516
7718.0000,-4.918327,-2.515815,-8.608795
7719.0000,-8.219564,-1.574528,-7.089575
7720.0000,-5.950751,-3.188745,-7.090252
7721.0000,-4.196905,-3.938286,-8.350722
7722.0000,-3.737221,-2.999433,-8.922996
7723.0000,-0.870603,-6.052669,-6.820091
7724.0000,-0.936027,-8.830409,-4.499903
7725.0000,-1.324991,-9.362295,-4.368961
7726.0000,0.022080,-9.116088,-4.202451
7727.0000,0.900756,-10.294234,-3.622102
7728.0000,1.350119,-10.082318,-2.947877
7729.0000,2.339627,-14.974191,-4.663540
7730.0000,2.777103,-13.494371,-6.774591
7731.0000,4.746354,-14.373975,-4.599777
7732.0000,6.013433,-11.563011,-1.605748
7733.0000,0.922431,-12.895961,0.024723
7734.0000,4.521185,-11.308212,-1.204550
7735.0000,6.683811,-15.285689,-0.657884
7736.0000,5.040615,-15.592046,1.845212
7737.0000,6.371404,-15.672601,1.902015
7738.0000,6.822437,-17.737429,2.520948
7739.0000,7.118708,-13.177855,1.873249
7740.0000,6.895961,-14.521084,2.119610
7741.0000,6.487493,-12.972538,0.363410
7742.0000,5.050140,-9.458105,1.927748
7743.0000,4.163289,-10.183558,-1.927481
7744.0000,1.975779,-8.957195,-3.347239
7745.0000,1.533894,-9.681059,-4.574929
7746.0000,1.809674,-5.795204,-0.905305
7747.0000,5.016677,-10.821760,-2.690042
7748.0000,2.222733,-11.815411,-3.375067
7749.0000,2.656927,-11.330698,-2.009172
7750.0000,3.400702,-11.208493,-1.431452
7751.0000,6.333388,-17.677050,0.862007
7752.0000,7.140138,-18.324309,-1.159828
7753.0000,7.591940,-16.342992,-0.857212
7754.0000,4.611592,-18.872991,-1.813462
7755.0000,5.523830,-16.319740,-1.979069
7756.0000,7.541564,-14.701053,-3.245665
7757.0000,9.359168,-12.257850,-4.126680
7758.0000,8.969243,-12.583499,-6.684785
7759.0000,8.604446,-10.988937,-8.326609
7760.0000,7.979288,-10.222179,-10.753436
7761.0000,8.534417,-8.363945,-13.171367
7762.0000,8.643651,-10.784761,-10.807384
7763.0000,9.122503,-13.844781,-13.477407
7764.0000,8.066972,-17.174624,-10.747039
7765.0000,6.508327,-14.786704,-8.050169
7766.0000,7.762600,-13.334179,-6.080309
7767.0000,7.327401,-13.333519,-6.087842
7768.0000,7.572020,-13.940120,-4.285017
7769.0000,7.882143,-14.543736,-6.874694
7770.0000,9.153866,-13.335161,-7.011320
7771.0000,8.845860,-12.355488,-4.873520
7772.0000,9.787404,-9.386517,-3.321671
7773.0000,9.622254,-13.516272,-3.220815
7774.0000,6.078260,-14.125431,0.816222
7775.0000,5.505067,-13.540474,4.244089
7776.0000,5.968156,-13.533191,4.151057
7777.0000,3.683751,-17.468957,2.360483
7778.0000,5.046200,-17.890275,2.342358
7779.0000,7.386534,-16.228405,1.936082
7780.0000,6.023530,-16.625091,1.793131
7781.0000,8.916172,-15.070468,0.808973
7782.0000,9.550447,-14.868425,-3.969636
7783.0000,7.552239,-15.199186,-6.265793
7784.0000,8.168068,-17.500793,-6.631768
7785.0000,9.849476,-16.550828,-7.585364
7786.0000,8.096165,-17.501379,-2.544273
7787.0000,3.442572,-22.649574,-2.272558
7788.0000,4.987796,-24.859344,-2.917234
7789.0000,5.706708,-23.413180,-3.852584
7790.0000,5.076053,-21.554245,-3.985026
7791.0000,6.790464,-22.112432,-6.167838
7792.0000,6.380875,-20.198917,-3.884613
7793.0000,3.466212,-19.703525,-3.428481
7794.0000,3.391991,-19.850183,-3.457209
7795.0000,1.677729,-19.263951,-3.150180
7796.0000,4.243951,-20.791221,-2.060557
7797.0000,7.117900,-20.296681,-2.621643
7798.0000,7.026791,-19.711371,-3.421499
7799.0000,8.358144,-15.327325,-5.440691
7800.0000,8.556106,-12.496246,-6.873423
7801.0000,8.387117,-11.219360,-3.458110
7802.0000,8.249377,-14.233603,-5.329841
7803.0000,5.552863,-13.552705,-0.569268
7804.0000,8.091327,-15.376742,-2.152292
7805.0000,3.809025,-14.422018,-0.401067
7806.0000,-0.184344,-13.186631,0.605874
7807.0000,1.090943,-15.346387,3.031608
7808.0000,2.287192,-12.697324,5.878504
7809.0000,2.215838,-12.338157,6.273876
7810.0000,3.781490,-12.654465,9.712431
7811.0000,3.437211,-13.658263,12.466896
7812.0000,6.320297,-15.141080,10.493024
7813.0000,5.425864,-16.645014,12.698892
7814.0000,10.343907,-16.613114,13.112552
7815.0000,8.800613,-15.621222,10.396194
7816.0000,10.063722,-11.762975,12.862085
7817.0000,9.129176,-13.301709,7.941941
7818.0000,7.657503,-14.776364,10.309181
7819.0000,8.930827,-15.311953,9.033593
7820.0000,7.960287,-11.308283,4.445174
7821.0000,6.617787,-13.982221,5.637557
7822.0000,5.100403,-16.551544,2.596809
7823.0000,3.200734,-15.456636,-0.052819
7824.0000,1.084719,-17.485716,-2.615691
7825.0000,2.501100,-14.872673,-1.301107
7826.0000,1.032925,-14.656999,-0.733985
7827.0000,-2.399465,-17.130694,0.082722
7828.0000,-1.917039,-19.081834,-1.236488
7829.0000,-2.510746,-17.816059,-3.618414
7830.0000,-3.210618,-19.548105,-4.236004
7831.0000,-2.726404,-18.077073,-3.535221
7832.0000,-1.180966,-17.855241,-2.424077
7833.0000,-6.320950,-17.901757,-2.425422
7834.0000,-6.279403,-12.925909,-2.548956
7835.0000,-6.444156,-13.210462,-1.233008
7836.0000,-6.261170,-18.151266,0.709085
7837.0000,-4.482172,-21.107899,2.469435
7838.0000,-4.360928,-22.158963,1.802908
7839.0000,-5.114389,-18.792785,-0.457322
7840.0000,-4.766330,-18.137072,-3.259731
7841.0000,-3.575750,-17.607344,0.279291
7842.0000,-6.840045,-17.759056,-0.625424
7843.0000,-5.914926,-16.856067,-0.943588
7844.0000,-7.176271,-17.738498,-2.202166
7845.0000,-7.919600,-19.157158,-3.079622
7846.0000,-6.189103,-16.906556,-3.395936
7847.0000,-9.288333,-16.828067,-2.752931
7848.0000,-8.618729,-19.312315,-2.098367
7849.0000,-5.332894,-20.064284,-0.780255
7850.0000,-4.789008,-22.547393,-3.208147
7851.0000,-5.626986,-21.071576,-4.560359
7852.0000,-2.933889,-21.114397,-6.259285
7853.0000,-5.202145,-20.003402,-5.667815
7854.0000,-5.109936,-19.147768,-7.504672
7855.0000,-6.680682,-17.539626,-6.212436
7856.0000,-9.419183,-16.419503,-6.018603
7857.0000,-8.559411,-19.246274,-6.866635
7858.0000,-6.198900,-23.126866,-7.728822
7859.0000,-6.742151,-23.386394,-8.396056
7860.0000,-9.345937,-22.922600,-7.790575
7861.0000,-8.674845,-20.851647,-8.256646
7862.0000,-6.970893,-19.334783,-5.460653
7863.0000,-6.949473,-21.934991,-2.941808
7864.0000,-9.076150,-19.869704,-2.960627
7865.0000,-8.203401,-18.683961,-1.299875
7866.0000,-5.558732,-15.852430,-1.181252
7867.0000,-4.022562,-15.006692,1.691409
7868.0000,-2.490526,-15.959404,2.238352
7869.0000,-1.794483,-16.638104,0.052565
7870.0000,-2.600905,-19.591643,-0.047385
7871.0000,-0.282310,-21.136360,2.415511
7872.0000,-0.981945,-20.843329,3.320620
7873.0000,-3.297347,-23.397995,2.532610
7874.0000,-4.925744,-24.929026,2.061092
7875.0000,-5.869469,-25.967578,0.040213
7876.0000,-5.747521,-27.117093,1.384399
7877.0000,-7.514042,-23.626364,-0.724334
7878.0000,-7.083597,-23.033761,1.739256
7879.0000,-5.070539,-25.726086,-0.729276
7880.0000,-3.455732,-26.712897,-3.187596
7881.0000,-3.919130,-25.932013,-3.193319
7882.0000,-4.899051,-26.776781,-3.915675
7883.0000,-6.108990,-26.776947,-1.457435
7884.0000,-5.665439,-25.254998,1.186436
7885.0000,-3.465241,-29.352403,2.714812
7886.0000,-2.753528,-30.862803,3.553585
7887.0000,-0.794646,-32.469089,2.590115
7888.0000,2.952784,-29.784361,2.941312
7889.0000,2.696618,-29.155561,2.141796
7890.0000,4.401000,-28.495016,0.580691
7891.0000,0.635139,-26.806408,0.847733
7892.0000,0.586191,-25.416681,-0.871405
7893.0000,-1.262898,-26.177681,1.098987
7894.0000,-0.735683,-27.166424,-0.412684
7895.0000,-1.395952,-26.384331,1.215763
7896.0000,-2.136431,-25.246108,-0.718857
7897.0000,-4.494222,-23.934621,0.018439
7898.0000,-3.269049,-23.662091,0.564784
7899.0000,-4.918723,-26.184402,0.490058
7900.0000,-9.472280,-30.534119,-0.712159
7901.0000,-5.586336,-30.839797,0.863000
7902.0000,-5.657945,-32.149231,-0.377938
7903.0000,-7.933884,-33.669776,-0.542103
7904.0000,-9.680792,-32.305760,0.432210
7905.0000,-6.988182,-31.218578,-0.387362
7906.0000,-9.587653,-30.499264,-1.579471
7907.0000,-9.785496,-30.469775,-0.898195
7908.0000,-6.792338,-30.411555,-1.476183
7909.0000,-7.123219,-29.465574,-0.613139
7910.0000,-8.327237,-28.515387,-3.068277
7911.0000,-7.936758,-31.068070,-0.931283
7912.0000,-9.155533,-29.909775,-2.047164
7913.0000,-10.400412,-31.935359,-3.635941
7914.0000,-6.840045,-31.901294,-4.709671
7915.0000,-8.079604,-31.159549,-1.595392
7916.0000,-7.761056,-33.974788,-2.750455
7917.0000,-8.924254,-34.136485,-3.693938
7918.0000,-7.493025,-34.801558,-5.645736
7919.0000,-7.134515,-30.218553,-3.921788
7920.0000,-7.691029,-29.093638,-5.339850
7921.0000,-5.836316,-26.829908,-6.811262
7922.0000,-4.814332,-25.840656,-8.225832
7923.0000,-5.869768,-28.662822,-5.191407
7924.0000,-5.176598,-27.287489,-5.638858
7925.0000,-2.854093,-24.767533,-4.770773
7926.0000,-4.233112,-20.702271,-4.253706
7927.0000,-2.971714,-19.909054,-3.486416
7928.0000,-2.182327,-23.129793,-3.924735
7929.0000,-1.231068,-25.102188,-4.641585
7930.0000,-0.253529,-27.976113,-6.107775
7931.0000,-0.558144,-28.395748,-6.041020
7932.0000,-0.624409,-27.529119,-4.933359
7933.0000,-1.028461,-28.903784,-5.954681
7934.0000,-0.421600,-29.163179,-6.997567
7935.0000,2.699399,-26.634411,-8.070290
7936.0000,3.832108,-24.195205,-3.407996
7937.0000,4.280320,-23.526080,-2.860422
7938.0000,3.378131,-24.541671,-1.501807
7939.0000,3.407157,-27.726202,-0.446447
7940.0000,2.371238,-22.601305,0.966221
7941.0000,4.104488,-22.436680,-1.138958
7942.0000,2.891119,-26.136972,0.816719
7943.0000,3.195183,-26.276086,0.844032
7944.0000,2.079263,-23.897778,-5.189318
7945.0000,1.808413,-26.611409,-6.154104
7946.0000,2.044555,-23.277146,-8.204414
7947.0000,2.644329,-26.270586,-10.189543
7948.0000,3.241838,-24.910215,-9.661309
7949.0000,4.926088,-25.926327,-8.281731
7950.0000,2.369428,-24.959104,-5.408303
7951.0000,0.453485,-25.619426,-8.197158
7952.0000,-1.818073,-22.143435,-8.136024
7953.0000,-5.132078,-24.916845,-11.433851
7954.0000,-4.190579,-25.164528,-8.921187
7955.0000,-1.069181,-26.233710,-8.551145
7956.0000,-2.427612,-24.074714,-7.477222
7957.0000,-2.848027,-28.033688,-7.036500
7958.0000,-1.057198,-24.870116,-7.415195
7959.0000,-0.258152,-26.270570,-10.482524
7960.0000,0.250203,-24.403051,-7.658979
7961.0000,1.001704,-21.807957,-6.759313
7962.0000,2.162050,-25.274461,-7.692495
7963.0000,4.513861,-27.673599,-6.291022
7964.0000,4.713055,-27.225759,-7.905738
7965.0000,3.739839,-26.563798,-5.642238
7966.0000,4.978160,-21.652948,-8.132600
7967.0000,2.896225,-21.714863,-3.201396
7968.0000,4.082827,-20.022847,-3.365078
7969.0000,5.589463,-19.919119,-0.770217
7970.0000,7.289437,-19.697313,-2.467982
7971.0000,2.596001,-17.527083,-0.635569
7972.0000,1.768544,-14.528818,-0.421670
7973.0000,1.833850,-13.034691,0.139768
7974.0000,2.484164,-19.875657,0.591471
7975.0000,-0.062960,-17.317545,0.140154
7976.0000,-1.786054,-17.099781,-1.400901
7977.0000,-5.627078,-17.981382,-2.273834
7978.0000,-3.817968,-18.977264,-2.014226
7979.0000,-5.672833,-19.835813,-3.885940
7980.0000,-4.984490,-19.968713,-3.830278
7981.0000,-6.568206,-20.168624,-4.661161
7982.0000,-6.400420,-18.070667,-5.548375
7983.0000,-3.996286,-16.919130,-6.064152
7984.0000,-4.165296,-15.960832,-5.068864
7985.0000,-3.292253,-16.386073,-4.755901
7986.0000,-2.725027,-16.200227,-11.055885
7987.0000,-2.697785,-12.999575,-13.402920
7988.0000,-5.361274,-17.664156,-11.300282
7989.0000,-7.012290,-16.143310,-12.698958
7990.0000,-7.589779,-18.965754,-12.813316
7991.0000,-6.924652,-20.835315,-14.121366
7992.0000,-3.546885,-22.266026,-16.371853
7993.0000,-1.108022,-24.629161,-15.686032
7994.0000,2.301047,-23.147573,-14.914840
7995.0000,2.000354,-23.162221,-13.139695
7996.0000,-3.824519,-24.792895,-14.104015
7997.0000,-1.725837,-24.663334,-10.049351
7998.0000,-2.857834,-26.663547,-8.809009
7999.0000,1.140378,-25.452192,-10.280022
8000.0000,1.558936,-21.734642,-10.270064
8001.0000,0.519941,-19.234176,-7.810163
8002.0000,1.294201,-17.858239,-10.072051
8003.0000,-2.974437,-16.650014,-10.961791
8004.0000,-6.016930,-19.462203,-12.565772
8005.0000,-6.179429,-16.701054,-13.555246
8006.0000,-3.303408,-19.647033,-15.253828
8007.0000,-5.244218,-17.555392,-12.725662
8008.0000,-7.433497,-16.781902,-13.369568
8009.0000,-9.497306,-17.395547,-15.258696
8010.0000,-12.900289,-19.188713,-16.713852
8011.0000,-11.761577,-19.295562,-17.059728
8012.0000,-13.417468,-22.312719,-17.126911
8013.0000,-15.280264,-21.773172,-11.925058
8014.0000,-11.903062,-19.195364,-11.593321
8015.0000,-14.366142,-20.107814,-9.603953
8016.0000,-14.752075,-20.238139,-10.720829
8017.0000,-15.397260,-20.591084,-8.589488
8018.0000,-10.793961,-22.687448,-4.464833
8019.0000,-12.588006,-22.008864,-2.309281
8020.0000,-12.902169,-22.520485,-6.139103
8021.0000,-11.910414,-19.527139,-6.325408
8022.0000,-12.150757,-21.327971,-5.766589
8023.0000,-9.751959,-21.746594,-5.163342
8024.0000,-8.874492,-20.471309,-5.439348
8025.0000,-8.542094,-21.265839,-5.036194
8026.0000,-7.225360,-20.083684,-5.888337
8027.0000,-6.982754,-23.176246,-6.803770
8028.0000,-8.101798,-21.516103,-5.560127
8029.0000,-8.075890,-23.146813,-6.672077
8030.0000,-10.590170,-24.182639,-7.530107
8031.0000,-11.898888,-25.325915,-7.723397
8032.0000,-12.864830,-22.832785,-5.824880
8033.0000,-10.802416,-20.741148,-4.956049
8034.0000,-8.238059,-19.436278,-3.688785
8035.0000,-6.172126,-16.070322,-4.955208
8036.0000,-5.292930,-19.635365,-6.816175
8037.0000,-4.480144,-18.502080,-5.644149
8038.0000,-6.312946,-18.625798,-5.837022
8039.0000,-7.794117,-18.079207,-2.680633
8040.0000,-12.670403,-15.564875,-4.126888
8041.0000,-8.911098,-10.929401,0.826780
8042.0000,-7.350552,-8.558893,-2.980419
8043.0000,-6.267026,-7.414907,-0.871898
8044.0000,-4.674011,-6.208559,-2.868023
8045.0000,-3.518706,-3.512716,-2.746540
8046.0000,-1.840566,-4.011556,-1.952479
8047.0000,0.532202,-5.797094,0.691501
8048.0000,0.788428,-6.725880,2.146526
8049.0000,-1.711099,-5.376177,-0.750188
8050.0000,-2.833082,-7.602168,-0.291983
8051.0000,-1.428195,-2.765332,-2.572525
8052.0000,-0.824405,-0.861028,-3.671521
8053.0000,0.479020,-0.651187,-3.490663
8054.0000,2.190674,2.556326,2.097982
8055.0000,-0.462614,2.935853,-0.875837
8056.0000,-2.267089,0.782906,-1.221326
8057.0000,0.382141,-2.318158,0.388248
8058.0000,2.920889,-2.813911,1.271005
8059.0000,8.147567,0.463543,3.725276
8060.0000,6.849867,-1.018018,3.807917
8061.0000,7.931376,-0.804712,2.352171
8062.0000,9.798027,0.041248,2.543607
8063.0000,7.717703,-0.617187,3.953739
8064.0000,5.095017,-1.286850,3.228895
8065.0000,5.188716,-1.805628,-0.079137
8066.0000,5.794333,0.303178,-1.030341
8067.0000,7.445648,-0.108217,-2.197627
8068.0000,3.698091,2.865156,-1.460733
8069.0000,4.774123,0.860077,-0.736034
8070.0000,4.173803,0.393097,-0.521979
8071.0000,5.859590,2.222452,-0.059368
8072.0000,1.209960,-0.404076,3.532746
8073.0000,1.619835,-0.461851,6.412128
8074.0000,0.264060,-1.025832,9.164746
8075.0000,1.031737,-2.266876,8.931008
8076.0000,-1.004336,-2.107618,5.011331
8077.0000,-6.037841,0.729935,6.012959
8078.0000,-4.916134,2.829485,6.076066
8079.0000,-6.348068,0.337543,8.565905
8080.0000,-7.774065,-0.234123,5.854353
8081.0000,-4.492576,-0.161278,7.792125
8082.0000,-5.935612,3.090567,6.729269
8083.0000,-6.144806,0.281213,7.746080
8084.0000,-4.636938,1.158780,8.451946
8085.0000,-4.125257,0.189092,5.582730
8086.0000,-5.573727,1.065635,4.732096
8087.0000,-5.601701,0.324093,5.280175
8088.0000,-4.894586,1.682972,6.623345
8089.0000,-4.289653,3.144469,4.902357
8090.0000,-5.123393,4.508129,4.826598
8091.0000,-7.110289,2.292526,7.421699
8092.0000,-6.786113,1.927396,8.344613
8093.0000,-9.120543,3.781635,5.591422
8094.0000,-8.728881,4.474019,4.311624
8095.0000,-9.889201,4.301442,2.659682
8096.0000,-11.061829,7.666997,5.303416
8097.0000,-10.809555,7.889368,4.257785
8098.0000,-11.306553,9.677797,5.915301
8099.0000,-10.301141,11.251007,4.675397
8100.0000,-9.278882,11.540606,4.428204
8101.0000,-9.191199,11.341775,7.625943
8102.0000,-8.486665,9.054517,5.730038
8103.0000,-8.061278,9.494744,3.558341
8104.0000,-8.467610,11.235634,2.354018
8105.0000,-9.613312,8.461554,0.311760
8106.0000,-9.681600,8.917678,-1.419534
8107.0000,-8.580051,10.566548,-1.157810
8108.0000,-10.306524,10.463802,-3.906172
8109.0000,-11.091315,13.529807,-6.085820
8110.0000,-11.092286,12.712191,-3.788712
8111.0000,-13.724812,15.010306,-4.233189
8112.0000,-12.783903,16.093906,-5.039209
8113.0000,-11.917798,12.572118,-6.007707
8114.0000,-12.108937,12.638473,-7.823500
8115.0000,-13.828800,14.682439,-7.078431
8116.0000,-15.447954,11.744742,-7.186088
8117.0000,-14.608562,11.281719,-6.914061
8118.0000,-13.575651,12.455294,-6.704405
8119.0000,-11.477153,10.977395,-8.242553
8120.0000,-12.183800,13.340955,-7.634304
8121.0000,-11.394725,13.670931,-9.673686
8122.0000,-7.273954,13.831405,-7.652226
8123.0000,-7.774857,14.259780,-9.839267
8124.0000,-3.358828,16.280426,-8.837333
8125.0000,-1.357891,17.469246,-7.974211
8126.0000,-0.070913,18.750659,-4.805867
8127.0000,-0.019248,19.165731,-3.195420
8128.0000,0.265826,16.095521,-4.059730
8129.0000,-1.580080,20.114881,-6.617772
8130.0000,1.939927,18.931369,-4.455178
8131.0000,2.810209,16.934981,-3.091986
8132.0000,2.652038,14.254314,-3.496543
8133.0000,2.789657,11.878638,-1.376650
8134.0000,2.531415,14.000531,-1.733243
8135.0000,4.221817,11.165315,1.052951
8136.0000,6.698119,11.429053,-0.032327
8137.0000,7.183718,11.315425,-3.108355
8138.0000,4.758765,10.161913,-1.992160
8139.0000,5.707791,12.509865,2.650428
8140.0000,2.674840,13.600626,0.648502
8141.0000,4.621653,13.838648,-0.420365
8142.0000,3.720936,14.354674,-2.446525
8143.0000,3.748805,13.792662,-1.748726
8144.0000,5.603429,14.062412,-1.986329
8145.0000,3.437506,17.184070,0.626171
8146.0000,4.313723,15.416188,1.330765
8147.0000,5.052907,15.661292,2.777358
8148.0000,5.074463,17.979430,2.357077
8149.0000,5.947767,19.809924,3.188509
8150.0000,7.724732,14.303064,3.437894
8151.0000,8.716817,15.184923,6.214053
8152.0000,8.037707,15.256023,8.479960
8153.0000,4.785455,10.943571,4.574691
8154.0000,6.456747,7.868790,4.447447
8155.0000,9.025030,5.755473,1.231733
8156.0000,7.661673,5.401857,4.607326
8157.0000,8.087993,5.721816,8.894367
8158.0000,5.829434,3.169344,6.619115
8159.0000,6.690356,3.600839,7.673619
8160.0000,6.302999,4.066426,11.017696
8161.0000,10.269477,3.009205,10.939564
8162.0000,14.220091,3.191248,14.935501
8163.0000,15.301074,2.443120,14.885050
8164.0000,15.748715,-0.487292,18.260960
8165.0000,12.079817,1.985386,18.984529
8166.0000,9.581360,0.888337,19.436409
8167.0000,7.642266,-0.022685,17.448114
8168.0000,7.999942,2.447514,16.758940
8169.0000,6.566546,3.606774,17.645476
8170.0000,7.515690,1.117426,14.293215
8171.0000,9.748312,3.177956,13.027711
8172.0000,6.963890,2.039506,10.704993
8173.0000,5.349029,2.468207,13.264433
8174.0000,2.207763,3.661007,12.974034
8175.0000,3.377293,5.103121,13.112328
8176.0000,4.654439,3.699752,14.006379
8177.0000,4.161360,4.370683,14.321329
8178.0000,3.493746,1.012493,15.536553
8179.0000,1.724385,-0.520650,16.118461
8180.0000,5.028520,0.667045,13.687599
8181.0000,4.530478,-0.858415,15.709481
8182.0000,3.123808,0.552529,15.640124
8183.0000,5.542548,-0.835328,16.627605
8184.0000,6.672655,-1.540533,19.421675
8185.0000,7.223602,2.603106,18.758644
8186.0000,5.003596,6.181889,17.103533
8187.0000,5.724309,4.372335,12.478458
8188.0000,4.325832,6.912665,14.218794
8189.0000,4.510428,5.045502,9.736615
8190.0000,3.231544,5.298875,10.834443
8191.0000,2.372987,4.052497,8.889253
8192.0000,2.905839,3.615795,9.469021
8193.0000,1.827510,-0.080758,8.960361
8194.0000,-0.663820,-0.416601,8.132690
8195.0000,0.508896,-3.498591,7.628146
8196.0000,2.839809,2.032940,6.704551
8197.0000,0.921538,3.841117,6.985110
8198.0000,-0.774269,2.934731,7.221991
8199.0000,2.670439,2.392968,5.975945
8200.0000,3.569581,4.693102,10.392748
8201.0000,2.673270,2.072290,10.053928
8202.0000,3.317453,4.283640,6.469986
8203.0000,0.981064,6.141126,8.212648
8204.0000,3.742761,7.726851,10.789637
8205.0000,3.204026,7.772069,10.017199
8206.0000,1.162283,8.037118,11.243453
8207.0000,5.257417,8.551363,9.772099
8208.0000,3.896818,8.991750,12.455992
8209.0000,4.620457,10.407802,9.129693
8210.0000,1.494986,13.474768,6.402709
8211.0000,1.323499,12.150695,8.370676
8212.0000,2.944854,14.220930,7.051353
8213.0000,-1.659299,12.967714,6.624034
8214.0000,-0.213750,13.012331,6.792656
8215.0000,-2.699195,13.223754,10.357992
8216.0000,-5.078237,12.298901,10.156748
8217.0000,-3.599092,11.303879,6.761787
8218.0000,-2.469619,9.884715,5.344276
8219.0000,1.413403,11.571928,8.484802
8220.0000,3.559463,13.255099,9.663449
8221.0000,3.780569,13.083031,8.830205
8222.0000,3.796160,8.846144,9.433228
8223.0000,3.674109,11.116664,11.637513
8224.0000,3.770441,11.713864,10.726108
8225.0000,3.235252,13.575648,12.792842
8226.0000,4.907581,10.985846,13.741839
8227.0000,7.531383,11.907412,14.235729
8228.0000,5.058650,13.821107,16.685559
8229.0000,1.682120,15.995984,19.499322
8230.0000,5.065391,16.733183,18.563459
8231.0000,3.565078,17.816991,18.131623
8232.0000,3.843794,15.824081,17.218299
8233.0000,5.987569,15.253229,12.486097
8234.0000,5.280092,13.537193,12.366750
8235.0000,7.437093,12.421746,10.236261
8236.0000,7.442358,9.576975,13.031326
8237.0000,5.637065,10.223904,15.485297
8238.0000,4.471972,8.695698,11.033302
8239.0000,7.127445,9.973155,9.659840
8240.0000,8.793044,10.067218,10.582132
8241.0000,9.596217,11.812579,13.155153
8242.0000,10.097164,12.979666,10.828305
8243.0000,9.247733,14.132536,11.939557
8244.0000,7.150625,16.485898,9.682543
8245.0000,5.084523,13.829825,11.275519
8246.0000,4.574989,13.420573,11.654349
8247.0000,5.262232,14.544005,14.026893
8248.0000,7.957244,12.129829,15.280944
8249.0000,5.847868,11.807137,14.726272
8250.0000,5.364589,14.711289,12.434390
8251.0000,5.503037,14.261449,10.871313
8252.0000,3.942891,15.538011,10.788130
8253.0000,4.140085,12.182322,13.237086
8254.0000,2.440071,12.588887,11.664230
8255.0000,2.523988,16.655392,11.979283
8256.0000,0.432128,17.482277,9.110639
8257.0000,0.421296,20.207871,11.098493
8258.0000,0.223801,22.001160,8.327091
8259.0000,0.876915,23.553994,9.917682
8260.0000,0.814659,23.688745,11.887563
8261.0000,1.940135,21.647356,12.966123
8262.0000,0.795959,21.775950,11.493481
8263.0000,5.413561,24.365578,10.781480
8264.0000,5.523047,26.353247,8.455591
8265.0000,7.188214,23.571060,7.268548
8266.0000,7.674715,23.432698,6.455333
8267.0000,5.021152,21.134461,8.191629
8268.0000,4.976800,21.339513,8.240562
8269.0000,6.001594,21.530174,6.052682
8270.0000,4.557814,21.716292,2.852382
8271.0000,4.259090,21.934271,1.071343
8272.0000,3.866688,23.397411,3.702082
8273.0000,4.900337,20.128772,3.405224
8274.0000,5.446006,22.303829,4.398801
8275.0000,4.504591,20.633376,7.753433
8276.0000,7.041192,20.880033,6.691970
8277.0000,7.624108,21.216960,8.784897
8278.0000,4.629982,15.461042,11.289396
8279.0000,6.749853,14.747645,7.150941
8280.0000,6.366468,13.309562,4.676632
8281.0000,6.492727,14.924523,8.300026
8282.0000,4.945873,18.989383,7.522108
8283.0000,6.621816,17.497111,9.045845
8284.0000,5.986317,17.092436,9.526511
8285.0000,5.651445,15.115374,9.480817
8286.0000,7.426530,18.320098,7.329082
8287.0000,6.253907,20.456948,8.341351
8288.0000,7.045570,20.390429,7.258104
8289.0000,5.917102,19.558907,4.553049
8290.0000,5.667072,19.977707,7.993740
8291.0000,8.063234,20.523304,6.775677
8292.0000,8.559717,21.114719,7.102401
8293.0000,8.900384,22.160697,9.321069
8294.0000,11.315003,25.621202,13.347590
8295.0000,10.736856,23.171247,15.510039
8296.0000,11.829217,20.945634,16.698805
8297.0000,10.714760,20.768386,15.387713
8298.0000,9.492564,17.529273,13.826208
8299.0000,10.059566,16.342875,13.890225
8300.0000,11.211097,15.860721,13.837917
8301.0000,9.793381,18.186214,10.445750
8302.0000,8.237959,20.420758,7.953541
8303.0000,11.202467,16.211064,9.386914
8304.0000,11.441551,16.209242,12.788139
8305.0000,10.548812,11.541767,13.658678
8306.0000,12.530758,11.913565,12.775944
8307.0000,11.493147,12.978301,12.667616
8308.0000,9.388690,16.070019,12.611246
8309.0000,9.783317,17.670951,13.155872
8310.0000,9.334865,16.914006,12.877875
8311.0000,8.843011,17.636815,12.336612
8312.0000,7.338216,18.734074,14.112497
8313.0000,5.776394,19.757977,18.957258
8314.0000,3.718105,21.021683,17.633855
8315.0000,1.284160,23.021628,15.931528
8316.0000,1.186127,24.827239,17.245359
8317.0000,-3.377570,24.538019,20.176288
8318.0000,-4.501635,25.564812,18.701838
8319.0000,-2.764802,22.692928,19.138792
8320.0000,-1.012850,21.949803,16.499922
8321.0000,2.677939,18.428406,16.274017
8322.0000,4.977093,17.206776,19.977584
8323.0000,4.450749,15.690714,21.989989
8324.0000,7.762090,16.453956,22.680676
8325.0000,7.249923,15.117878,21.184442
8326.0000,8.007180,15.533215,19.590949
8327.0000,5.408509,16.785355,18.918949
8328.0000,6.574503,13.740106,23.388246
8329.0000,4.467292,9.893319,26.848959
8330.0000,3.570067,7.067141,24.623731
8331.0000,5.810051,8.535958,21.951752
8332.0000,6.105300,9.212445,21.995607
8333.0000,4.532488,8.101954,21.814491
8334.0000,5.499997,11.838881,21.998648
8335.0000,6.289553,9.280280,22.673257
8336.0000,5.356196,11.445752,18.193977
8337.0000,6.081018,13.434710,20.577389
8338.0000,8.965719,10.592089,24.644533
8339.0000,10.055629,11.957445,28.379052
8340.0000,9.142677,11.337341,29.062568
8341.0000,8.326323,9.616125,25.624661
8342.0000,1.647443,7.129967,27.818442
8343.0000,2.290747,3.515770,25.798884
8344.0000,2.186157,4.260412,24.518344
8345.0000,1.095579,3.609471,26.564820
8346.0000,4.215259,3.311957,24.610805
8347.0000,6.200559,2.948849,27.156791
8348.0000,6.976027,6.943426,27.635272
8349.0000,11.007105,7.213713,26.220236
8350.0000,10.452851,7.337207,29.883127
8351.0000,11.641512,9.355549,29.013386
8352.0000,12.486870,8.571206,27.648253
8353.0000,11.833264,7.189098,28.037140
8354.0000,12.582034,5.747583,29.026029
8355.0000,11.898059,7.623999,27.164365
8356.0000,9.652694,7.874523,24.261385
8357.0000,9.929399,9.646428,28.846755
8358.0000,7.802970,11.990242,29.440840
8359.0000,5.380535,13.014631,31.116166
8360.0000,5.336281,15.985905,30.922439
8361.0000,5.789312,12.586081,33.725186
8362.0000,5.063235,11.180239,31.857776
8363.0000,3.919263,10.623359,30.730294
8364.0000,4.642508,10.732708,26.717248
8365.0000,5.757106,13.522244,28.264076
8366.0000,4.438384,16.628255,28.912394
8367.0000,3.313597,14.366355,29.274640
8368.0000,1.666511,12.515077,26.452183
8369.0000,1.035140,10.771805,28.865039
8370.0000,1.580903,9.023870,28.473451
8371.0000,1.387464,7.022378,28.975584
8372.0000,-2.436418,9.875205,28.592316
8373.0000,-2.282863,10.227913,25.888388
8374.0000,2.595600,11.402999,27.041116
8375.0000,3.846005,13.616502,27.924684
8376.0000,7.512580,14.409619,30.912531
8377.0000,7.862777,13.506755,28.791383
8378.0000,10.394792,12.283396,29.851768
8379.0000,11.404381,11.330581,32.820996
8380.0000,7.027277,9.768718,30.519457
8381.0000,6.500279,11.961031,30.977531
8382.0000,8.283561,10.999701,25.707602
8383.0000,6.845303,10.095493,27.991240
8384.0000,9.407430,11.201866,28.445866
8385.0000,8.717399,7.297053,29.418332
8386.0000,14.139387,7.400210,27.252979
8387.0000,13.603755,7.541436,28.202868
8388.0000,10.761565,12.616079,28.031384
8389.0000,12.696359,11.279648,30.350368
8390.0000,14.254708,12.440791,33.082147
8391.0000,11.015251,11.482334,34.690066
8392.0000,13.990590,8.054932,35.029446
8393.0000,13.373196,7.911925,34.894301
8394.0000,15.335789,11.127639,33.661173
8395.0000,15.437958,11.825049,33.353161
8396.0000,14.870623,11.783822,35.853883
8397.0000,17.340822,15.256880,36.639116
8398.0000,17.442999,12.645707,31.522537
8399.0000,19.921317,11.498030,31.337281
8400.0000,18.834794,12.550750,31.869834
8401.0000,15.809631,10.053683,31.369565
8402.0000,15.031141,14.490581,29.715596
8403.0000,13.620413,12.915853,31.810775
8404.0000,8.889726,13.275979,31.396622
8405.0000,9.540781,10.722456,29.726957
8406.0000,8.169716,12.921040,30.097274
8407.0000,9.000636,13.616997,28.006600
8408.0000,11.476950,14.251835,26.684564
8409.0000,10.984587,12.773466,25.945325
8410.0000,13.051217,13.447481,24.172672
8411.0000,11.019281,13.232720,24.874588
8412.0000,12.382426,13.491942,25.922294
8413.0000,10.027902,12.615408,25.963010
8414.0000,9.056181,14.067413,23.341832
8415.0000,8.427005,13.624038,21.914831
8416.0000,9.007225,10.254490,20.519122
8417.0000,9.033340,5.969760,18.309898
8418.0000,8.583173,4.368356,17.769073
8419.0000,10.661347,0.930101,16.305685
8420.0000,12.389643,1.689082,15.772046
8421.0000,11.792662,1.625805,15.112443
8422.0000,11.423086,4.021764,12.497385
8423.0000,12.901470,6.400497,15.288113
8424.0000,10.168591,7.406615,13.800216
8425.0000,9.630591,5.437599,13.959394
8426.0000,11.723460,5.806743,14.542344
8427.0000,7.456553,5.572949,15.152414
8428.0000,4.762855,4.528550,14.112800
8429.0000,2.486140,4.836891,10.821406
8430.0000,4.943571,3.034270,11.465533
8431.0000,7.959322,3.914549,11.213633
8432.0000,4.589438,3.535246,9.445974
8433.0000,6.703334,1.804601,5.817028
8434.0000,7.754315,1.227580,6.861222
8435.0000,8.130472,-3.152233,7.375406
8436.0000,10.300235,2.876519,6.562729
8437.0000,12.842960,5.100660,5.449946
8438.0000,9.956442,5.184418,8.265044
8439.0000,8.919534,1.670870,10.064309
8440.0000,8.143745,5.126367,10.453322
8441.0000,8.509017,2.413938,9.006918
8442.0000,7.918351,5.024262,9.534471
8443.0000,5.368152,4.468380,9.714825
8444.0000,5.179356,4.393915,8.852018
8445.0000,7.873118,2.243854,7.219297
8446.0000,11.098009,0.702037,10.290485
8447.0000,10.323416,3.385974,12.930374
8448.0000,9.085633,3.852506,9.862695
8449.0000,12.852394,4.160272,8.672384
8450.0000,16.805861,6.796733,12.329747
8451.0000,19.998541,6.183759,11.022725
8452.0000,19.440162,6.119876,13.761465
8453.0000,20.446065,3.208888,13.432477
8454.0000,19.559827,3.467971,14.982269
8455.0000,19.942145,4.799529,12.606880
8456.0000,20.279930,5.542110,12.208669
8457.0000,22.235509,5.890634,12.090053
8458.0000,19.049472,6.594362,12.607987
8459.0000,19.448206,6.512116,13.337509
8460.0000,19.671694,3.742244,12.969425
8461.0000,15.974181,1.686215,12.255444
8462.0000,16.918272,3.212028,13.545981
8463.0000,14.147686,5.568955,13.825396
8464.0000,18.653857,5.740118,18.262982
8465.0000,17.600282,7.711781,17.966570
8466.0000,14.535450,4.919859,18.761273
8467.0000,14.356925,1.037141,16.379750
8468.0000,14.926162,1.802470,17.298936
8469.0000,11.266807,3.625681,16.203720
8470.0000,10.261563,7.281281,12.157458
8471.0000,11.984560,6.259365,12.605856
8472.0000,10.327022,6.107616,12.532509
8473.0000,9.652171,6.994657,12.799740
8474.0000,13.437548,7.098457,11.731366
8475.0000,12.451440,10.514211,10.696331
8476.0000,12.274122,8.187666,6.471823
8477.0000,13.640813,6.909409,2.932228
8478.0000,12.840826,9.052536,1.280572
8479.0000,13.124510,9.072416,1.398186
8480.0000,14.426697,9.425136,2.887242
8481.0000,12.728102,11.945104,2.060802
8482.0000,10.290342,12.440844,1.139424
8483.0000,10.233115,12.715240,-0.018282
8484.0000,9.511877,14.463515,-0.666082
8485.0000,7.345634,10.168486,1.381075
8486.0000,9.223518,5.101893,0.199114
8487.0000,10.193683,2.117426,0.766707
8488.0000,9.716774,2.155033,1.251231
8489.0000,12.369408,3.071366,-0.368353
8490.0000,12.807641,-1.485237,-2.552542
8491.0000,13.811829,-2.971015,-1.068718
8492.0000,12.175139,-0.562968,0.340760
8493.0000,11.242210,-0.195710,4.920039
8494.0000,9.846045,4.578393,5.732355
8495.0000,14.094348,5.459572,6.990463
8496.0000,16.184339,5.344989,4.870611
8497.0000,16.546674,4.128748,6.509677
8498.0000,16.313756,3.353484,3.695790
8499.0000,16.709012,1.526674,4.227848
8500.0000,19.447786,-0.438057,7.157746
8501.0000,19.175969,1.803002,5.753762
8502.0000,16.912930,5.124952,6.967837
8503.0000,17.661241,4.235756,5.105119
8504.0000,17.624401,7.139418,6.425031
8505.0000,13.497301,7.301103,8.992458
8506.0000,14.252637,9.151818,10.171057
8507.0000,16.478872,9.120636,10.383405
8508.0000,17.193741,7.761434,10.202715
8509.0000,15.961793,7.883571,10.516440
8510.0000,16.028172,8.855917,10.236669
8511.0000,14.131686,13.725034,9.208029
8512.0000,8.905914,13.334135,9.962725
8513.0000,12.050039,12.016341,11.562753
8514.0000,11.089657,12.612001,15.206178
8515.0000,7.914202,12.135561,13.237376
8516.0000,3.885292,11.952573,14.534450
8517.0000,2.775686,11.282881,16.815014
8518.0000,4.311506,11.675537,14.932780
8519.0000,4.274028,7.630787,13.967828
8520.0000,2.307194,8.442285,14.472208
8521.0000,1.467778,10.483597,14.360367
8522.0000,0.456345,9.401561,13.080520
8523.0000,1.689403,7.647520,13.915802
8524.0000,1.775789,7.915949,11.844585
8525.0000,3.334733,10.602844,12.566311
8526.0000,5.207231,11.506031,12.828715
8527.0000,5.501012,8.100959,12.302826
8528.0000,7.378004,8.725913,9.769907
8529.0000,8.690974,10.065599,7.546202
8530.0000,8.687884,10.276771,8.047182
8531.0000,10.555697,11.088242,10.320984
8532.0000,9.612544,8.811569,11.425636
8533.0000,10.341698,10.408080,12.982309
8534.0000,4.433450,13.140274,10.913021
8535.0000,5.888910,14.876905,11.271834
8536.0000,5.663235,16.519983,7.080055
8537.0000,2.843024,10.910874,6.085928
8538.0000,1.635604,11.725848,4.317965
8539.0000,2.112435,9.017286,2.204891
8540.0000,3.643975,6.177732,3.478266
8541.0000,6.151647,6.119499,6.175243
8542.0000,3.529274,6.479281,9.303690
8543.0000,3.967680,6.599175,9.958573
8544.0000,4.333941,6.426513,8.501405
8545.0000,4.508231,7.275903,9.264628
8546.0000,4.327553,5.690780,10.202175
8547.0000,6.372855,6.269391,10.919462
8548.0000,4.438451,7.999931,12.149970
8549.0000,3.827007,7.967574,10.993377
8550.0000,7.973866,8.607350,12.659727
8551.0000,10.155465,8.175932,11.462830
8552.0000,10.643894,6.652729,12.545178
8553.0000,11.278731,9.253593,9.649471
8554.0000,14.627598,6.864109,7.700339
8555.0000,15.332092,4.596150,8.449190
8556.0000,15.676380,4.572273,6.924117
8557.0000,12.938130,6.477879,3.818174
8558.0000,14.456714,7.179584,3.330401
8559.0000,15.477129,8.157785,5.187277
8560.0000,15.857661,6.767783,6.851591
8561.0000,15.816023,7.427033,4.169065
8562.0000,18.082445,7.309643,3.602406
8563.0000,16.607138,8.624278,4.259950
8564.0000,21.474747,9.608825,-0.634191
8565.0000,22.831500,13.421327,-1.242587
8566.0000,20.029099,15.156525,3.299910
8567.0000,22.382529,11.213054,5.372313
8568.0000,23.208355,10.534512,4.511908
8569.0000,20.651745,11.162610,2.932481
8570.0000,20.314706,11.568871,2.160189
8571.0000,18.368111,12.006743,1.548228
8572.0000,17.945990,12.715322,2.782904
8573.0000,14.450473,13.272618,2.003888
8574.0000,13.982057,14.555267,1.591923
8575.0000,15.804722,18.296696,1.843078
8576.0000,18.248995,18.481437,-2.811550
8577.0000,14.966138,16.008963,-3.355700
8578.0000,14.773355,13.838784,-3.350852
8579.0000,15.976903,10.707272,-5.490192
8580.0000,14.354575,13.542565,-6.145247
8581.0000,13.816061,11.326304,-2.339637
8582.0000,17.032161,10.981070,-1.609394
8583.0000,15.266434,12.429686,-1.291062
8584.0000,13.475251,11.810252,-0.179412
8585.0000,16.400489,11.664783,-0.654203
8586.0000,16.414329,9.097357,1.191091
8587.0000,13.973750,8.840932,2.206708
8588.0000,16.561613,8.174989,1.104023
8589.0000,18.201923,8.583395,1.339145
8590.0000,15.505745,9.476448,0.018921
8591.0000,14.343193,8.972209,-2.319498
8592.0000,13.265034,8.165933,-3.119069
8593.0000,15.351106,7.627905,-3.584246
8594.0000,14.190013,5.825757,-2.550013
8595.0000,11.732605,6.282772,-2.955989
8596.0000,13.846560,6.051870,-2.953517
8597.0000,13.530708,6.721968,-4.129787
8598.0000,12.189574,6.287985,-6.056441
8599.0000,11.767430,8.593406,-6.771415
8600.0000,11.373396,7.660597,-5.748380
8601.0000,12.135064,7.864995,-6.216252
8602.0000,10.844479,6.977079,-6.695320
8603.0000,7.922450,4.852326,-5.588706
8604.0000,6.452089,5.317401,-4.608943
8605.0000,3.246752,7.313750,-5.526507
8606.0000,2.934510,5.807845,-2.748006
8607.0000,4.744903,9.941676,-0.031563
8608.0000,3.564744,9.854160,1.845144
8609.0000,2.765121,12.015559,-2.520255
8610.0000,3.508276,9.208198,-4.173783
8611.0000,1.382112,7.486377,-5.428469
8612.0000,1.253445,3.583788,-6.241113
8613.0000,-0.886287,4.766018,-9.226646
8614.0000,-0.514451,2.517045,-6.924254
8615.0000,-1.773462,1.649192,-5.981744
8616.0000,-2.698103,1.162147,-6.739855
8617.0000,-4.230576,0.083916,-6.930820
8618.0000,-2.914171,3.241504,-2.222511
8619.0000,0.349395,3.479288,-3.156084
8620.0000,-2.699815,1.865084,-1.733279
8621.0000,0.898097,3.011250,1.045080
8622.0000,-1.886647,4.323111,5.017392
8623.0000,-1.356038,4.233811,2.839210
8624.0000,-3.237342,7.278086,4.279056
8625.0000,-4.483912,7.413837,4.519438
8626.0000,-4.283579,7.538963,6.650711
8627.0000,-3.474915,7.484091,2.481851
8628.0000,-5.183745,9.570212,6.258562
8629.0000,-4.899698,9.932280,2.377022
8630.0000,-6.939696,12.245723,0.200330
8631.0000,-6.153642,12.919806,-1.115407
8632.0000,-6.429367,15.408195,-2.741612
8633.0000,-7.757021,17.683266,-5.444542
8634.0000,-8.251561,19.395825,-5.627612
8635.0000,-9.134814,19.944852,-6.535285
8636.0000,-9.017521,20.244984,-6.479183
8637.0000,-9.798174,19.803702,-1.156970
8638.0000,-7.532652,19.838234,-1.002236
8639.0000,-7.244795,15.166598,1.154781
8640.0000,-5.454074,13.995026,2.553843
8641.0000,-3.714117,15.770752,4.621954
8642.0000,-5.422170,19.303297,5.990460
8643.0000,-3.237649,15.557178,0.629011
8644.0000,-8.076067,14.806049,-0.536026
8645.0000,-9.159720,11.680081,-0.486181
8646.0000,-10.376839,12.450051,-0.991130
8647.0000,-15.312178,11.813408,-2.198849
8648.0000,-17.660076,9.719337,-3.989217
8649.0000,-15.827576,9.221743,-1.654665
8650.0000,-16.317223,11.612561,-3.512494
8651.0000,-16.815815,12.458210,-3.710535
8652.0000,-16.409125,14.270810,-3.781738
8653.0000,-16.586627,13.252432,-3.885078
8654.0000,-15.654517,12.575478,-6.352368
8655.0000,-18.034456,15.136131,-6.385455
8656.0000,-17.831144,14.690052,-3.868899
8657.0000,-18.524278,14.427341,-1.435296
8658.0000,-18.521045,12.591203,-2.260200
8659.0000,-19.036843,12.106083,-2.516486
8660.0000,-19.954233,10.190279,-1.833394
8661.0000,-15.988266,8.495711,0.009437
8662.0000,-15.728530,10.266054,0.820362
8663.0000,-19.483657,12.074757,1.043772
8664.0000,-20.133769,15.406933,2.918744
8665.0000,-21.211324,16.933959,4.642453
8666.0000,-23.229823,15.756261,6.293751
8667.0000,-22.697861,15.401576,1.643140
8668.0000,-24.849699,14.241067,0.012471
8669.0000,-23.540137,15.107949,4.300322
8670.0000,-23.118905,16.597147,4.254763
8671.0000,-21.936677,17.382365,5.622006
8672.0000,-20.929662,17.414804,4.551581
8673.0000,-20.745102,18.623198,3.844287
8674.0000,-21.638879,19.477873,4.983182
8675.0000,-23.727440,21.484193,5.023947
8676.0000,-28.109264,21.952341,6.398775
8677.0000,-27.140382,19.516090,5.496184
8678.0000,-22.847331,17.761451,6.396983
8679.0000,-23.129910,21.026489,5.785419
8680.0000,-23.127665,17.875446,7.670435
8681.0000,-24.400385,17.109732,7.385170
8682.0000,-24.827323,17.565674,8.784306
8683.0000,-22.475875,20.134753,7.660415
8684.0000,-20.594951,18.186325,4.784097
8685.0000,-17.030282,16.045688,5.857516
8686.0000,-17.444011,15.262272,4.460168
8687.0000,-18.457515,15.852383,1.854964
8688.0000,-17.309702,16.611011,0.655502
8689.0000,-18.624529,15.765843,1.477986
8690.0000,-16.138152,14.377228,-3.938134
8691.0000,-16.538716,14.812214,-3.754447
8692.0000,-16.698113,13.824288,-0.084219
8693.0000,-15.900437,12.897500,1.244741
8694.0000,-18.577012,13.252300,-0.549652
8695.0000,-19.862612,15.569178,1.412955
8696.0000,-19.102930,16.353092,0.899142
8697.0000,-22.290455,14.622012,0.808952
8698.0000,-23.444395,12.821645,3.988383
8699.0000,-25.510742,12.187110,5.538359
8700.0000,-24.128620,9.624877,6.366727
8701.0000,-22.225905,9.788859,9.201096
8702.0000,-19.899188,10.631135,4.897781
8703.0000,-19.961051,9.732475,5.098375
8704.0000,-19.095153,10.469292,4.144948
8705.0000,-17.240656,10.401164,1.721148
8706.0000,-18.516617,9.712488,0.688350
8707.0000,-17.969505,11.596386,-0.283067
8708.0000,-17.861138,11.961192,-0.688246
8709.0000,-15.531423,10.739919,0.158891
8710.0000,-14.968955,8.955374,0.819934
8711.0000,-14.614769,5.532789,0.344852
8712.0000,-15.063727,6.115953,-0.637335
8713.0000,-16.741501,6.960726,-2.204498
8714.0000,-15.377815,9.076299,-3.517653
8715.0000,-14.104526,10.958175,-3.434834
8716.0000,-14.819075,10.687014,-0.878528
8717.0000,-12.168444,11.775414,-0.680086
8718.0000,-12.041369,9.867110,-3.015860
8719.0000,-13.084844,8.831239,-3.168390
8720.0000,-14.676304,5.723694,-6.779171
8721.0000,-13.148676,4.894478,-7.353816
8722.0000,-14.388721,7.504553,-7.465352
8723.0000,-11.305796,7.581756,-6.401262
8724.0000,-12.316866,6.838451,-8.949647
8725.0000,-11.323571,8.111167,-8.880432
8726.0000,-9.605248,9.482140,-7.859990
8727.0000,-14.527239,8.290162,-6.808270
8728.0000,-19.495443,10.193770,-6.602900
8729.0000,-21.330889,7.695576,-6.030391
8730.0000,-17.836766,7.789358,-7.927797
8731.0000,-16.910302,6.826181,-4.616053
8732.0000,-16.671396,7.185885,-5.360796
8733.0000,-13.864049,9.616211,-1.771724
8734.0000,-17.106602,10.388778,-0.736474
8735.0000,-18.136935,10.136808,-0.817380
8736.0000,-17.824888,9.980023,0.189015
8737.0000,-16.717747,7.840720,1.264193
8738.0000,-21.409582,8.019076,0.242836
8739.0000,-20.962309,8.284368,-0.176713
8740.0000,-21.930196,11.036639,-2.311406
8741.0000,-19.276086,9.824307,-1.452879
8742.0000,-18.546396,8.407061,-0.618015
8743.0000,-13.034533,7.359700,-1.746947
8744.0000,-11.438512,6.016197,-0.679374
8745.0000,-13.055673,4.259881,-1.388160
8746.0000,-12.400311,0.040792,-6.785347
8747.0000,-12.378387,0.089822,-7.133083
8748.0000,-11.386339,-2.900680,-5.766248
8749.0000,-12.406877,-0.090076,-0.370243
8750.0000,-11.576087,1.024006,-3.132628
8751.0000,-10.875765,-1.804035,-1.279759
8752.0000,-11.392067,-2.839386,-2.499164
8753.0000,-9.063310,-1.820106,-1.417913
8754.0000,-10.810965,-1.521950,-1.130055
8755.0000,-13.569793,-0.200279,-0.691858
8756.0000,-13.940137,-1.468569,-3.355872
8757.0000,-14.953459,-1.556548,-3.433020
8758.0000,-14.372936,3.384873,-1.072263
8759.0000,-10.666154,8.181556,0.649578
8760.0000,-9.672813,5.780520,-0.277939
8761.0000,-11.778600,7.744246,0.027456
8762.0000,-10.773416,8.210711,-1.929970
8763.0000,-13.838090,7.624010,0.990356
8764.0000,-13.971557,4.784881,-2.334580
8765.0000,-13.566315,5.695969,-0.084246
8766.0000,-13.172964,6.144177,-0.168553
8767.0000,-11.269465,7.021238,-0.762403
8768.0000,-10.937062,7.085834,1.504260
8769.0000,-8.855211,6.824118,0.189588
8770.0000,-5.630497,5.068682,1.284126
8771.0000,-5.965647,7.738426,2.275526
8772.0000,-5.720286,11.533887,2.380980
8773.0000,-6.060003,9.407458,3.858008
8774.0000,-3.875112,10.434020,4.429146
8775.0000,-1.947203,9.870025,4.460410
8776.0000,-2.748301,8.439205,2.420400
8777.0000,-4.344385,7.711118,4.781170
8778.0000,-6.792517,7.971442,3.992942
8779.0000,-8.144730,7.429420,2.863004
8780.0000,-8.068207,8.567326,3.083792
8781.0000,-9.351207,7.355016,3.486623
8782.0000,-8.487420,8.417580,4.549073
8783.0000,-6.394875,5.564681,6.613709
8784.0000,-9.033458,9.774506,5.056562
8785.0000,-13.470341,10.186297,0.012493
8786.0000,-14.212093,10.650325,0.341920
8787.0000,-9.939929,13.677690,0.766755
8788.0000,-12.710702,9.247406,-0.544813
8789.0000,-10.879305,6.625880,2.616396
8790.0000,-9.843542,5.546420,0.533410
8791.0000,-7.283541,4.018866,1.784462
8792.0000,-9.498245,5.031198,2.075438
8793.0000,-7.768876,4.527684,1.523570
8794.0000,-10.198641,5.693008,2.848686
8795.0000,-9.713883,3.766307,6.076148
8796.0000,-8.641541,3.374495,9.109162
8797.0000,-6.406294,3.794048,9.683682
8798.0000,-4.727827,5.672832,9.563808
8799.0000,-6.595091,8.399945,11.676127
8800.0000,-4.931908,7.737211,14.123710
8801.0000,-3.667841,4.437456,11.610349
8802.0000,-5.010430,4.334458,7.788762
8803.0000,-4.261233,3.277613,5.533170
8804.0000,-3.652563,3.411175,9.397011
8805.0000,-2.856862,1.440423,9.183357
8806.0000,-2.583708,1.189591,8.891282
8807.0000,-3.947348,1.062511,6.360944
8808.0000,-5.138448,-1.723794,8.787467
8809.0000,-5.894208,-0.727336,7.522694
8810.0000,-6.908913,0.206291,7.749369
8811.0000,-8.998451,-1.693818,6.146648
8812.0000,-5.312157,-0.786783,6.045185
8813.0000,-7.705825,-1.371449,7.318224
8814.0000,-9.244566,0.180841,6.469737
8815.0000,-10.466414,3.093331,2.898663
8816.0000,-10.906778,4.356356,1.889522
8817.0000,-12.225857,3.956994,2.811157
8818.0000,-12.649715,3.854651,2.551484
8819.0000,-10.884670,7.236529,1.650659
8820.0000,-10.383426,8.339622,1.621360
8821.0000,-7.210806,10.457303,0.665532
8822.0000,-4.964876,12.014927,-0.496392
8823.0000,-4.319875,18.501087,-0.632685
8824.0000,-6.105211,20.080310,-1.926793
8825.0000,-5.514753,19.786951,-3.668184
8826.0000,-6.057898,21.972136,-3.861675
8827.0000,-7.348271,21.313401,-3.383066
8828.0000,-4.821341,22.051747,-2.868789
8829.0000,-6.763016,21.251151,-4.023836
8830.0000,-2.521216,24.139724,-3.940510
8831.0000,-5.417358,22.442675,-2.681833
8832.0000,-3.640719,18.407650,-1.166821
8833.0000,-3.278589,17.070523,-2.575081
8834.0000,-1.469873,18.489770,-7.134056
8835.0000,-1.798531,18.187414,-8.310152
8836.0000,-1.210585,21.128735,-10.777279
8837.0000,1.080368,24.020422,-8.995522
8838.0000,0.231196,23.696193,-8.245882
8839.0000,-1.409248,23.133817,-8.782820
8840.0000,2.217744,20.954210,-10.092826
8841.0000,4.451190,20.194247,-7.478271
8842.0000,3.961269,21.289268,-10.315887
8843.0000,3.628545,18.877738,-8.625072
8844.0000,2.428557,17.290443,-8.834430
8845.0000,2.050240,20.440069,-9.150106
8846.0000,0.550185,20.907024,-7.749557
8847.0000,1.405153,22.873314,-6.973881
8848.0000,-1.423563,20.434692,-4.294900
8849.0000,0.333634,22.347276,-0.943654
8850.0000,-1.226021,22.623427,-3.047137
8851.0000,0.114531,22.127419,-1.407741
8852.0000,0.849867,20.525215,-2.478486
8853.0000,1.087287,20.435036,-0.720428
8854.0000,-1.690054,17.623305,2.356220
8855.0000,2.162804,21.859828,2.585961
8856.0000,0.019219,22.551255,1.446489
8857.0000,-0.533929,21.175565,0.093858
8858.0000,2.961305,20.012510,0.274463
8859.0000,1.146321,22.396432,3.178572
8860.0000,-1.508078,21.283484,9.417685
8861.0000,-4.442760,20.138253,8.951040
8862.0000,-0.662439,21.147939,10.037680
8863.0000,-2.768757,19.673761,11.495247
8864.0000,-1.463083,18.438890,9.403211
8865.0000,-2.416600,18.936171,8.916435
8866.0000,-3.884637,17.046573,8.062536
8867.0000,-4.933402,18.379528,8.425575
8868.0000,-4.403552,17.219388,8.088222
8869.0000,-5.029515,12.612011,6.915168
8870.0000,-4.962822,13.781916,3.425393
8871.0000,-0.006780,16.607698,2.945195
8872.0000,-0.330341,15.961700,5.501709
8873.0000,-3.083121,17.378579,3.392043
8874.0000,-1.652083,17.567652,1.377492
8875.0000,-2.368927,14.172001,5.746517
8876.0000,-1.988234,16.383105,7.365674
8877.0000,-1.298175,15.068963,8.685302
8878.0000,0.330591,15.181557,9.838961
8879.0000,-0.499061,14.520193,11.913712
8880.0000,-0.531175,12.994310,13.972389
8881.0000,-0.649171,11.134791,14.168705
8882.0000,-0.580479,9.679536,13.919930
8883.0000,-0.597713,7.500321,13.676207
8884.0000,-1.517702,7.107957,13.465963
8885.0000,-4.309086,9.961607,12.315717
8886.0000,-7.931793,8.639901,13.598812
8887.0000,-7.353212,10.052293,14.090014
8888.0000,-7.405764,11.704012,13.125954
8889.0000,-7.168479,11.487506,15.642036
8890.0000,-4.010984,13.623159,15.640933
8891.0000,1.052650,11.402856,14.342010
8892.0000,0.663089,10.899755,10.986960
8893.0000,-1.473947,7.002533,11.934399
8894.0000,-3.461477,7.337018,9.513040
8895.0000,-1.661240,6.825399,6.603909
8896.0000,-3.173652,8.453568,10.113813
8897.0000,-1.601836,9.958672,9.424401
8898.0000,-2.097612,13.315251,12.560132
8899.0000,0.272569,13.880484,13.339217
8900.0000,0.368028,13.141428,9.777827
8901.0000,-1.247236,14.363329,8.099774
8902.0000,-3.526042,14.349522,11.337205
8903.0000,-3.740240,16.295390,11.038670
8904.0000,-2.249626,16.305128,9.925684
8905.0000,-5.672097,16.923473,11.648115
8906.0000,-8.819564,16.373790,6.731359
8907.0000,-9.580406,14.023168,6.908528
8908.0000,-7.657942,14.393103,6.373367
8909.0000,-3.730594,15.431968,5.129886
8910.0000,-2.648921,17.733860,6.976524
8911.0000,0.613875,15.508664,8.488622
8912.0000,0.702944,12.164701,8.836244
8913.0000,3.358817,9.132777,8.756743
8914.0000,4.327834,9.030925,8.169308
8915.0000,7.061372,7.233865,7.450082
8916.0000,5.171990,6.255653,9.648179
8917.0000,5.273957,5.243742,12.079064
8918.0000,5.026662,7.363585,13.055114
8919.0000,4.723112,6.498349,12.781150
8920.0000,2.606077,5.889162,12.342749
8921.0000,3.269928,1.855526,10.400268
8922.0000,4.056352,3.255432,9.839369
8923.0000,6.024284,5.731094,12.912568
8924.0000,4.144224,5.819673,11.299450
8925.0000,5.501565,2.980884,13.221361
8926.0000,3.527277,3.550241,10.141754
8927.0000,6.423166,2.686739,9.472522
8928.0000,7.656359,5.922936,13.106276
8929.0000,6.320702,5.787630,12.930111
8930.0000,5.464357,7.029902,12.032161
8931.0000,4.226548,4.306902,11.256506
8932.0000,7.203084,7.348391,9.423466
8933.0000,7.344202,8.870040,10.043068
8934.0000,8.414051,6.465159,9.379939
8935.0000,6.059691,3.397624,6.715965
8936.0000,3.748470,3.575907,3.396964
8937.0000,0.578274,2.246558,2.972518
8938.0000,1.478767,-0.975773,0.517943
8939.0000,3.634452,-0.084348,3.665605
8940.0000,1.625997,0.313563,5.449761
8941.0000,5.178679,-0.361145,7.488287
8942.0000,2.530848,-0.186029,6.600846
8943.0000,1.154310,1.482352,9.113774
8944.0000,0.847674,3.167203,7.906275
8945.0000,-0.374201,2.202185,11.965701
8946.0000,-0.928659,3.091446,12.301424
8947.0000,0.096329,0.750189,12.817576
8948.0000,3.397052,3.294353,13.197291
8949.0000,2.201508,-0.032877,14.080999
8950.0000,3.703980,0.583594,12.311868
8951.0000,1.515059,0.729237,10.620654
8952.0000,3.125383,-1.104951,9.060224
8953.0000,3.836091,1.416832,5.002674
8954.0000,4.879876,1.113246,5.207625
8955.0000,-0.463130,2.969272,5.706815
8956.0000,2.411041,-0.994783,3.060114
8957.0000,3.748321,0.263245,8.129430
8958.0000,5.565011,1.824937,6.937798
8959.0000,7.401322,2.429533,7.576493
8960.0000,6.061171,0.396274,3.532744
8961.0000,6.169428,1.058668,-2.214870
8962.0000,9.973720,1.410038,1.070136
8963.0000,11.523171,1.716907,4.660386
8964.0000,11.050486,-0.315147,4.732175
8965.0000,9.726599,2.078446,7.508030
8966.0000,10.690400,1.975843,7.219024
8967.0000,10.693659,4.918479,5.509080
8968.0000,9.156091,1.363585,5.728784
8969.0000,9.326938,2.104145,4.136720
8970.0000,9.826922,2.016514,5.586687
8971.0000,10.931446,-0.644496,6.546515
8972.0000,9.932208,-2.154113,8.362418
8973.0000,9.214233,-2.781407,7.743421
8974.0000,8.559176,-5.057814,6.684371
8975.0000,8.184648,-4.329136,8.469346
8976.0000,7.020266,-6.185453,11.040524
8977.0000,4.612058,-6.350493,13.548403
8978.0000,4.672189,-3.708791,13.019081
8979.0000,2.794914,-6.017520,15.096299
8980.0000,4.615881,-7.708609,14.855229
8981.0000,6.982774,-8.370809,13.385673
8982.0000,6.090383,-7.520488,15.081075
8983.0000,9.919089,-10.643390,14.185223
8984.0000,11.719315,-9.375888,10.322408
8985.0000,8.509612,-4.742198,12.767333
8986.0000,9.148399,-3.945111,16.702811
8987.0000,8.462046,-5.003432,16.413271
8988.0000,8.046110,-4.202431,17.207237
8989.0000,4.489799,-5.603250,16.943763
8990.0000,4.400791,-2.797919,15.415512
8991.0000,4.724593,1.438183,16.428716
8992.0000,1.920556,4.410560,13.599840
8993.0000,5.300756,5.808252,12.967329
8994.0000,3.074655,5.423884,10.407055
8995.0000,3.704433,10.903290,9.255399
8996.0000,2.670480,8.293314,9.672818
8997.0000,1.452984,6.833898,8.323081
8998.0000,0.504070,6.618920,9.416396
8999.0000,-0.026377,3.510062,10.591697
9000.0000,-0.776807,5.529996,11.779989
9001.0000,-0.287617,8.750580,12.211765
9002.0000,1.685277,9.198033,11.005015
9003.0000,3.819711,6.941776,9.824304
9004.0000,2.146920,6.858742,9.687207
9005.0000,5.415956,11.110682,7.257738
9006.0000,9.597231,12.857143,9.487076
9007.0000,7.690329,14.506662,9.008102
9008.0000,9.347040,13.804658,10.050713
9009.0000,6.117468,12.199438,11.442224
9010.0000,4.185808,11.868674,11.318049
9011.0000,2.919628,11.116030,11.280522
9012.0000,4.360727,9.955123,13.057403
9013.0000,2.667955,8.883016,12.146433
9014.0000,7.312451,7.558572,16.357613
9015.0000,9.222752,9.020561,16.655829
9016.0000,11.661154,10.168893,13.574951
9017.0000,12.529772,7.634278,11.520086
9018.0000,11.713770,6.210367,10.904561
9019.0000,9.226478,7.766194,8.151273
9020.0000,11.741622,6.771211,7.052857
9021.0000,11.858241,7.924023,7.000074
9022.0000,11.488249,8.707721,8.779783
9023.0000,11.035357,9.386637,6.583252
9024.0000,13.411997,10.634154,5.347151
9025.0000,15.646921,11.176754,4.615389
9026.0000,14.138612,10.939200,5.514014
9027.0000,14.351295,10.244393,5.111526
9028.0000,15.739589,8.539181,4.016930
9029.0000,14.838815,8.538170,0.825462
9030.0000,15.260069,6.163731,-1.343695
9031.0000,13.913947,5.728733,-3.788410
9032.0000,14.076820,5.310326,-3.334673
9033.0000,14.848179,3.214371,-5.108653
9034.0000,15.509888,5.321476,-5.879107
9035.0000,14.973657,2.785901,-5.937352
9036.0000,10.976550,4.516518,-8.040080
9037.0000,10.213894,4.681438,-8.857843
9038.0000,10.515739,4.574294,-6.446979
9039.0000,12.303397,3.666432,-3.231269
9040.0000,11.885480,0.644609,-0.784110
9041.0000,13.998577,-5.427223,4.169991
9042.0000,10.047435,-4.426886,4.742083
9043.0000,8.764117,-3.253946,4.130402
9044.0000,3.461824,-2.623502,1.156492
9045.0000,3.510496,-3.928637,3.251511
9046.0000,6.281522,-5.585345,1.451354
9047.0000,8.594368,-4.960318,2.056919
9048.0000,10.323095,-9.788838,4.941699
9049.0000,10.394006,-6.043310,6.865227
9050.0000,10.139605,-4.190083,9.334325
9051.0000,9.740828,-4.840000,4.521349
9052.0000,7.711139,-6.151382,2.997813
9053.0000,7.502009,-6.070725,3.610362
9054.0000,7.214186,-4.648581,2.222582
9055.0000,5.149670,-4.536287,0.505390
9056.0000,5.792698,-5.183082,0.646064
9057.0000,4.795850,-2.550518,3.495363
9058.0000,7.607399,-2.866611,0.586532
9059.0000,6.887117,-1.851128,1.265622
9060.0000,5.513629,-1.334647,2.797863
9061.0000,4.495423,0.261336,-0.632831
9062.0000,8.121429,0.778760,-2.312113
9063.0000,4.882276,4.231167,-1.139476
9064.0000,4.666972,4.927991,3.070981
9065.0000,5.165195,2.211773,4.099175
9066.0000,6.848113,3.492438,5.749740
9067.0000,7.954391,3.128965,8.044446
9068.0000,6.984092,2.090560,6.457878
9069.0000,9.461193,0.962422,11.540542
9070.0000,5.666941,2.416506,10.073372
9071.0000,8.049642,4.216130,9.373318
9072.0000,5.607998,6.700537,8.088486
9073.0000,2.982416,7.589074,7.408309
9074.0000,6.661855,8.506794,6.579223
9075.0000,5.163580,6.047926,7.841637
9076.0000,6.817257,6.611529,8.882804
9077.0000,3.476483,7.116178,9.515030
9078.0000,7.141660,8.099861,8.829655
9079.0000,9.317379,6.256240,13.303484
9080.0000,8.611100,10.397825,12.692379
9081.0000,6.190826,8.690992,10.859899
9082.0000,11.845915,9.478057,11.440424
9083.0000,10.824718,9.479348,14.186864
9084.0000,11.236325,7.686697,14.190171
9085.0000,14.218804,8.369235,11.918085
9086.0000,13.422250,5.123849,6.345901
9087.0000,9.479941,5.293594,6.843025
9088.0000,9.986388,9.787693,10.128808
9089.0000,11.658003,10.143162,6.806921
9090.0000,12.868481,7.247587,10.306674
9091.0000,12.701414,7.193907,7.077442
9092.0000,11.904467,11.047289,8.550066
9093.0000,11.142083,8.436451,9.979070
9094.0000,8.592823,5.408597,12.193400
9095.0000,6.657953,5.237454,14.763984
9096.0000,10.328905,3.316847,15.164956
9097.0000,12.664825,5.543122,14.289217
9098.0000,9.907249,4.901236,10.386305
9099.0000,11.552768,7.027364,13.847878
9100.0000,8.772907,7.128983,15.164527
9101.0000,8.680267,8.825198,15.535117
9102.0000,3.514575,5.811304,14.806013
9103.0000,4.774487,7.827234,17.108875
9104.0000,4.982021,5.813939,18.176264
9105.0000,4.923708,3.251743,16.620344
9106.0000,6.767538,4.025754,15.807987
9107.0000,3.983244,3.150450,15.351383
9108.0000,7.964830,4.725441,17.221462
9109.0000,8.127454,3.971848,12.739063
9110.0000,8.412033,2.962746,14.228675
9111.0000,11.354862,2.892773,12.769258
9112.0000,11.440187,3.440768,11.427609
9113.0000,10.534350,3.291788,10.961732
9114.0000,10.742146,0.599707,10.955805
9115.0000,14.326525,-0.824202,11.236532
9116.0000,13.149438,0.498087,9.410087
9117.0000,13.508908,0.103407,8.263103
9118.0000,15.402547,1.604521,7.295505
9119.0000,15.349749,1.531259,2.312342
9120.0000,15.009043,1.472160,-0.492106
9121.0000,16.137054,1.951980,0.744035
9122.0000,16.170088,0.215954,-1.299345
9123.0000,19.075896,3.589335,0.234945
9124.0000,21.584783,7.193027,1.028307
9125.0000,20.786099,7.163626,-2.411378
9126.0000,24.423385,5.442634,2.928346
9127.0000,22.301233,5.718055,6.511426
9128.0000,20.703783,8.577076,6.878034
9129.0000,17.972865,6.916603,6.948694
9130.0000,20.199108,3.582279,6.739819
9131.0000,17.801236,5.266109,10.397620
9132.0000,17.415951,3.459413,13.384859
9133.0000,13.139111,0.418961,14.026880
9134.0000,14.994572,2.167360,17.195667
9135.0000,11.954320,3.425995,16.902708
9136.0000,12.973384,1.619196,19.172576
9137.0000,11.109896,-2.470865,18.452539
9138.0000,8.010070,0.555822,20.022741
9139.0000,9.441478,1.321139,20.662528
9140.0000,7.773238,4.774573,21.056260
9141.0000,4.991948,4.182914,19.675535
9142.0000,6.662570,8.098999,16.848024
9143.0000,7.720390,9.093188,15.809301
9144.0000,13.363620,9.646904,16.955004
9145.0000,9.036631,11.383017,16.156997
9146.0000,10.840035,10.609499,15.345476
9147.0000,13.979943,10.792823,15.087535
9148.0000,14.843216,13.359653,14.881950
9149.0000,14.624284,10.931103,10.278411
9150.0000,14.521469,10.885911,8.031134
9151.0000,15.260685,12.512025,6.447877
9152.0000,17.263135,11.440367,7.911445
9153.0000,18.264059,11.504667,11.793065
9154.0000,20.429387,13.190768,9.604473
9155.0000,23.822615,12.896968,10.771010
9156.0000,23.860715,12.345427,11.310653
9157.0000,23.341909,10.210982,13.220752
9158.0000,18.784573,9.281192,12.636788
9159.0000,18.016734,8.783766,11.749852
9160.0000,16.950427,8.653409,13.967833
9161.0000,17.305837,4.932462,11.536611
9162.0000,18.073162,5.827041,11.139432
9163.0000,19.297412,5.306082,8.542941
9164.0000,19.409323,5.809877,8.351681
9165.0000,20.250777,2.188155,4.216321
9166.0000,20.681803,0.959882,5.893196
9167.0000,18.655696,-2.459022,6.798335
9168.0000,19.927930,-5.202367,9.070914
9169.0000,20.965027,-6.019911,6.706493
9170.0000,20.512024,-3.941973,7.213517
9171.0000,22.605282,-1.193095,5.577909
9172.0000,23.616479,-3.378111,7.267304
9173.0000,23.559527,-5.800707,6.064116
9174.0000,24.184081,-4.264156,2.839886
9175.0000,23.036193,-1.421012,5.667328
9176.0000,21.765289,-1.770482,5.262414
9177.0000,19.668015,-3.903130,6.309633
9178.0000,19.825337,-1.004369,6.535340
9179.0000,17.491881,-7.128386,8.943098
9180.0000,18.436996,-9.944870,7.764582
9181.0000,15.978825,-10.902674,8.517227
9182.0000,16.481861,-7.061948,8.190369
9183.0000,17.240108,-12.476495,10.778952
9184.0000,18.772140,-17.693612,8.963920
9185.0000,17.037332,-19.377667,9.168728
9186.0000,16.138037,-18.277929,9.739599
9187.0000,15.159089,-18.298039,9.525094
9188.0000,15.987767,-19.795966,11.348329
9189.0000,15.901094,-21.253890,12.962850
9190.0000,18.696366,-16.854795,12.958650
9191.0000,21.756605,-14.691509,11.219993
9192.0000,18.654633,-12.483120,7.860658
9193.0000,18.494371,-11.429648,6.439339
9194.0000,21.962843,-10.335445,8.894185
9195.0000,22.610584,-9.840741,4.477283
9196.0000,21.396912,-8.612390,6.165505
9197.0000,19.201099,-7.634148,0.624830
9198.0000,19.373833,-8.080343,0.886965
9199.0000,19.270129,-8.592546,1.719463
9200.0000,15.790247,-9.668500,2.645733
9201.0000,15.791023,-11.878523,-0.294598
9202.0000,16.818488,-10.177219,-1.984772
9203.0000,16.694539,-9.960022,-0.787608
9204.0000,17.555596,-8.301272,0.763794
9205.0000,19.116902,-10.085265,3.368893
9206.0000,22.321993,-11.367636,7.856855
9207.0000,23.142492,-9.928613,10.959724
9208.0000,19.498016,-7.852596,9.556669
9209.0000,19.922619,-8.662633,14.346594
9210.0000,21.511431,-12.113986,18.862144
9211.0000,20.306473,-10.784838,17.215821
9212.0000,22.512711,-11.798031,16.149315
9213.0000,21.414161,-12.492633,16.993922
9214.0000,20.051094,-10.488507,16.358912
9215.0000,20.508021,-10.165201,12.335274
9216.0000,20.443760,-10.345994,12.538128
9217.0000,21.111470,-6.881437,13.831739
9218.0000,21.621933,-3.670318,12.006628
9219.0000,24.154403,-6.861577,9.825869
9220.0000,22.156010,-8.438223,9.992027
9221.0000,20.011086,-12.426234,8.843781
9222.0000,23.672775,-10.271231,8.497628
9223.0000,25.410558,-12.896852,10.502064
9224.0000,27.806279,-13.520715,6.370929
9225.0000,26.153276,-11.234833,5.502139
9226.0000,26.779669,-8.627005,4.833982
9227.0000,25.544163,-10.806537,8.284173
9228.0000,27.766963,-12.589065,4.351323
9229.0000,29.094310,-11.790366,4.713930
9230.0000,27.684739,-15.026426,2.717713
9231.0000,29.023251,-13.356213,6.734138
9232.0000,26.961277,-10.657937,8.184554
9233.0000,27.931339,-9.838775,10.120709
9234.0000,27.036240,-7.005980,10.788282
9235.0000,27.233407,-6.585563,11.098539
9236.0000,23.109249,-5.896987,11.457883
9237.0000,23.053227,-5.936716,10.633598
9238.0000,22.363780,-7.510241,12.069061
9239.0000,24.594508,-7.119668,15.114784
9240.0000,19.164717,-7.088313,15.148086
9241.0000,18.962073,-8.761408,13.215781
9242.0000,16.284286,-6.199276,10.663871
9243.0000,16.527393,-7.045196,11.612674
9244.0000,17.987202,-5.388304,10.220688
9245.0000,16.688313,-4.371778,8.133952
9246.0000,17.027768,-3.484697,6.764599
9247.0000,17.317177,-3.528501,6.407194
9248.0000,18.009577,-2.112847,4.428815
9249.0000,18.898628,0.240268,5.275914
9250.0000,17.386549,-2.568872,6.010255
9251.0000,16.456827,-3.775535,9.080238
9252.0000,17.511320,-5.515484,10.268243
9253.0000,21.707801,-5.714522,9.279140
9254.0000,20.349127,-2.920507,7.267522
9255.0000,20.567769,-3.135896,7.285596
9256.0000,19.016673,-0.668199,8.369901
9257.0000,20.514794,-1.638136,9.722569
9258.0000,21.803814,-5.519010,11.325959
9259.0000,21.188283,-4.716862,10.833307
9260.0000,22.018947,-3.317212,10.170955
9261.0000,22.719327,-4.141604,12.270781
9262.0000,22.756397,-2.375666,10.172120
9263.0000,23.472847,-6.049450,6.853069
9264.0000,20.047699,-5.430061,7.745991
9265.0000,22.556114,-5.400003,9.874231
9266.0000,22.310268,-7.108655,8.719867
9267.0000,23.549709,-7.411409,9.673465
9268.0000,23.063760,-9.310524,9.953308
9269.0000,25.474792,-10.252385,6.505946
9270.0000,25.079009,-9.124792,7.671335
9271.0000,27.159526,-4.490307,7.303799
9272.0000,29.293321,-6.909643,4.184059
9273.0000,28.805124,-9.261433,3.849146
9274.0000,28.605609,-9.112931,5.018650
9275.0000,25.466643,-8.140501,5.464227
9276.0000,24.988844,-6.798332,4.523842
9277.0000,24.642757,-9.020362,7.038837
9278.0000,26.784785,-12.246385,5.602000
9279.0000,25.653971,-11.928596,8.239514
9280.0000,23.668320,-11.824477,8.115469
9281.0000,27.619676,-13.607992,10.222264
9282.0000,26.772996,-10.353643,12.569535
9283.0000,32.282411,-10.668381,13.281745
9284.0000,28.627827,-9.838197,14.183143
9285.0000,27.318016,-9.673411,12.715306
9286.0000,29.511875,-9.085045,12.723112
9287.0000,30.330132,-7.893977,14.287711
9288.0000,32.178995,-6.605243,13.972608
9289.0000,35.957272,-5.036830,11.746786
9290.0000,34.368172,-2.660440,10.509593
9291.0000,31.285390,-1.321079,6.960524
9292.0000,28.951960,0.234450,6.041938
9293.0000,28.525998,2.357714,2.786620
9294.0000,28.548251,2.753342,-1.437720
9295.0000,25.969569,1.699342,-1.129924
9296.0000,26.440880,-1.073784,-1.864853
9297.0000,28.614218,2.183444,-2.254834
9298.0000,29.691265,1.408451,0.707148
9299.0000,28.594430,-0.523405,2.979962
9300.0000,26.159064,0.067792,4.990232
9301.0000,25.143456,2.060353,6.113464
9302.0000,23.950525,0.970287,3.868469
9303.0000,26.021521,2.300446,0.007067
9304.0000,22.964325,0.655799,4.507542
9305.0000,21.892291,0.646774,2.643035
9306.0000,20.515946,0.252047,3.013623
9307.0000,15.687851,-1.031655,2.804331
9308.0000,14.846731,0.394770,0.039757
9309.0000,13.688439,0.489497,0.920650
9310.0000,14.815240,1.840162,-0.751969
9311.0000,13.577315,0.338779,-2.247017
9312.0000,17.524741,0.760587,-3.171528
9313.0000,15.593560,2.376743,-1.573332
9314.0000,15.877808,1.096687,-0.809196
9315.0000,15.309924,-1.133607,-0.372849
9316.0000,15.534229,0.389444,-0.076285
9317.0000,16.297251,1.603889,0.509729
9318.0000,13.596588,-0.270963,1.696561
9319.0000,15.719790,-3.272586,0.857401
9320.0000,12.439866,-4.312111,-0.716741
9321.0000,16.315549,-3.939154,2.527700
9322.0000,16.664270,-2.480194,-0.689061
9323.0000,18.033765,-3.046115,-1.535326
9324.0000,20.504635,-2.253482,-0.887598
9325.0000,19.839942,-1.028420,0.315488
9326.0000,20.584687,-2.990136,-0.919234
9327.0000,18.731310,-4.167286,0.334592
9328.0000,16.591360,-6.854804,-0.029277
9329.0000,16.351530,-4.593473,1.813619
9330.0000,17.320991,-1.015076,3.324667
9331.0000,12.303814,-3.166120,4.270843
9332.0000,12.601788,-1.719817,4.318927
9333.0000,12.679349,0.779465,6.176257
9334.0000,10.691562,3.184307,4.194950
9335.0000,9.708240,0.679724,4.481333
9336.0000,11.943319,-0.894529,3.302543
9337.0000,14.960839,2.953164,3.526359
9338.0000,17.736592,1.555698,4.589648
9339.0000,18.372330,1.306631,8.354185
9340.0000,17.708266,0.792180,7.743260
9341.0000,20.805059,-0.590472,6.658661
9342.0000,24.786143,1.811213,6.066244
9343.0000,25.534558,2.974382,4.991233
9344.0000,25.045455,2.888041,4.302087
9345.0000,23.294190,2.610986,5.743152
9346.0000,24.336543,6.588198,5.363435
9347.0000,28.679560,5.585832,0.681952
9348.0000,22.520967,4.945204,0.444352
9349.0000,21.101771,6.806670,2.660825
9350.0000,25.103489,7.244726,2.303215
9351.0000,20.756991,6.904349,3.898338
9352.0000,20.992501,8.210257,-0.101274
9353.0000,19.261765,6.108568,-0.338559
9354.0000,18.138858,6.402642,0.041048
9355.0000,14.268691,8.220512,-2.426027
9356.0000,14.336556,8.602277,-2.506573
9357.0000,15.061006,6.538540,-4.597013
9358.0000,16.261001,7.945318,-1.969123
9359.0000,16.045461,9.858399,-2.037028
9360.0000,13.396020,11.335190,-0.611587
9361.0000,12.545015,8.012133,-2.974099
9362.0000,15.348203,8.172827,-4.350721
9363.0000,15.075992,7.496758,-8.598470
9364.0000,16.353717,7.094445,-7.418226
9365.0000,16.998648,9.365810,-10.819715
9366.0000,15.319957,8.724330,-13.934906
9367.0000,14.831875,9.104687,-12.707851
9368.0000,16.674231,7.717837,-13.270171
9369.0000,15.741524,10.334408,-13.270199
9370.0000,14.313279,9.471183,-13.110068
9371.0000,15.076511,14.366795,-14.912101
9372.0000,16.635779,12.800111,-14.920070
9373.0000,18.144912,13.273235,-16.458287
9374.0000,18.954458,11.660836,-15.034061
9375.0000,15.452528,12.726474,-14.178033
9376.0000,18.908947,13.845580,-15.631961
9377.0000,17.092569,12.729545,-16.468788
9378.0000,14.486113,11.668482,-17.775314
9379.0000,12.113295,12.381031,-18.989827
9380.0000,9.763400,8.724541,-20.731263
9381.0000,12.350832,10.785309,-18.966814
9382.0000,14.522627,12.128531,-18.867830
9383.0000,15.829971,12.682535,-18.612811
9384.0000,16.337656,11.248563,-19.711527
9385.0000,14.891909,13.882060,-19.773249
9386.0000,15.660641,14.971964,-19.633699
9387.0000,11.708806,11.956301,-20.531310
9388.0000,10.238462,12.271888,-18.600414
9389.0000,9.402998,15.454007,-20.710831
9390.0000,12.883903,14.347040,-20.854322
9391.0000,13.685299,10.492092,-19.232333
9392.0000,15.201648,12.635762,-18.687980
9393.0000,11.703304,11.242195,-12.585862
9394.0000,10.827688,9.812053,-12.586565
9395.0000,8.821935,12.132544,-8.842927
9396.0000,8.871011,14.463196,-9.344923
9397.0000,5.827514,18.209042,-9.660229
9398.0000,12.543050,19.362291,-13.567617
9399.0000,13.317278,19.215083,-16.167973
9400.0000,13.748642,23.517366,-17.744962
9401.0000,11.983050,24.358046,-17.169776
9402.0000,8.930467,23.273715,-17.509627
9403.0000,9.419815,26.539721,-18.089097
9404.0000,8.176681,26.490642,-19.521922
9405.0000,8.076199,25.631145,-17.544764
9406.0000,11.553032,22.683935,-18.189299
9407.0000,11.304332,19.881637,-13.861337
9408.0000,11.847367,15.950142,-16.360137
9409.0000,12.470150,14.983513,-15.775438
9410.0000,13.057430,17.179227,-15.950517
9411.0000,14.488148,15.552351,-17.800603
9412.0000,16.552689,13.885613,-14.874684
9413.0000,18.473397,18.081287,-10.523396
9414.0000,18.572990,17.529151,-11.995863
9415.0000,19.222250,17.245780,-13.891854
9416.0000,18.815944,20.284436,-14.523825
9417.0000,18.706680,21.557037,-14.874442
9418.0000,18.749439,19.961270,-12.931079
9419.0000,21.346316,21.748189,-13.884230
9420.0000,22.431724,22.698671,-16.700753
9421.0000,21.619437,24.435158,-17.311674
9422.0000,21.321415,21.752787,-15.049213
9423.0000,17.846075,18.671189,-13.229402
9424.0000,18.609620,19.739165,-11.887923
9425.0000,18.093822,19.503596,-13.232887
9426.0000,16.633811,19.851038,-15.375947
9427.0000,11.649761,20.373177,-9.514922
9428.0000,8.618105,17.221389,-5.116351
9429.0000,5.960068,19.033484,-5.032234
9430.0000,4.243651,20.423877,-2.639983
9431.0000,3.966740,18.657657,-0.708044
9432.0000,2.557663,18.274478,1.975173
9433.0000,4.854884,19.450242,5.070847
9434.0000,6.523972,21.463048,3.565579
9435.0000,10.513940,20.703945,2.570787
9436.0000,7.929090,21.591277,0.001693
9437.0000,9.328591,17.719844,-0.655615
9438.0000,8.166955,17.358961,-0.211212
9439.0000,7.954189,16.624850,-0.978062
9440.0000,9.288375,16.439813,1.640032
9441.0000,6.519092,16.744421,1.457022
9442.0000,10.073799,16.884234,0.086237
9443.0000,9.086494,14.845234,-1.900344
9444.0000,9.721424,14.249496,-3.540056
9445.0000,9.452843,16.705311,0.939447
9446.0000,7.332162,17.879102,1.779984
9447.0000,4.240808,16.487452,1.842680
9448.0000,3.865382,16.971187,1.694182
9449.0000,2.802554,15.317644,4.834150
9450.0000,2.152571,15.368536,6.376452
9451.0000,1.567021,14.312121,4.774074
9452.0000,2.045188,11.815622,4.371571
9453.0000,-0.014196,13.533760,6.012738
9454.0000,1.250626,16.814065,6.310458
9455.0000,0.799082,12.400615,8.703288
9456.0000,0.808244,14.047150,7.640004
9457.0000,0.378451,14.633724,7.212542
9458.0000,-0.614677,12.724782,7.300310
9459.0000,-1.226662,11.886494,9.048923
9460.0000,-5.132253,12.956077,9.640105
9461.0000,-5.326880,12.841686,9.297230
9462.0000,-6.983722,13.525599,10.593419
9463.0000,-10.060647,14.970280,9.235698
9464.0000,-10.942091,17.555529,5.671088
9465.0000,-15.064509,17.859509,4.074664
9466.0000,-13.319760,17.397589,4.776832
9467.0000,-13.395815,19.736982,5.264448
9468.0000,-9.730662,17.664959,7.473474
9469.0000,-12.276222,17.351924,7.939434
9470.0000,-7.288516,17.547216,7.250848
9471.0000,-4.360984,22.269680,10.324832
9472.0000,-7.305446,23.203956,11.454121
9473.0000,-4.151382,22.680038,10.781025
9474.0000,-6.351614,23.577185,11.147560
9475.0000,-9.328156,23.717563,13.356172
9476.0000,-9.229424,25.578819,12.782787
9477.0000,-11.009782,25.188352,13.635406
9478.0000,-10.057153,25.921430,15.391177
9479.0000,-5.971693,29.122578,15.476791
9480.0000,-7.430349,23.994469,15.926097
9481.0000,-8.591682,23.109091,14.122297
9482.0000,-7.897781,27.867992,17.020417
9483.0000,-4.398897,25.611428,17.132145
9484.0000,-2.244664,20.606867,13.989105
9485.0000,-2.353746,21.556213,10.133805
9486.0000,-2.609367,22.911279,7.522484
9487.0000,-2.562597,21.948949,8.868267
9488.0000,-4.452243,17.935704,7.150076
9489.0000,-3.845644,21.930728,5.608992
9490.0000,-8.524139,21.376467,5.100470
9491.0000,-10.499103,24.153270,8.064396
9492.0000,-7.521468,24.822773,8.969299
9493.0000,-7.707449,25.988051,6.010332
9494.0000,-7.777824,23.246567,4.716946
9495.0000,-8.656280,23.271346,5.316338
9496.0000,-9.418499,23.016655,6.750921
9497.0000,-10.583049,25.482680,5.886400
9498.0000,-8.069630,23.387898,7.901185
9499.0000,-6.059960,23.970123,9.518923
9500.0000,-5.236917,25.406765,11.804900
9501.0000,-6.163940,26.875998,10.292588
9502.0000,-9.969544,27.096900,11.068897
9503.0000,-8.730056,28.470993,13.410843
9504.0000,-7.755605,30.863130,13.588798
9505.0000,-5.434643,29.987749,14.226322
9506.0000,-5.330529,29.962724,17.572376
9507.0000,-5.147175,28.193970,20.392669
9508.0000,-1.179873,29.352212,18.885206
9509.0000,-1.572350,28.824941,18.431861
9510.0000,-3.710694,26.959568,19.500113
9511.0000,-4.594852,26.694156,20.204848
9512.0000,-5.050572,26.580868,20.961881
9513.0000,-7.345497,27.318757,19.299079
9514.0000,-9.238756,24.508473,20.482297
9515.0000,-7.453889,25.581874,21.669585
9516.0000,-6.365643,24.889595,22.484082
9517.0000,-4.572554,28.454946,24.011849
9518.0000,-0.557489,28.517547,23.941794
9519.0000,-2.832760,28.604416,26.580364
9520.0000,-2.852219,29.098511,23.851922
9521.0000,-1.355454,30.407902,24.279888
9522.0000,-1.083355,30.386387,23.465650
9523.0000,-4.341420,33.686541,20.427735
9524.0000,-6.806697,33.857070,16.646404
9525.0000,-7.229133,33.107893,16.639928
9526.0000,-8.324537,33.755872,15.786421
9527.0000,-4.886473,31.604267,15.317126
9528.0000,-7.140017,28.274402,15.202590
9529.0000,-9.317514,28.235175,17.132723
9530.0000,-11.510417,26.262410,16.563010
9531.0000,-13.695052,28.705247,13.422023
9532.0000,-14.181964,28.398109,13.094310
9533.0000,-10.758123,26.043153,11.241979
9534.0000,-9.711058,25.645475,7.385138
9535.0000,-8.522415,23.390828,7.961679
9536.0000,-7.838358,24.732858,7.396015
9537.0000,-4.129425,25.381132,10.023378
9538.0000,-4.128934,25.194565,9.042473
9539.0000,-7.497522,25.196884,8.064681
9540.0000,-3.133984,25.475288,9.418039
9541.0000,-2.490643,26.196941,12.427826
9542.0000,-4.519119,23.263369,17.031410
9543.0000,-3.226063,26.370096,14.237539
9544.0000,-3.704549,23.589193,16.026337
9545.0000,-5.446196,23.491998,14.663379
9546.0000,-5.196963,23.484244,15.249803
9547.0000,-3.037259,25.785516,14.052037
9548.0000,-5.124598,25.378183,9.512299
9549.0000,-3.361223,21.284199,9.025590
9550.0000,-1.070431,22.979450,6.943027
9551.0000,-1.513352,26.398113,7.303963
9552.0000,-2.928054,27.381396,7.758305
9553.0000,-3.814425,25.302465,10.928803
9554.0000,-5.857723,25.623358,10.081399
9555.0000,-5.864305,24.009182,10.429133
9556.0000,-5.826562,23.177041,10.246037
9557.0000,-7.950647,22.347904,9.660904
9558.0000,-6.724482,19.751164,6.511502
9559.0000,-6.376617,23.157727,4.889779
9560.0000,-4.239590,23.888719,7.083229
9561.0000,-2.993832,21.198478,7.413433
9562.0000,-0.859194,19.359452,7.047692
9563.0000,0.799360,17.018397,8.601515
9564.0000,1.825487,18.374351,9.384455
9565.0000,-2.116142,18.370907,9.500660
9566.0000,-5.816890,19.424273,8.031370
9567.0000,-5.413006,21.135648,7.134839
9568.0000,-5.193283,19.435266,4.457886
9569.0000,-5.707751,17.631491,7.796648
9570.0000,-2.350727,18.221904,7.524082
9571.0000,-2.230502,16.745270,12.736839
9572.0000,-0.679769,14.725760,12.503957
9573.0000,0.487047,17.747639,12.166980
9574.0000,1.876905,18.511861,9.771765
9575.0000,-0.893284,20.087055,10.055125
9576.0000,-1.389289,20.161507,10.087676
9577.0000,-1.274926,22.452433,7.824088
9578.0000,1.161851,21.285104,8.944580
9579.0000,-0.598132,17.152359,7.453832
9580.0000,-0.005659,16.461903,4.693129
9581.0000,-2.111813,17.111140,6.684128
9582.0000,0.504806,15.823179,5.110825
9583.0000,2.001505,16.839577,9.702771
9584.0000,2.386004,14.550422,7.860141
9585.0000,0.386971,11.957346,5.964445
9586.0000,0.035707,11.924516,8.118623
9587.0000,-1.843801,13.446856,8.048055
9588.0000,-4.786171,15.100897,7.903008
9589.0000,-2.603458,13.169130,9.554988
9590.0000,-3.344983,16.171295,8.811422
9591.0000,-2.370044,15.612550,9.414832
9592.0000,-2.559723,20.633569,7.916313
9593.0000,-2.744288,20.793072,8.613997
9594.0000,-1.738032,20.124258,8.969701
9595.0000,-1.569314,20.041161,7.441651
9596.0000,-2.214488,19.299966,7.375223
9597.0000,-1.250751,20.726472,9.609017
9598.0000,-3.157847,17.956334,9.655211
9599.0000,-4.001601,19.982184,6.752921
9600.0000,-3.065942,18.999950,8.650293
9601.0000,-2.662823,21.715569,9.905973
9602.0000,-2.442572,19.278343,14.058519
9603.0000,-1.539054,20.476606,15.604698
9604.0000,-2.716261,20.608843,17.769611
9605.0000,-2.114128,18.858404,17.594746
9606.0000,-7.323538,20.129834,11.731649
9607.0000,-8.423006,18.994340,10.670259
9608.0000,-8.469383,22.149733,6.747142
9609.0000,-5.665193,23.503258,7.150522
9610.0000,-7.409202,25.049943,5.997768
9611.0000,-7.208367,27.257563,2.445961
9612.0000,-7.762177,29.134892,0.456853
9613.0000,-11.963056,30.456542,-0.832322
9614.0000,-11.959896,33.009232,-4.127461
9615.0000,-10.762997,30.600489,-3.112043
9616.0000,-6.501447,31.500519,-1.852763
9617.0000,-6.701925,30.493320,-3.878870
9618.0000,-8.270881,28.180459,-6.113963
9619.0000,-7.384195,27.529188,-4.791126
9620.0000,-11.392906,25.312400,-5.981549
9621.0000,-11.667429,21.443963,-6.905457
9622.0000,-11.492927,23.741805,-5.281746
9623.0000,-10.612144,20.623285,-4.910509
9624.0000,-12.842980,20.870779,-8.349465
9625.0000,-12.230185,20.383630,-8.397150
9626.0000,-13.453720,18.882951,-9.036007
9627.0000,-11.686753,18.724520,-9.231595
9628.0000,-11.368935,18.259307,-9.302931
9629.0000,-9.428836,16.499814,-11.765547
9630.0000,-9.728983,17.038827,-10.439346
9631.0000,-12.031591,16.688373,-10.984498
9632.0000,-12.271069,18.451127,-13.304379
9633.0000,-15.200961,17.602006,-14.521275
9634.0000,-13.850143,18.558877,-13.876078
9635.0000,-12.651970,18.358255,-14.795135
9636.0000,-14.798939,14.420267,-13.719566
9637.0000,-14.206305,14.119178,-11.283007
9638.0000,-15.454438,11.333643,-11.182117
9639.0000,-15.854140,11.847817,-9.426591
9640.0000,-14.786506,14.390559,-11.708221
9641.0000,-12.348762,13.717849,-8.944787
9642.0000,-14.790858,12.546861,-7.029420
9643.0000,-13.524081,14.561928,-8.797494
9644.0000,-12.464112,17.945959,-10.528939
9645.0000,-10.698880,19.554275,-10.614707
9646.0000,-10.147835,21.628479,-11.966761
9647.0000,-10.597390,18.226016,-13.011550
9648.0000,-10.700796,15.140653,-10.910452
9649.0000,-12.210428,13.895650,-9.993420
9650.0000,-13.862776,13.661833,-11.565896
9651.0000,-14.221637,18.060986,-12.483816
9652.0000,-15.182145,14.822692,-13.606596
9653.0000,-15.330202,15.267226,-16.151749
9654.0000,-17.360318,15.049192,-17.859930
9655.0000,-14.159906,15.623563,-17.092632
9656.0000,-11.231162,16.280756,-19.002296
9657.0000,-10.915207,12.555413,-16.084845
9658.0000,-13.656274,14.780263,-15.305661
9659.0000,-11.079363,18.148900,-13.589825
9660.0000,-10.523751,18.398012,-13.678028
9661.0000,-11.804936,14.131923,-11.148720
9662.0000,-11.496404,19.038415,-11.453267
9663.0000,-13.685550,15.425119,-10.714852
9664.0000,-12.779667,15.266024,-10.434312
9665.0000,-10.936834,12.676558,-8.651963
9666.0000,-11.628452,13.635584,-6.525552
9667.0000,-9.719452,14.856756,-4.275147
9668.0000,-8.090460,11.549519,-5.905229
9669.0000,-8.635131,6.614785,-10.499878
9670.0000,-10.460140,5.712083,-9.427415
9671.0000,-7.746334,6.693223,-9.458054
9672.0000,-5.826008,7.411366,-10.592388
9673.0000,-9.942275,8.408608,-11.198213
9674.0000,-10.405695,9.837641,-9.671204
9675.0000,-12.375125,7.941620,-9.597418
9676.0000,-13.349997,4.061667,-12.806765
9677.0000,-14.500566,-0.539866,-14.624870
9678.0000,-15.077549,1.691008,-15.233023
9679.0000,-12.489690,0.141267,-16.212603
9680.0000,-15.766402,-0.230278,-17.676743
9681.0000,-12.620627,-3.196816,-14.688122
9682.0000,-12.829271,-3.647039,-16.501232
9683.0000,-13.351502,-4.422143,-16.603026
9684.0000,-9.322466,-5.668258,-15.687285
9685.0000,-10.201763,-4.697724,-14.054564
9686.0000,-10.596426,-1.370433,-15.022547
9687.0000,-13.084137,-1.681006,-16.042334
9688.0000,-11.927724,-4.327641,-15.895471
9689.0000,-13.471385,-7.155545,-12.354867
9690.0000,-16.584694,-5.381984,-10.998340
9691.0000,-15.320464,-4.315275,-10.588137
9692.0000,-16.680807,-4.496079,-8.331081
9693.0000,-15.151407,-3.012381,-10.179094
9694.0000,-15.915776,-8.646274,-8.515580
9695.0000,-16.880295,-9.157405,-6.482662
9696.0000,-16.447961,-7.969110,-4.459244
9697.0000,-16.208572,-5.819526,-4.082242
9698.0000,-12.324176,-4.737480,-6.309919
9699.0000,-13.679649,-3.526426,-6.746744
9700.0000,-13.477984,-5.301340,-3.914013
9701.0000,-9.099643,-3.314628,-4.115675
9702.0000,-7.698649,-4.657130,-2.522104
9703.0000,-4.294853,-3.287428,-2.967567
9704.0000,-1.021089,-7.794527,-2.773287
9705.0000,-0.602159,-5.284508,-3.414733
9706.0000,1.417771,-3.502863,-4.062644
9707.0000,1.400669,-2.319478,-3.916196
9708.0000,-0.546010,-2.560317,-3.163638
9709.0000,-1.471218,-5.229985,-6.095468
9710.0000,-0.713179,-5.704998,-10.124258
9711.0000,0.047121,-3.245632,-10.557904
9712.0000,-0.743476,-2.330842,-11.170894
9713.0000,0.770135,-2.445690,-10.685117
9714.0000,0.545547,-3.234098,-8.994978
9715.0000,0.844675,-3.914720,-6.368098
9716.0000,3.182312,-4.077089,-4.569872
9717.0000,6.612675,-5.552696,-2.666990
9718.0000,6.025883,-2.352803,-1.481726
9719.0000,8.235580,-0.159320,-1.666543
9720.0000,6.379705,-0.577758,-0.773294
9721.0000,6.775267,-0.397212,-0.946744
9722.0000,8.935030,0.418416,-1.377333
9723.0000,5.772636,-1.024889,-1.597164
9724.0000,3.835300,-3.594006,-5.433135
9725.0000,4.755747,-1.132521,-3.406087
9726.0000,6.697749,-0.770614,-3.683774
9727.0000,6.536562,-1.304105,-3.914842
9728.0000,5.998847,-1.632226,-2.618229
9729.0000,3.404646,-2.577133,-5.217026
9730.0000,2.231118,-2.086911,-4.314718
9731.0000,0.844678,-0.594113,-5.369887
9732.0000,2.534262,-3.817479,-1.714121
9733.0000,3.867254,-0.241960,-0.103271
9734.0000,5.309178,0.280772,1.681074
9735.0000,6.255044,0.767944,1.702806
9736.0000,9.498389,0.218176,-0.128083
9737.0000,5.286651,3.837517,1.119866
9738.0000,6.734150,5.546845,1.153970
9739.0000,7.500284,4.474721,4.354725
9740.0000,9.438212,4.234769,5.366187
9741.0000,12.251604,6.769930,2.337598
9742.0000,12.693743,6.179826,5.976958
9743.0000,15.447775,3.035489,3.370549
9744.0000,16.933453,3.472610,7.737406
9745.0000,20.178871,4.939887,9.528077
9746.0000,22.971519,3.447144,11.702638
9747.0000,19.791019,1.194136,5.199701
9748.0000,18.417018,3.418072,3.419416
9749.0000,18.822667,0.342149,1.677680
9750.0000,18.005407,3.334297,-0.938191
9751.0000,17.566251,2.377718,-0.206175
9752.0000,16.303519,1.990264,-0.135839
9753.0000,18.478219,2.681094,5.002865
9754.0000,18.540548,2.018793,3.767682
9755.0000,18.837200,4.611555,2.381965
9756.0000,16.600777,5.428831,6.909817
9757.0000,15.119769,4.183401,7.721963
9758.0000,15.335437,6.384568,9.481656
9759.0000,16.334714,6.657509,11.672464
9760.0000,15.987677,5.709535,14.893348
9761.0000,13.071368,11.495930,16.078233
9762.0000,14.064420,10.229398,17.769998
9763.0000,16.612544,11.632867,18.392587
9764.0000,13.363589,12.336218,20.510512
9765.0000,12.876948,14.081844,20.408845
9766.0000,11.600824,14.002164,16.552311
9767.0000,11.667933,15.328742,17.632443
9768.0000,14.019421,16.294757,16.839383
9769.0000,13.304691,16.006880,17.542000
9770.0000,15.045135,14.528087,15.120499
9771.0000,14.711117,16.044846,17.081450
9772.0000,12.973294,14.349426,15.216924
9773.0000,13.601591,11.379980,16.710631
9774.0000,15.264029,9.041573,18.746339
9775.0000,15.495731,7.956426,17.544481
9776.0000,15.620069,8.568547,19.553719
9777.0000,14.536864,12.718390,18.910151
9778.0000,16.891278,13.184016,16.662880
9779.0000,16.979888,13.718899,19.244327
9780.0000,14.760744,14.198049,19.315716
9781.0000,13.543174,15.679047,21.472633
9782.0000,14.954132,14.588330,20.269293
9783.0000,16.841803,14.974105,19.587554
9784.0000,20.132636,15.179131,23.518261
9785.0000,20.895800,11.363106,22.361386
9786.0000,20.676915,9.911926,20.685552
9787.0000,21.093353,9.348079,18.756779
9788.0000,22.569723,7.435076,18.735407
9789.0000,26.620544,10.449131,14.864712
9790.0000,24.309941,7.906342,16.723315
9791.0000,27.395142,7.125198,16.350583
9792.0000,27.545263,7.455166,15.425558
9793.0000,27.189482,5.578927,17.202363
9794.0000,27.853795,7.557087,16.292159
9795.0000,27.974195,5.452509,17.986158
9796.0000,27.724123,3.395037,15.948552
9797.0000,28.000807,3.520201,11.940398
9798.0000,28.425618,-0.173711,10.719965
9799.0000,27.433373,1.444938,9.569713
9800.0000,27.942224,0.667096,12.010510
9801.0000,24.890793,-2.333630,12.825291
9802.0000,23.735998,-1.263538,11.731558
9803.0000,21.502347,0.304400,10.045874
9804.0000,22.202261,1.196220,10.766601
9805.0000,20.867340,3.661570,13.696098
9806.0000,22.981432,4.525139,18.001123
9807.0000,20.380811,7.019651,18.832023
9808.0000,21.263757,5.749083,21.250679
9809.0000,18.217895,5.752420,20.062342
9810.0000,20.759959,7.099080,21.080931
9811.0000,22.750595,9.173062,18.250850
9812.0000,23.863175,7.816500,17.720684
9813.0000,24.671288,9.955727,15.421173
9814.0000,24.297034,8.202607,16.612141
9815.0000,20.903158,8.240253,15.604877
9816.0000,21.690593,9.057896,19.324849
9817.0000,23.212055,9.517639,15.548661
9818.0000,21.228533,9.919254,15.760795
9819.0000,24.658593,8.879739,13.141105
9820.0000,25.644916,9.597145,12.629904
9821.0000,25.542742,8.099845,11.723157
9822.0000,23.239637,6.117425,10.602915
9823.0000,24.022749,5.450378,9.765740
9824.0000,25.072815,7.905078,14.602403
9825.0000,24.202846,6.957129,16.274072
9826.0000,22.162387,1.226731,17.972021
9827.0000,21.731997,1.093848,13.443227
9828.0000,20.154896,1.056870,14.048618
9829.0000,23.209304,-1.138209,17.751674
9830.0000,19.809568,-1.768596,16.089897
9831.0000,17.976190,-1.976408,16.150596
9832.0000,12.685983,-1.846569,17.689537
9833.0000,14.442487,0.364925,14.223077
9834.0000,15.088544,-1.134283,14.282150
9835.0000,18.100262,-2.684033,14.574848
9836.0000,20.374347,-4.757303,13.043468
9837.0000,20.260661,-5.360822,10.797932
9838.0000,19.600724,-10.633733,12.475197
9839.0000,17.618859,-7.667041,9.233946
9840.0000,15.862623,-9.551081,8.303949
9841.0000,15.699215,-12.095722,5.006602
9842.0000,10.522619,-14.910600,7.992484
9843.0000,10.163958,-12.334390,6.709629
9844.0000,10.823413,-14.207531,8.768073
9845.0000,9.204933,-12.571230,10.943865
9846.0000,12.171270,-10.493752,11.857855
9847.0000,17.525776,-8.894340,10.218447
9848.0000,19.241463,-8.044061,11.850983
9849.0000,17.973544,-7.278784,10.370241
9850.0000,18.349987,-9.586921,10.161584
9851.0000,17.551594,-6.422974,9.789462
9852.0000,15.104496,-5.997259,8.387250
9853.0000,13.748279,-7.883397,8.297688
9854.0000,17.451855,-7.941734,6.844609
9855.0000,17.655214,-10.358505,8.052095
9856.0000,17.354755,-10.071273,11.685655
9857.0000,16.368224,-9.796191,12.713992
9858.0000,14.529347,-8.112039,12.870397
9859.0000,16.164507,-5.854485,14.994798
9860.0000,15.605756,-8.275289,11.836169
9861.0000,16.858954,-9.423160,11.188838
9862.0000,14.530759,-8.690034,12.962180
9863.0000,14.455983,-7.538829,16.531055
9864.0000,17.718942,-7.099430,17.271364
9865.0000,18.600268,-9.924429,17.532673
9866.0000,21.547534,-10.450766,15.752312
9867.0000,23.668133,-11.090028,15.649761
9868.0000,24.556567,-8.837906,16.037139
9869.0000,19.466568,-8.076994,18.435158
9870.0000,17.704219,-6.425492,17.905374
9871.0000,17.260456,-8.101281,20.001396
9872.0000,16.754000,-6.150113,20.974175
9873.0000,20.144756,-2.423563,18.917881
9874.0000,18.924204,-0.619741,17.904130
9875.0000,18.344878,1.825813,17.812663
9876.0000,16.876496,0.304117,17.028207
9877.0000,19.113184,0.043825,16.387681
9878.0000,18.655358,1.546235,17.825415
9879.0000,20.864213,-1.396671,17.195150
9880.0000,22.974979,-0.249184,14.594922
9881.0000,21.666912,-1.216497,14.951827
9882.0000,21.020241,-4.431316,14.917881
9883.0000,23.161481,-6.202313,14.734270
9884.0000,23.353460,-3.797293,13.925819
9885.0000,22.375105,-1.315630,11.953808
9886.0000,20.554084,-2.672135,10.464610
9887.0000,16.541252,-5.638340,12.616329
9888.0000,15.696089,-0.389712,13.106643
9889.0000,14.240037,-0.787582,14.947660
9890.0000,14.863468,-2.374564,13.123082
9891.0000,15.068657,-5.305018,11.265647
9892.0000,11.669548,-6.139815,11.984527
9893.0000,17.371045,-7.348268,14.269435
9894.0000,13.950277,-6.886371,12.278613
9895.0000,10.667863,-6.969621,10.820184
9896.0000,11.052035,-10.308300,9.412636
9897.0000,9.823650,-11.424060,9.562467
9898.0000,9.213745,-9.193090,10.135529
9899.0000,8.252686,-7.024881,10.128223
9900.0000,8.050377,-9.941883,11.016997
9901.0000,8.366353,-9.855832,12.994811
9902.0000,9.131341,-9.532559,11.229168
9903.0000,9.562551,-9.388588,12.132859
9904.0000,10.612848,-8.765520,9.044850
9905.0000,8.716159,-10.028058,11.575320
9906.0000,8.680912,-8.427000,10.690304
9907.0000,4.955962,-8.693866,12.161945
9908.0000,7.084107,-12.944102,13.541600
9909.0000,6.106531,-11.212824,11.072782
9910.0000,6.521552,-11.222538,11.610963
9911.0000,5.288671,-8.801782,10.883552
9912.0000,1.386751,-11.160320,14.166986
9913.0000,1.412497,-13.846214,12.017621
9914.0000,-0.121016,-15.712655,8.159099
9915.0000,1.089502,-14.235623,7.672326
9916.0000,2.275288,-9.457857,6.780542
9917.0000,2.363163,-4.272906,4.048454
9918.0000,3.401261,-6.740201,1.218409
9919.0000,4.518143,-8.392967,3.353503
9920.0000,3.437031,-5.240141,4.199009
9921.0000,8.876909,-5.947336,4.018712
9922.0000,4.943454,-7.983593,4.696037
9923.0000,6.887583,-6.130142,4.978787
9924.0000,5.552928,-5.542181,5.413550
9925.0000,6.145477,-6.340194,2.722649
9926.0000,6.086492,-3.638189,0.624367
9927.0000,6.775002,-4.280444,5.130157
9928.0000,9.817211,-6.518403,6.013999
9929.0000,11.612189,-9.378382,5.092715
9930.0000,11.171812,-11.348252,9.365501
9931.0000,9.814490,-12.738288,14.086939
9932.0000,10.764918,-13.493602,14.485048
9933.0000,11.176144,-14.682873,13.273452
9934.0000,12.338789,-12.298656,11.786749
9935.0000,12.179114,-16.150473,10.999136
9936.0000,9.483503,-16.165243,13.320208
9937.0000,11.083775,-13.252371,13.825174
9938.0000,11.485194,-13.279427,15.108489
9939.0000,12.870413,-13.586173,15.592901
9940.0000,14.367947,-13.292048,14.536445
9941.0000,16.817481,-12.804998,9.910376
9942.0000,17.166635,-15.525148,9.169462
9943.0000,18.713624,-15.974471,12.400382
9944.0000,16.643579,-14.180854,9.935218
9945.0000,15.846120,-13.739561,6.334898
9946.0000,15.879796,-15.598946,7.470461
9947.0000,15.733482,-16.509388,7.434632
9948.0000,15.683099,-19.434746,4.956505
9949.0000,16.481815,-18.546170,4.508860
9950.0000,14.502171,-19.703573,7.529617
9951.0000,11.102651,-17.644072,6.683224
9952.0000,12.405196,-19.059978,9.976071
9953.0000,15.509634,-18.480983,10.809968
9954.0000,14.543405,-20.080566,8.471461
9955.0000,12.994985,-21.183952,6.417243
9956.0000,13.302283,-19.792945,7.874566
9957.0000,12.680856,-20.011833,6.522874
9958.0000,13.243787,-14.826654,4.869333
9959.0000,14.743671,-14.872936,6.690521
9960.0000,17.340006,-13.315680,3.468692
9961.0000,19.468269,-13.559938,1.708504
9962.0000,17.219992,-11.360479,2.822027
9963.0000,17.471075,-11.557593,4.441574
9964.0000,17.897915,-10.217223,4.952923
9965.0000,18.163632,-10.607784,5.950452
9966.0000,15.484847,-10.537095,4.936413
9967.0000,14.577335,-9.887335,6.827396
9968.0000,10.115605,-8.591263,4.627308
9969.0000,8.463745,-5.439640,4.012457
9970.0000,6.148638,-5.435801,5.322653
9971.0000,4.786366,-8.347283,6.665585
9972.0000,6.019605,-5.168455,4.914138
9973.0000,5.953137,-10.662987,8.759540
9974.0000,6.975068,-9.681564,8.087778
9975.0000,7.323768,-7.925508,7.013200
9976.0000,4.703873,-6.190040,4.968754
9977.0000,3.094988,-4.672072,6.253014
9978.0000,5.636451,-6.714878,5.860245
9979.0000,5.039353,-10.026834,3.702491
9980.0000,1.731653,-10.575528,4.936734
9981.0000,2.951020,-8.461452,6.242060
9982.0000,3.721013,-7.921614,7.921274
9983.0000,4.012947,-7.758818,5.128841
9984.0000,6.877500,-5.772751,9.450652
9985.0000,6.389439,-4.907601,11.779154
9986.0000,8.670963,-6.288272,9.169503
9987.0000,8.699494,-5.499651,6.606876
9988.0000,7.037222,-6.284196,7.796334
9989.0000,8.654272,-7.994579,9.692493
9990.0000,9.703902,-8.888951,8.352219
9991.0000,8.762863,-4.497240,6.950046
9992.0000,8.556989,-1.915252,8.187329
9993.0000,12.166287,-4.212679,8.754188
9994.0000,10.394965,-2.259086,6.254331
9995.0000,11.823145,-2.135611,7.707745
9996.0000,11.332156,-5.936643,8.264132
9997.0000,10.173958,-6.346091,8.242550
9998.0000,9.113017,-5.416892,6.716033
9999.0000,11.173503,-6.978003,5.000967
10000.0000,12.706597,-5.257278,7.478293
10001.0000,13.346686,-4.674823,6.819021
10002.0000,15.475519,-3.406534,8.870035
10003.0000,11.568839,-4.861730,7.512844
10004.0000,11.777037,-7.703963,9.634315
10005.0000,8.738200,-5.811047,10.431399
10006.0000,10.163455,-6.073886,12.881568
10007.0000,11.118142,-8.846663,12.871949
10008.0000,8.231658,-10.055127,12.653311
10009.0000,7.377073,-11.619487,14.020990
10010.0000,10.639729,-11.130427,11.456984
10011.0000,12.562728,-9.911548,9.787760
10012.0000,10.618841,-8.314430,10.455144
10013.0000,12.070054,-5.794852,12.156954
10014.0000,12.536393,-7.682978,14.275643
10015.0000,10.952625,-7.431205,15.341894
10016.0000,9.787289,-7.145039,15.101667
10017.0000,11.107079,-6.791404,13.769866
10018.0000,12.592494,-6.022806,10.760607
10019.0000,13.678209,-7.605978,9.908043
10020.0000,14.219267,-8.554544,11.297923
10021.0000,16.831967,-8.259483,12.493729
10022.0000,16.300184,-9.101435,11.921185
10023.0000,15.801880,-11.563862,10.482705
10024.0000,12.276888,-14.811280,12.008233
10025.0000,13.960971,-14.797691,9.274760
10026.0000,12.554799,-14.593852,11.252378
10027.0000,14.644057,-14.824342,14.838562
10028.0000,17.644199,-17.274737,15.434007
10029.0000,17.097356,-17.767205,15.632172
10030.0000,17.616183,-21.110841,15.780540
10031.0000,19.242154,-21.249890,15.534506
10032.0000,17.967653,-15.572773,13.128217
10033.0000,21.470796,-15.632395,11.253347
10034.0000,19.494258,-15.976075,11.763208
10035.0000,18.144614,-13.638890,11.499941
10036.0000,19.752618,-11.422605,9.033185
10037.0000,19.380817,-12.310114,7.038816
10038.0000,17.907480,-10.560694,10.804321
10039.0000,18.418731,-10.727500,11.368769
10040.0000,20.823132,-8.430574,9.666476
10041.0000,22.015804,-8.130802,9.855990
10042.0000,20.425975,-8.560517,8.721403
10043.0000,18.885904,-6.460512,10.889243
10044.0000,18.773243,-3.834673,11.649494
10045.0000,19.368051,-2.935846,11.299441
10046.0000,19.936526,-3.488485,10.343784
10047.0000,19.673586,-8.658000,12.401798
10048.0000,20.288858,-10.184870,13.274889
10049.0000,21.174454,-12.388237,12.658058
10050.0000,22.596103,-15.955929,12.702666
10051.0000,23.644969,-16.505270,10.284539
10052.0000,23.315279,-15.075463,12.539901
10053.0000,25.352534,-15.594238,12.746895
10054.0000,22.455133,-15.936766,7.963389
10055.0000,21.131894,-15.725262,7.071298
10056.0000,19.324945,-19.227001,5.810367
10057.0000,16.852696,-17.535018,6.498167
10058.0000,16.054013,-17.972830,9.436805
10059.0000,14.156514,-17.501043,9.059058
10060.0000,15.896283,-19.316441,10.876420
10061.0000,17.311935,-19.046198,12.495612
10062.0000,17.453792,-20.838211,12.125837
10063.0000,19.496320,-23.357836,13.556237
10064.0000,22.723635,-19.964560,15.102019
10065.0000,23.367174,-17.243714,13.561698
10066.0000,22.150804,-20.523808,11.867544
10067.0000,21.492236,-22.915020,13.059278
10068.0000,22.333670,-20.645552,12.345498
10069.0000,20.545443,-23.048154,12.844421
10070.0000,17.252915,-22.606852,11.903514
10071.0000,19.094690,-20.373391,14.232166
10072.0000,18.458604,-19.967874,13.266940
10073.0000,17.319999,-21.286633,11.810328
10074.0000,15.608543,-19.581553,12.985924
10075.0000,11.841356,-20.025278,15.478254
10076.0000,10.259731,-18.384051,18.451066
10077.0000,8.214372,-20.724636,17.041053
10078.0000,7.872434,-21.793953,15.950273
10079.0000,6.668707,-21.944799,14.402421
10080.0000,6.965890,-20.462646,11.887272
10081.0000,6.755097,-23.015144,12.643446
10082.0000,5.554692,-23.205660,12.183559
10083.0000,8.840087,-22.725857,13.156651
10084.0000,6.053883,-23.045826,12.966891
10085.0000,6.673290,-22.943211,10.007151
10086.0000,7.937481,-21.877173,10.252728
10087.0000,10.277156,-26.169021,11.523634
10088.0000,9.440345,-24.211143,12.648311
10089.0000,8.451876,-24.219464,10.851355
10090.0000,8.977702,-23.099521,8.005546
10091.0000,8.730395,-24.217688,8.903261
10092.0000,7.662502,-24.812949,7.898721
10093.0000,4.820139,-23.237487,6.481501
10094.0000,4.481729,-22.695441,7.797154
10095.0000,3.884328,-22.502072,6.726181
10096.0000,2.805320,-21.819825,7.646828
10097.0000,3.515070,-22.584953,5.832212
10098.0000,7.645622,-20.666210,5.172812
10099.0000,7.156416,-19.694550,6.385997
10100.0000,7.990856,-18.747419,6.806271
10101.0000,5.805305,-16.238230,6.850161
10102.0000,4.492500,-20.744203,5.203434
10103.0000,7.720897,-20.829739,6.266263
10104.0000,4.634965,-20.100704,2.585653
10105.0000,8.083800,-19.704954,3.565500
10106.0000,6.767909,-20.442094,3.525895
10107.0000,6.216242,-21.004849,3.026929
10108.0000,7.179865,-19.215579,3.501988
10109.0000,4.883473,-19.546689,6.102150
10110.0000,6.465628,-19.735093,1.840558
10111.0000,5.514629,-21.149806,1.243271
10112.0000,7.675342,-21.533319,-0.906530
10113.0000,9.862078,-25.025813,0.204162
10114.0000,12.713964,-26.208401,-1.377811
10115.0000,16.628410,-26.527333,-2.043190
10116.0000,16.682604,-24.857826,-0.090810
10117.0000,16.183536,-24.997467,1.687320
10118.0000,14.833104,-25.039069,-0.736806
10119.0000,13.402195,-23.859304,-1.141726
10120.0000,15.428038,-23.762350,-1.195139
10121.0000,17.938125,-27.223740,-0.025338
10122.0000,14.905237,-23.506648,-2.652321
10123.0000,9.766601,-27.590360,-1.631879
10124.0000,11.308500,-23.527376,-1.616489
10125.0000,11.398007,-25.680533,-1.201261
10126.0000,12.525293,-23.833094,0.141890
10127.0000,11.507968,-23.994912,-2.591867
10128.0000,11.492767,-22.528421,-3.942365
10129.0000,10.013122,-24.302608,-3.735792
10130.0000,11.411781,-24.016336,-3.522569
10131.0000,13.833498,-25.135945,-3.067231
10132.0000,14.429911,-26.686272,-4.463933
10133.0000,14.560881,-28.000398,-0.907237
10134.0000,17.088192,-26.980701,1.115979
10135.0000,20.497568,-26.053782,1.812085
10136.0000,17.505271,-25.002452,-0.037432
10137.0000,15.244108,-23.591619,0.681672
10138.0000,15.433952,-24.782909,1.095822
10139.0000,16.586475,-25.940579,-0.247010
10140.0000,20.033875,-24.254476,0.363236
10141.0000,20.015846,-22.155715,-0.210625
10142.0000,18.904317,-21.523425,-3.217518
10143.0000,20.179962,-23.007778,-2.229778
10144.0000,19.761047,-20.640394,1.520888
10145.0000,18.685401,-20.280686,1.562938
10146.0000,19.161330,-19.977563,3.196599
10147.0000,17.829655,-20.663508,1.823810
10148.0000,20.877144,-19.010259,-0.997326
10149.0000,18.390232,-18.418051,0.621603
10150.0000,16.311552,-19.032512,3.249753
10151.0000,15.905141,-21.164214,7.697222
10152.0000,18.387151,-22.039858,2.267219
10153.0000,13.904083,-22.673536,2.595481
10154.0000,13.767146,-16.166117,4.080044
10155.0000,10.211733,-13.536025,5.599318
10156.0000,9.765432,-14.369106,3.077078
10157.0000,11.018545,-16.553839,7.308600
10158.0000,10.888491,-17.140353,12.615663
10159.0000,9.240968,-13.081551,11.803115
10160.0000,8.511070,-11.642419,9.145772
10161.0000,4.237579,-13.371345,10.272849
10162.0000,4.545920,-15.308608,10.885135
10163.0000,6.056931,-15.372482,11.768675
10164.0000,7.464063,-13.375305,11.383971
10165.0000,10.222169,-18.337134,11.960593
10166.0000,10.545155,-17.760546,12.918987
10167.0000,10.096987,-15.772338,11.605132
10168.0000,8.720427,-14.700983,9.922015
10169.0000,10.236332,-18.461792,8.749056
10170.0000,10.716820,-18.729348,9.311198
10171.0000,8.807234,-17.962026,6.774399
10172.0000,12.712510,-17.894514,7.030348
10173.0000,12.174584,-17.439388,6.369937
10174.0000,10.809645,-18.949338,2.791246
10175.0000,12.669087,-14.971691,3.981255
10176.0000,12.736921,-15.081804,6.442857
10177.0000,12.474731,-13.410362,4.890408
10178.0000,10.019821,-13.125795,3.375340
10179.0000,9.712882,-14.423034,3.563271
10180.0000,4.699108,-17.309875,3.618214
10181.0000,4.020900,-19.144834,4.077906
10182.0000,3.481869,-19.718936,1.669436
10183.0000,-0.014860,-14.854607,2.129914
10184.0000,-1.966014,-15.204049,1.621367
10185.0000,-0.032397,-10.590555,5.003103
10186.0000,0.243482,-9.651420,3.329940
10187.0000,0.327955,-11.287766,5.248645
10188.0000,-1.189541,-10.143667,0.705731
10189.0000,-0.506839,-7.587224,1.828503
10190.0000,-5.136004,-6.886301,0.573449
10191.0000,-7.062878,-6.247680,-2.927903
10192.0000,-6.188457,-6.292632,-0.324516
10193.0000,-8.898450,-4.233474,-1.532976
10194.0000,-8.916359,-5.575247,-3.231020
10195.0000,-5.854794,-5.680585,-4.397582
10196.0000,-5.970930,-5.703399,-2.633986
10197.0000,-5.768431,-7.072757,-2.822324
10198.0000,-5.933458,-8.159607,-2.327299
10199.0000,-6.108467,-6.992362,-3.276038
10200.0000,-7.701903,-6.410834,-3.327682
10201.0000,-4.196618,-4.789866,-3.253793
10202.0000,-5.599953,-6.601956,-2.805938
10203.0000,-5.856948,-6.409260,-6.509996
10204.0000,-5.955389,-6.552118,-6.584805
10205.0000,-8.993508,-9.952377,-8.886733
10206.0000,-5.695091,-8.622906,-9.269599
10207.0000,-4.437117,-8.981980,-8.290846
10208.0000,-4.091588,-12.341843,-7.811696
10209.0000,-4.765039,-11.938534,-4.950166
10210.0000,-3.782674,-9.040499,-4.566646
10211.0000,-0.174638,-9.197773,-6.964697
10212.0000,0.073512,-13.888745,-6.868149
10213.0000,-1.226969,-13.967838,-5.042833
10214.0000,0.653531,-12.602170,-4.422997
10215.0000,-5.049079,-14.284398,-3.391970
10216.0000,-3.803803,-13.275898,-0.308194
10217.0000,-4.827050,-14.285174,-1.048053
10218.0000,-2.715606,-14.008784,-0.654020
10219.0000,-1.233023,-11.397451,-1.076048
10220.0000,0.982542,-12.394159,0.922496
10221.0000,0.103918,-12.698906,-2.352618
10222.0000,0.487711,-12.009893,-1.516291
10223.0000,2.047276,-13.842994,-4.423547
10224.0000,5.700698,-13.814301,-4.560432
10225.0000,7.278899,-16.366427,-3.702077
10226.0000,8.210672,-16.625273,-4.062277
10227.0000,9.363274,-16.500310,-4.613640
10228.0000,10.926124,-17.231307,-4.845367
10229.0000,9.765495,-15.676889,-7.174013
10230.0000,14.331782,-13.472708,-6.492925
10231.0000,15.220985,-20.415205,-5.545968
10232.0000,16.759246,-17.507378,-3.485965
10233.0000,17.829665,-18.541481,-3.009294
10234.0000,17.327752,-16.423930,-2.477682
10235.0000,16.139928,-17.859390,-2.531449
10236.0000,13.391968,-15.625875,0.888848
10237.0000,16.315205,-13.580556,2.434925
10238.0000,16.603885,-11.230372,-1.712496
10239.0000,16.263636,-9.868949,-3.148951
10240.0000,17.463038,-10.749700,0.739748
10241.0000,14.390846,-10.951666,1.028641
10242.0000,12.381613,-11.156394,3.356138
10243.0000,9.929854,-9.854382,3.382472
10244.0000,6.534750,-9.015543,0.182819
10245.0000,2.796769,-11.199703,0.539746
10246.0000,1.312027,-9.171255,4.042366
10247.0000,3.847832,-10.449981,2.633840
10248.0000,5.282332,-14.098998,1.711592
10249.0000,4.712139,-17.578153,2.632721
10250.0000,2.748022,-17.943545,-0.443038
10251.0000,1.006283,-18.153637,-0.753457
10252.0000,-2.257646,-17.257815,0.517239
10253.0000,-2.711400,-13.371980,-1.272779
10254.0000,-2.348602,-13.943880,1.127499
10255.0000,-1.522288,-10.363265,0.436477
10256.0000,-0.219388,-9.122963,1.414375
10257.0000,0.847507,-9.290096,0.042383
10258.0000,0.858547,-9.013947,1.779181
10259.0000,2.599612,-8.934472,4.178109
10260.0000,2.390832,-5.648473,1.111858
10261.0000,2.769091,-6.377412,-0.787384
10262.0000,2.047836,-6.825447,-4.525629
10263.0000,2.135211,-6.509334,0.676781
10264.0000,1.116423,-6.477175,-0.075998
10265.0000,-0.310973,-11.396915,-2.352847
10266.0000,-0.376078,-13.235782,-5.603782
10267.0000,-3.138780,-11.589568,-1.245311
10268.0000,-3.759181,-10.202431,-0.340339
10269.0000,-1.386429,-7.901490,0.404226
10270.0000,0.018171,-8.539193,0.648388
10271.0000,-0.639599,-11.584515,1.934531
10272.0000,-1.283314,-10.968248,3.004958
10273.0000,-2.113564,-12.091533,0.373188
10274.0000,0.172711,-12.608653,-1.075685
10275.0000,3.406311,-12.188920,3.683101
10276.0000,4.461256,-10.237293,1.399307
10277.0000,2.596932,-12.578201,0.802402
10278.0000,2.289685,-14.817277,3.547049
10279.0000,4.306720,-15.249255,7.196523
10280.0000,7.382097,-12.985971,7.306024
10281.0000,7.506687,-13.125617,7.849537
10282.0000,6.022802,-11.771904,7.860360
10283.0000,7.247427,-10.050224,6.257555
10284.0000,7.003826,-7.798322,7.718511
10285.0000,7.306659,-11.447766,7.002926
10286.0000,6.637380,-14.336847,7.729698
10287.0000,6.604907,-13.087904,5.007227
10288.0000,6.869316,-11.789451,2.052368
10289.0000,6.906384,-15.006468,3.008943
10290.0000,6.755672,-13.633224,5.675246
10291.0000,5.931196,-10.944658,5.476872
10292.0000,4.045506,-13.972944,2.113656
10293.0000,6.165963,-16.858964,-0.490373
10294.0000,5.649936,-12.336863,3.135426
10295.0000,6.891624,-12.014661,2.358246
10296.0000,7.475977,-11.285768,0.854823
10297.0000,7.347199,-11.896723,-1.025530
10298.0000,8.963102,-10.035069,-1.599829
10299.0000,10.294811,-10.213167,-3.031033
10300.0000,12.374973,-11.664028,-3.385344
10301.0000,12.119075,-14.633407,-6.774114
10302.0000,9.080150,-13.855680,-3.910300
10303.0000,5.829246,-14.308413,-6.958170
10304.0000,8.324768,-14.348755,-7.528462
10305.0000,10.053060,-18.928824,-7.695011
10306.0000,11.397764,-19.180171,-5.861125
10307.0000,10.227066,-18.826110,-3.057679
10308.0000,9.960767,-17.611768,-0.700194
10309.0000,10.558064,-15.911794,-2.520301
10310.0000,10.636884,-15.676435,0.898763
10311.0000,12.419274,-15.073420,0.578561
10312.0000,12.551807,-15.439478,-0.980439
10313.0000,14.662934,-15.899961,-1.750294
10314.0000,13.797534,-17.484470,-2.726675
10315.0000,13.438451,-12.460749,-2.162335
10316.0000,12.986839,-10.517500,-1.361978
10317.0000,12.127460,-6.222312,0.680477
10318.0000,9.642083,-6.461705,0.515906
10319.0000,5.718952,-10.208670,-0.351387
10320.0000,4.773006,-9.001476,-0.498617
10321.0000,5.760762,-10.771955,1.706718
10322.0000,6.948900,-10.710169,4.570207
10323.0000,7.018684,-9.789859,5.263068
10324.0000,9.293310,-10.558201,6.306149
10325.0000,13.168325,-10.153045,8.555283
10326.0000,14.156776,-9.784658,6.795362
10327.0000,15.543950,-7.578660,3.674132
10328.0000,12.897603,-11.452742,2.911537
10329.0000,11.099440,-13.381164,6.663754
10330.0000,12.632296,-14.610125,8.085251
10331.0000,11.458723,-13.664799,6.718885
10332.0000,10.296046,-16.201913,7.326553
10333.0000,14.752577,-15.337596,9.109870
10334.0000,11.657179,-15.557717,7.962577
10335.0000,11.271596,-15.105597,8.927408
10336.0000,13.044821,-13.995030,13.411423
10337.0000,13.821547,-13.618703,14.486044
10338.0000,14.926172,-13.877451,16.786942
10339.0000,12.151982,-10.649930,17.375790
10340.0000,12.087544,-10.508148,13.412837
10341.0000,15.366123,-9.681265,12.569902
10342.0000,13.025843,-10.061664,13.245583
10343.0000,12.974583,-6.787245,12.731172
10344.0000,12.239036,-3.558363,8.354369
10345.0000,10.909310,-6.557600,8.489856
10346.0000,9.442663,-7.043004,5.825472
10347.0000,6.692940,-7.326474,5.722896
10348.0000,7.287813,-7.193048,8.381986
10349.0000,9.910074,-5.528617,10.111691
10350.0000,11.496421,-5.073328,10.240332
10351.0000,10.320926,-9.628233,9.983365
10352.0000,9.394705,-9.644687,12.225788
10353.0000,8.512994,-7.371288,12.512194
10354.0000,12.837628,-7.887726,16.177174
10355.0000,12.889066,-8.962694,14.687406
10356.0000,13.861817,-7.344108,19.002060
10357.0000,12.929325,-8.011525,15.845293
10358.0000,14.302005,-8.751435,16.474429
10359.0000,16.918737,-7.217330,11.415543
10360.0000,17.255212,-3.658906,9.265314
10361.0000,17.835548,-1.296123,11.115578
10362.0000,15.828380,1.074761,10.309821
10363.0000,14.743601,0.472425,8.130805
10364.0000,13.687340,0.916527,9.736693
10365.0000,10.586284,2.263206,11.849521
10366.0000,15.148041,1.849004,12.814162
10367.0000,15.258624,-0.751220,13.638146
10368.0000,17.680411,0.724696,16.187586
10369.0000,12.291766,0.907384,13.805360
10370.0000,11.631783,2.874739,16.023349
10371.0000,9.174710,0.360849,15.924418
10372.0000,10.900946,0.391392,12.720486
10373.0000,13.301165,1.692720,15.224887
10374.0000,12.699866,3.856196,15.149296
10375.0000,13.766627,5.647500,17.422924
10376.0000,15.044874,6.145332,18.439218
10377.0000,13.107323,3.351198,19.188430
10378.0000,15.021116,6.582539,18.325325
10379.0000,13.653467,7.540804,15.754070
10380.0000,16.701102,5.338763,15.659603
10381.0000,18.306457,4.148466,15.893018
10382.0000,15.653419,2.516768,15.534651
10383.0000,12.600332,1.876754,16.428238
10384.0000,14.550269,-2.534638,14.165099
10385.0000,11.273777,-4.315571,12.467712
10386.0000,15.579921,-2.104178,11.825163
10387.0000,16.127485,0.912030,13.460162
10388.0000,17.373239,1.764899,12.269399
10389.0000,13.473626,-0.398969,12.890896
10390.0000,14.857533,0.241410,13.724402
10391.0000,15.869952,1.193532,13.963874
10392.0000,16.584631,-1.420322,13.223800
10393.0000,11.914809,-4.241644,15.238318
10394.0000,12.627737,-4.800517,15.858550
10395.0000,11.957045,-4.952015,21.210564
10396.0000,13.549713,-6.913483,22.180744
10397.0000,10.968407,-6.210258,23.739021
10398.0000,10.916323,-4.268095,21.579585
10399.0000,12.182780,-1.251109,23.227092
10400.0000,11.409687,1.562675,22.266731
10401.0000,10.696103,-2.822124,22.640328
10402.0000,9.880306,-3.135318,23.708809
10403.0000,9.562671,-6.270810,21.665443
10404.0000,6.553559,-8.935489,21.642795
10405.0000,5.360302,-7.597941,22.653910
10406.0000,3.506610,-10.630691,19.994381
10407.0000,3.321773,-11.588224,13.977745
10408.0000,5.320882,-10.495059,13.772748
10409.0000,8.028960,-10.938536,13.311463
10410.0000,5.594838,-12.967851,11.272813
10411.0000,3.314254,-12.962170,11.032983
10412.0000,3.709298,-10.745029,9.341174
10413.0000,3.459136,-12.824789,10.625968
10414.0000,5.486292,-13.641073,9.957335
10415.0000,4.369425,-12.069351,10.410701
10416.0000,4.005619,-11.759778,12.408705
10417.0000,2.082255,-9.541357,13.725833
10418.0000,1.292294,-7.796786,17.389849
10419.0000,2.392841,-11.317216,17.623283
10420.0000,2.425266,-12.103804,16.765041
10421.0000,2.193174,-12.986241,14.588879
10422.0000,1.187681,-13.660531,15.014901
10423.0000,3.347112,-17.047990,16.234811
10424.0000,2.978460,-17.274314,15.727511
10425.0000,3.068624,-18.734291,15.215604
10426.0000,4.377628,-15.921760,11.603883
10427.0000,3.279564,-16.187239,10.179689
10428.0000,1.566496,-13.455910,12.578772
10429.0000,2.297702,-11.394180,10.695726
10430.0000,2.666572,-15.276661,12.197907
10431.0000,5.986240,-18.506667,15.346290
10432.0000,6.823316,-17.143506,16.339899
10433.0000,10.387807,-18.428320,16.410960
10434.0000,12.569296,-18.236513,17.930459
10435.0000,12.177833,-18.395042,13.873717
10436.0000,12.450122,-16.427268,13.513499
10437.0000,10.621278,-14.996385,14.358710
10438.0000,12.221359,-13.325800,14.710812
10439.0000,9.333362,-9.347029,12.707217
10440.0000,9.129398,-14.094930,11.269930
10441.0000,6.255800,-13.451140,14.644078
10442.0000,5.925414,-11.327435,13.251887
10443.0000,5.427746,-10.761227,14.266089
10444.0000,9.728759,-15.196474,13.418796
10445.0000,10.253504,-11.708362,13.941309
10446.0000,7.778792,-10.382449,11.995456
10447.0000,8.205046,-12.167361,11.319837
10448.0000,7.141114,-9.639924,12.111651
10449.0000,5.734359,-9.831315,12.837486
10450.0000,6.630346,-12.800544,14.244185
10451.0000,6.296989,-13.167938,16.282571
10452.0000,10.498450,-10.021858,15.223788
10453.0000,13.769936,-6.757430,15.985575
10454.0000,13.145934,-6.366144,12.848033
10455.0000,15.577086,-5.722348,11.413727
10456.0000,11.756531,-5.507890,10.440660
10457.0000,10.812351,-7.390372,11.079829
10458.0000,9.633373,-4.174325,12.049834
10459.0000,7.676728,-1.233777,13.359897
10460.0000,9.576865,-2.686398,12.664424
10461.0000,9.197348,-3.654906,15.151005
10462.0000,8.416904,-1.161400,17.438022
10463.0000,10.697928,-3.455321,19.575860
10464.0000,9.346005,-5.699958,21.459493
10465.0000,7.688183,-4.848467,24.718049
10466.0000,5.904349,-6.619650,20.783260
10467.0000,8.043739,-6.550683,18.414536
10468.0000,10.372122,-6.466987,18.192576
10469.0000,8.963335,-6.444096,19.289753
10470.0000,9.649009,-6.905764,16.580287
10471.0000,11.941805,-5.786366,16.651521
10472.0000,8.780941,-3.985795,20.155993
10473.0000,7.382187,-6.451826,23.621027
10474.0000,7.927237,-6.920281,23.061050
10475.0000,6.789883,-6.807776,23.856697
10476.0000,9.903468,-10.164544,26.380475
10477.0000,6.742102,-9.407245,24.502324
10478.0000,3.856259,-9.613242,24.707921
10479.0000,0.969031,-9.175867,24.557504
10480.0000,3.529556,-8.737032,25.786184
10481.0000,7.270919,-3.032412,24.784730
10482.0000,9.720291,-0.158681,22.558720
10483.0000,11.351544,-1.902760,20.212082
10484.0000,12.182155,-2.325172,22.673071
10485.0000,12.858890,-0.273082,23.053029
10486.0000,14.341133,1.994531,22.193768
10487.0000,14.762224,-0.036487,19.514998
10488.0000,13.668912,-0.117072,19.580538
10489.0000,12.762297,-1.207841,17.796561
10490.0000,11.499742,-1.369089,18.272633
10491.0000,12.872453,-0.529019,18.380725
10492.0000,11.446894,3.949421,18.973850
10493.0000,11.203762,2.140871,20.545046
10494.0000,10.688036,0.353946,17.653629
10495.0000,11.313969,0.334779,15.368267
10496.0000,8.263648,2.498927,15.385931
10497.0000,9.798956,-0.072015,11.188706
10498.0000,10.612259,2.856554,13.596408
10499.0000,8.865224,4.563722,12.976580
10500.0000,10.543952,4.749456,13.431359
10501.0000,8.399098,5.580992,12.542761
10502.0000,4.925022,2.264949,13.169939
10503.0000,7.458265,0.397390,11.837031
10504.0000,6.923822,1.895072,14.381105
10505.0000,7.465757,3.825849,15.158925
10506.0000,8.390583,2.663814,15.539748
10507.0000,6.497747,5.879117,15.583242
10508.0000,9.171171,6.060283,12.511408
10509.0000,12.157873,1.632435,13.635724
10510.0000,10.499960,0.878342,13.748930
10511.0000,9.416428,3.334622,14.619751
10512.0000,8.281799,2.263924,9.943995
10513.0000,4.624895,3.189264,10.770716
10514.0000,5.094258,-0.254639,9.862786
10515.0000,4.800798,2.443549,9.006006
10516.0000,3.936274,1.561922,7.043342
10517.0000,0.459050,4.034795,6.511863
10518.0000,-0.925026,2.917498,4.318380
10519.0000,-1.456966,4.165779,6.216876
10520.0000,0.367984,3.205552,4.627332
10521.0000,-1.252847,3.766496,4.642039
10522.0000,-0.900353,2.813955,5.517068
10523.0000,3.039499,0.757109,8.513898
10524.0000,4.983214,0.444305,8.492359
10525.0000,3.284725,2.507763,6.896262
10526.0000,2.821775,0.861635,5.072705
10527.0000,1.909608,3.454664,5.525229
10528.0000,1.885303,4.914595,6.253478
10529.0000,1.468407,4.363230,6.222856
10530.0000,1.479930,5.858582,7.540738
10531.0000,2.069008,4.922736,8.879965
10532.0000,1.138721,4.672239,15.579759
10533.0000,3.658201,5.454155,15.600338
10534.0000,7.685175,6.133636,15.835085
10535.0000,8.050861,4.331301,14.397262
10536.0000,8.095181,3.613375,15.720010
10537.0000,8.228717,1.964043,14.558048
10538.0000,9.726425,2.037430,9.416783
10539.0000,10.203906,0.359029,11.088400
10540.0000,9.282057,4.579397,14.982012
10541.0000,12.449025,6.398341,15.299429
10542.0000,13.108584,5.659682,13.161445
10543.0000,15.660026,3.586379,10.781598
10544.0000,17.733550,4.479506,11.670689
10545.0000,18.379415,3.165560,11.707016
10546.0000,14.860024,-1.653933,9.363335
10547.0000,16.002169,-0.810389,5.911018
10548.0000,18.637181,-2.472507,5.723728
10549.0000,20.133315,-2.017555,5.553410
10550.0000,17.761847,-5.589074,5.507548
10551.0000,15.146242,-5.329804,6.658950
10552.0000,14.182936,-6.906368,8.630881
10553.0000,14.253042,-4.171775,7.256892
10554.0000,12.517970,-5.143027,6.917937
10555.0000,15.369727,-5.369030,4.786901
10556.0000,11.478117,-3.947203,7.355110
10557.0000,10.334260,-4.032051,7.404936
10558.0000,10.995361,-6.305300,7.809887
10559.0000,9.711510,-4.519530,5.695473
10560.0000,9.523719,-6.930326,6.235334
10561.0000,12.091826,-7.307323,8.677211
10562.0000,12.893983,-6.944347,4.096946
10563.0000,11.534514,-5.241067,2.612315
10564.0000,8.611094,-5.573553,2.430460
10565.0000,9.851173,-4.327791,1.968589
10566.0000,10.446311,-2.585169,1.626884
10567.0000,11.523575,-3.570851,4.532547
10568.0000,11.052918,-5.256099,0.576616
10569.0000,8.374373,-5.775089,0.825409
10570.0000,10.466264,-4.677005,3.220672
10571.0000,10.037621,-4.304359,7.166922
10572.0000,6.293315,-5.498702,8.873742
10573.0000,6.171554,-5.174054,5.759451
10574.0000,8.721159,-5.779969,7.626054
10575.0000,8.660583,-8.088339,7.513029
10576.0000,9.417410,-10.780723,7.160047
10577.0000,10.409589,-8.980372,9.294985
10578.0000,13.222356,-9.842138,7.150850
10579.0000,12.463695,-6.444269,3.834274
10580.0000,11.930065,-3.967713,5.480157
10581.0000,8.326928,-4.591001,5.117563
10582.0000,13.570678,-6.031580,7.053489
10583.0000,9.665428,-3.252179,7.541575
10584.0000,9.318425,-3.371647,4.033357
10585.0000,10.167004,-1.437246,4.858312
10586.0000,11.353036,-5.225976,3.452486
10587.0000,8.175198,-5.900514,4.569156
10588.0000,11.059205,-4.026129,4.107127
10589.0000,9.759961,-4.510662,4.632034
10590.0000,9.494229,-2.950492,4.981110
10591.0000,8.098092,-3.283196,6.756298
10592.0000,11.580775,-0.948496,6.348998
10593.0000,10.577180,0.448531,3.858284
10594.0000,13.265202,-0.207731,3.812788
10595.0000,10.429027,1.605946,3.800611
10596.0000,11.383577,2.283558,3.781373
10597.0000,11.631267,2.645389,3.447113
10598.0000,14.813648,1.694231,3.041023
10599.0000,13.633212,0.415287,4.400461
10600.0000,13.722505,0.986868,0.728536
10601.0000,15.607795,-1.045421,0.810048
10602.0000,18.640296,0.841403,-0.114773
10603.0000,21.627682,0.928654,-1.088039
10604.0000,20.283912,-1.917694,0.624215
10605.0000,19.711871,-5.478649,4.933985
10606.0000,25.143182,-4.674738,3.458781
10607.0000,25.170129,-7.797863,3.697508
10608.0000,25.980849,-6.262914,5.579378
10609.0000,26.288499,-5.892781,6.334039
10610.0000,25.207616,-8.367756,8.174374
10611.0000,23.185365,-8.956689,13.901980
10612.0000,23.185551,-10.249694,13.719725
10613.0000,24.996488,-9.735292,11.061125
10614.0000,24.042324,-9.207850,10.909915
10615.0000,22.241054,-12.908272,10.324178
10616.0000,20.592916,-11.524851,9.798541
10617.0000,18.942204,-12.518260,7.987709
10618.0000,20.219624,-13.561640,7.069582
10619.0000,19.507344,-13.014135,9.557080
10620.0000,19.470488,-14.660443,8.550029
10621.0000,15.732601,-17.801931,6.264601
10622.0000,12.959969,-16.458035,4.007228
10623.0000,9.899930,-14.960101,5.609122
10624.0000,7.895903,-15.798206,6.061944
10625.0000,3.429629,-14.588858,3.034276
10626.0000,3.233089,-17.685329,7.598898
10627.0000,6.697587,-17.242263,7.327043
10628.0000,9.993994,-17.941975,5.046836
10629.0000,7.313945,-18.959040,8.344625
10630.0000,8.675448,-18.539241,4.882310
10631.0000,9.857926,-18.423047,6.565837
10632.0000,8.912522,-15.316151,8.055825
10633.0000,12.622284,-17.491975,9.592806
10634.0000,9.812647,-19.845867,10.243980
10635.0000,10.681251,-18.525375,13.459771
10636.0000,9.126132,-20.143779,12.651635
10637.0000,10.785392,-18.472004,9.116740
10638.0000,9.209808,-20.195232,9.943444
10639.0000,8.219739,-20.403963,9.489995
10640.0000,8.232094,-18.996259,8.653630
10641.0000,12.653451,-18.618256,9.303437
10642.0000,11.408695,-15.738141,5.561624
10643.0000,11.865908,-14.039809,5.896996
10644.0000,13.755543,-14.464720,5.470061
10645.0000,14.697496,-16.110451,5.337730
10646.0000,14.109050,-14.775238,5.321306
10647.0000,16.049539,-11.799680,4.048257
10648.0000,17.492819,-14.125926,2.466706
10649.0000,16.987014,-14.625381,2.942150
10650.0000,15.741006,-17.817743,1.231960
10651.0000,16.734926,-13.622661,3.556836
10652.0000,19.385572,-16.431165,1.842735
10653.0000,20.052589,-16.386995,4.178982
10654.0000,21.888274,-15.936197,7.366591
10655.0000,22.369060,-14.368189,1.617435
10656.0000,21.740293,-17.062572,4.901662
10657.0000,22.365592,-16.726189,3.825872
10658.0000,20.729209,-16.288648,1.625881
10659.0000,23.760254,-19.238399,-1.788707
10660.0000,21.375469,-22.247456,-0.863677
10661.0000,22.170011,-22.856720,-0.775267
10662.0000,21.446637,-23.213291,-3.227521
10663.0000,20.772250,-21.851055,-1.443102
10664.0000,20.467455,-22.121686,-1.172959
10665.0000,22.759587,-19.149718,-1.351467
10666.0000,22.109628,-19.300027,-2.557609
10667.0000,18.048646,-19.431969,-6.386191
10668.0000,15.010147,-18.903564,-5.855373
10669.0000,16.535898,-19.754706,-7.290485
10670.0000,13.995387,-23.418253,-8.165216
10671.0000,14.649086,-19.775521,-6.094844
10672.0000,15.089519,-20.778316,-6.569971
10673.0000,17.662770,-19.598622,-5.492773
10674.0000,18.726488,-20.152189,-3.742573
10675.0000,16.531128,-20.357699,-6.036349
10676.0000,15.780393,-18.406222,-9.155738
10677.0000,13.552571,-14.865192,-12.759054
10678.0000,12.313431,-13.174014,-10.590917
10679.0000,12.850534,-13.949903,-10.654053
10680.0000,12.228656,-9.272269,-12.136846
10681.0000,13.031275,-6.826262,-14.003982
10682.0000,13.751662,-4.150972,-12.031764
10683.0000,16.200537,-7.105490,-13.158710
10684.0000,15.713693,-5.182423,-15.962748
10685.0000,15.142318,-6.560138,-12.031164
10686.0000,15.627219,-8.582637,-13.054928
10687.0000,12.712038,-11.062042,-15.051729
10688.0000,11.998887,-10.216869,-16.619043
10689.0000,15.230293,-10.384811,-13.996436
10690.0000,15.553395,-16.385115,-12.648310
10691.0000,12.967713,-16.978069,-15.675957
10692.0000,13.577330,-15.072049,-14.762494
10693.0000,12.693269,-17.280822,-14.301526
10694.0000,10.702164,-15.070143,-15.704651
10695.0000,13.573084,-18.552019,-15.871772
10696.0000,14.843566,-19.350586,-13.788429
10697.0000,15.921337,-19.797699,-12.008453
10698.0000,15.135934,-20.535265,-11.678396
10699.0000,13.622073,-19.356994,-14.977636
10700.0000,11.389612,-20.251299,-13.312116
10701.0000,10.798317,-18.268401,-13.449763
10702.0000,13.089035,-19.428381,-10.237495
10703.0000,11.403829,-19.799331,-12.400442
10704.0000,8.735584,-16.384637,-16.445213
10705.0000,9.803695,-17.018350,-12.439111
10706.0000,7.832553,-17.743436,-10.545099
10707.0000,5.308825,-18.662974,-7.311654
10708.0000,8.116720,-20.642873,-5.876268
10709.0000,10.799575,-18.270658,-5.074806
10710.0000,9.419736,-16.219932,-5.967809
10711.0000,6.434283,-14.853118,-3.742565
10712.0000,8.729414,-15.559348,-3.377888
10713.0000,7.526369,-12.531005,-7.443207
10714.0000,6.177892,-15.005721,-5.720338
10715.0000,6.178067,-17.638339,-4.980794
10716.0000,7.901212,-17.224597,-6.567107
10717.0000,6.237762,-17.351116,-8.024262
10718.0000,5.295643,-18.653036,-4.732242
10719.0000,3.212675,-17.942412,-1.665095
10720.0000,2.590553,-16.983331,-0.933883
10721.0000,2.900463,-15.128697,-0.498425
10722.0000,2.236721,-17.567684,-2.102727
10723.0000,0.065389,-14.269063,-0.071410
10724.0000,-2.387300,-14.558029,-0.533156
10725.0000,-1.143539,-16.024595,1.729605
10726.0000,-1.671904,-17.070010,4.113154
10727.0000,-3.116153,-14.483788,5.215720
10728.0000,-2.118867,-13.789708,6.404871
10729.0000,1.219763,-14.512009,5.086611
10730.0000,0.506691,-13.302903,4.421016
10731.0000,0.340690,-11.272092,3.684004
10732.0000,-2.054830,-10.072076,4.109838
10733.0000,-1.675120,-10.187281,6.269973
10734.0000,-2.128886,-7.528742,5.975939
10735.0000,-1.084040,-7.224691,2.110878
10736.0000,-1.120375,-7.806234,3.212015
10737.0000,0.393799,-6.495785,0.308006
10738.0000,2.791145,-8.795655,-1.458224
10739.0000,2.385168,-10.714069,-0.953298
10740.0000,3.521138,-8.706400,-0.726702
10741.0000,4.625007,-11.025483,-1.679274
10742.0000,8.943440,-12.687027,-3.361852
10743.0000,6.344633,-12.021073,-3.912527
10744.0000,3.991984,-7.886080,-1.620295
10745.0000,1.063473,-7.960987,-3.440294
10746.0000,3.665826,-6.339160,-4.615789
10747.0000,4.768466,-7.526448,-4.855898
10748.0000,0.141320,-8.954881,-7.661563
10749.0000,-1.031521,-7.491760,-6.510564
10750.0000,-3.157530,-8.419807,-6.670826
10751.0000,-4.538944,-7.115784,-6.112883
10752.0000,-4.416614,-6.162442,-6.732926
10753.0000,-2.572071,-5.974695,-9.702441
10754.0000,-0.837855,-5.943694,-8.735319
10755.0000,1.313444,-4.654735,-8.473551
10756.0000,0.234050,-7.028052,-7.570898
10757.0000,-0.254012,-8.578182,-5.168761
10758.0000,-2.594732,-9.661211,-3.783235
10759.0000,-0.582571,-10.602451,-2.998756
10760.0000,-0.342703,-13.051160,-1.114641
10761.0000,-1.554973,-9.503719,1.600150
10762.0000,-3.976341,-9.170340,0.037114
10763.0000,-4.189402,-6.244861,0.309007
10764.0000,-4.474230,-6.116572,-0.204142
10765.0000,-4.478190,-6.382934,-1.682803
10766.0000,-7.512163,-4.691698,-2.899584
10767.0000,-5.622334,-4.066898,-1.585767
10768.0000,-8.117287,-2.716641,-0.286171
10769.0000,-5.891830,-2.706427,-3.176638
10770.0000,-4.314423,-0.955323,-2.805448
10771.0000,-6.870762,-0.130611,-4.918482
10772.0000,-8.880520,1.443788,-5.921467
10773.0000,-6.905797,0.797797,-0.559954
10774.0000,-6.518663,2.972183,1.280126
10775.0000,-6.662976,3.812196,-0.232213
10776.0000,-7.050979,0.758335,-0.922374
10777.0000,-7.266297,-0.489031,-0.037629
10778.0000,-6.889567,-0.124222,-0.262833
10779.0000,-6.169966,-2.566836,2.103379
10780.0000,-5.774611,1.178893,1.927641
10781.0000,-5.991914,3.954371,-0.092341
10782.0000,-3.760652,2.732793,-0.781296
10783.0000,-3.281658,3.938681,3.192810
10784.0000,-3.483092,3.973626,4.581627
10785.0000,-3.791558,3.225614,0.675183
10786.0000,-1.257275,5.775078,1.391945
10787.0000,-1.135781,2.069471,-0.239392
10788.0000,0.217114,3.782504,2.636013
10789.0000,1.834280,6.617304,1.481569
10790.0000,4.883143,7.984469,1.196191
10791.0000,3.771357,6.226874,0.621752
10792.0000,-0.846129,6.144708,-1.083526
10793.0000,1.431425,3.865505,0.506947
10794.0000,-2.398856,2.148475,1.080761
10795.0000,-3.164572,4.947162,-0.035681
10796.0000,-4.466569,5.447297,-1.019424
10797.0000,-3.937939,4.530579,0.232667
10798.0000,-6.386425,7.560918,-0.486730
10799.0000,-6.526519,7.888009,1.802701
10800.0000,-5.936562,7.479177,-0.734286
10801.0000,-6.189394,8.000818,-2.340005
10802.0000,-3.471934,9.470486,-3.020732
10803.0000,-2.877067,8.057842,-0.952466
10804.0000,-0.978232,5.077916,-1.257904
10805.0000,-0.444083,4.487564,1.432050
10806.0000,4.875066,8.131548,2.143077
10807.0000,2.810876,8.394728,0.845894
10808.0000,3.570158,7.865925,0.642897
10809.0000,6.575300,8.853112,1.686565
10810.0000,5.070884,8.200742,1.610751
10811.0000,0.905971,8.811674,2.306244
10812.0000,1.214672,9.349798,0.969731
10813.0000,0.955420,10.812541,-3.312783
10814.0000,5.369814,13.121487,-0.756910
10815.0000,4.170636,12.887044,-2.087144
10816.0000,1.988598,11.690974,-2.034312
10817.0000,3.649426,11.197638,-3.355831
10818.0000,4.481329,7.832634,-4.581367
10819.0000,2.556903,6.444716,-3.860974
10820.0000,0.469861,5.119811,-7.449701
10821.0000,1.730194,7.045382,-7.290450
10822.0000,1.496119,5.094639,-3.309716
10823.0000,2.423213,5.841605,-0.121923
10824.0000,2.563676,3.844000,-0.683706
10825.0000,2.883331,3.641327,-1.962894
10826.0000,1.006871,2.079736,-1.312581
10827.0000,2.160303,-1.192129,-1.810731
10828.0000,-2.633244,-2.180885,-2.603524
10829.0000,0.363192,0.659997,-3.339278
10830.0000,-1.565139,1.767681,-2.317016
10831.0000,-2.074318,0.891105,-3.502997
10832.0000,-5.688500,2.601973,-8.128087
10833.0000,-4.721560,3.683914,-8.955908
10834.0000,-2.796210,3.393122,-13.357210
10835.0000,-6.167209,3.636462,-14.237229
10836.0000,-4.747186,0.831504,-15.217656
10837.0000,-5.982458,-0.722043,-17.077095
10838.0000,-7.141624,0.218534,-18.608054
10839.0000,-7.873595,2.094875,-19.034667
10840.0000,-6.907000,4.607819,-19.488073
10841.0000,-6.607212,8.090859,-16.865651
10842.0000,-6.675259,4.714763,-16.970193
10843.0000,-4.619165,2.748755,-16.890239
10844.0000,-1.887598,4.362535,-17.403535
10845.0000,-2.184336,7.423959,-16.728161
10846.0000,-3.305391,8.333763,-16.776907
10847.0000,-2.517883,7.826162,-17.891195
10848.0000,-5.424136,7.557942,-19.583211
10849.0000,-2.385613,9.817095,-19.499868
10850.0000,-3.827519,8.315678,-20.391248
10851.0000,-6.060230,8.810525,-19.809767
10852.0000,-7.349120,7.412991,-21.156749
10853.0000,-6.911402,8.662927,-20.188641
10854.0000,-6.797354,8.742908,-18.480706
10855.0000,-6.186507,8.562256,-17.188702
10856.0000,-5.912023,9.828260,-18.309647
10857.0000,-6.140515,5.939012,-16.378880
10858.0000,-6.553235,5.666683,-17.821625
10859.0000,-7.295762,5.815793,-19.751253
10860.0000,-6.405654,6.159175,-18.894032
10861.0000,-6.837583,2.384376,-20.052034
10862.0000,-5.575237,-0.898917,-19.167507
10863.0000,-5.913808,-2.843848,-20.426519
10864.0000,-5.544864,-0.892767,-18.406303
10865.0000,-6.608634,-1.771188,-17.932635
10866.0000,-10.926489,-1.100657,-16.749925
10867.0000,-12.510146,-0.437357,-17.500231
10868.0000,-11.334180,-2.664518,-18.978088
10869.0000,-11.373368,-2.776407,-15.746509
10870.0000,-14.026738,-2.702955,-16.921301
10871.0000,-13.533695,-4.621115,-17.355964
10872.0000,-13.644859,-3.258063,-14.874659
10873.0000,-14.633238,-6.596116,-14.059245
10874.0000,-14.409855,-2.866954,-15.276524
10875.0000,-16.102802,-2.342726,-14.737186
10876.0000,-13.566468,-4.970862,-13.019974
10877.0000,-13.986418,-7.715474,-11.911776
10878.0000,-13.373406,-10.096846,-10.502734
10879.0000,-12.607810,-8.233121,-10.395770
10880.0000,-14.353847,-7.914483,-10.351330
10881.0000,-15.026892,-5.982164,-9.303452
10882.0000,-21.075639,-6.279725,-11.377584
10883.0000,-19.900836,-5.526607,-12.411888
10884.0000,-20.467133,-5.590923,-13.361479
10885.0000,-22.888696,-8.085459,-13.709760
10886.0000,-21.393390,-8.214651,-11.821084
10887.0000,-19.009367,-11.807721,-10.102771
10888.0000,-16.171802,-8.630196,-8.982356
10889.0000,-17.575196,-5.923266,-8.467634
10890.0000,-16.737698,-4.217138,-11.891570
10891.0000,-15.778264,-1.323056,-10.231007
10892.0000,-20.295259,0.383245,-11.822474
10893.0000,-21.402952,3.673599,-14.650599
10894.0000,-22.366114,1.120736,-12.343317
10895.0000,-19.740537,3.299026,-10.063679
10896.0000,-20.759188,0.095168,-9.679838
10897.0000,-17.021206,1.027630,-10.598874
10898.0000,-12.358308,3.898541,-8.441626
10899.0000,-12.109893,-0.437344,-12.015092
10900.0000,-12.530398,-0.039691,-12.479002
10901.0000,-11.659174,0.039521,-12.933035
10902.0000,-12.360777,0.642826,-14.820308
10903.0000,-13.903140,2.772748,-17.270911
10904.0000,-14.264472,-0.603363,-18.230054
10905.0000,-13.448300,-0.233686,-19.518416
10906.0000,-13.580414,-1.701989,-20.299792
10907.0000,-14.582593,-1.021926,-19.731107
10908.0000,-16.934398,-0.965537,-19.030985
10909.0000,-19.063668,2.455596,-17.916119
10910.0000,-21.196175,4.057684,-18.505697
10911.0000,-23.357761,5.556835,-18.419879
10912.0000,-23.706761,4.503778,-17.065071
10913.0000,-22.111386,4.619385,-15.593535
10914.0000,-22.849313,4.221710,-18.746107
10915.0000,-20.581471,2.230719,-18.374097
10916.0000,-21.185792,0.092359,-16.082457
10917.0000,-23.230406,1.320635,-16.594464
10918.0000,-24.888717,-0.999044,-15.734114
10919.0000,-25.168928,1.422800,-17.099307
10920.0000,-26.461747,2.249272,-17.066009
10921.0000,-28.110623,2.006098,-17.714446
10922.0000,-27.608835,1.557887,-19.882394
10923.0000,-26.861056,2.665034,-19.756530
10924.0000,-25.810868,0.196798,-17.453037
10925.0000,-23.173646,-0.397519,-16.970571
10926.0000,-26.707427,0.288878,-17.123841
10927.0000,-26.831815,1.906465,-15.748739
10928.0000,-24.062246,3.248347,-12.788769
10929.0000,-20.491442,2.714581,-10.370507
10930.0000,-26.246270,2.099288,-13.876847
10931.0000,-28.202298,1.653076,-12.498306
10932.0000,-27.745832,2.093460,-11.736777
10933.0000,-26.656332,0.479761,-13.017488
10934.0000,-23.387177,0.197665,-13.411661
10935.0000,-24.233689,4.134998,-14.201384
10936.0000,-23.018867,1.662129,-12.493422
10937.0000,-23.519488,4.841096,-13.401588
10938.0000,-21.168705,6.730935,-16.152868
10939.0000,-24.592055,6.370770,-14.727688
10940.0000,-24.406922,5.241663,-14.528318
10941.0000,-24.881518,8.777842,-13.515896
10942.0000,-24.159486,6.423920,-14.263583
10943.0000,-23.669345,9.690416,-12.511037
10944.0000,-20.351888,10.375272,-15.163486
10945.0000,-19.677002,10.912273,-14.120875
10946.0000,-20.240254,15.014270,-14.978760
10947.0000,-21.292341,15.075376,-16.234439
10948.0000,-19.658737,14.755288,-15.727206
10949.0000,-16.927470,17.444648,-15.863183
10950.0000,-14.931040,18.023160,-13.738289
10951.0000,-13.703859,19.115217,-11.470847
10952.0000,-12.783911,18.000779,-10.551625
10953.0000,-9.137295,17.802271,-8.586273
10954.0000,-10.251997,17.594163,-7.893832
10955.0000,-12.051793,15.024699,-4.406970
10956.0000,-15.722737,14.429278,-3.437332
10957.0000,-17.693085,18.138621,-5.666945
10958.0000,-14.895773,23.208793,-6.128777
10959.0000,-14.484878,21.421375,-5.474286
10960.0000,-12.686123,23.062305,-4.639133
10961.0000,-11.833541,21.655855,-4.452069
10962.0000,-10.415746,22.250338,-6.722604
10963.0000,-12.662858,20.209107,-6.438746
10964.0000,-10.173519,16.986114,-5.419471
10965.0000,-11.692850,20.113415,-5.836130
10966.0000,-12.202513,19.061910,-5.928454
10967.0000,-14.014928,18.606390,-8.132923
10968.0000,-16.032134,16.565597,-5.212365
10969.0000,-14.703856,16.801605,-5.179405
10970.0000,-16.343908,19.943370,-0.723547
10971.0000,-14.810499,19.924110,0.370554
10972.0000,-14.488500,19.856012,1.256600
10973.0000,-14.640101,17.167780,-4.820661
10974.0000,-13.667232,16.716171,-5.677582
10975.0000,-11.565695,18.008936,-9.249055
10976.0000,-13.750123,18.943424,-8.209799
10977.0000,-16.213777,14.271071,-9.164054
10978.0000,-18.046177,14.772732,-11.347998
10979.0000,-15.550885,15.635895,-11.401718
10980.0000,-19.495921,13.172836,-11.287526
10981.0000,-17.490861,12.630982,-11.024699
10982.0000,-22.317402,9.002493,-10.079386
10983.0000,-23.507717,11.209578,-11.014813
10984.0000,-26.961239,8.560351,-8.628618
10985.0000,-28.448431,12.694743,-10.076825
10986.0000,-25.385172,10.351170,-10.356205
10987.0000,-23.836868,11.500725,-9.211411
10988.0000,-22.311064,9.947414,-7.613237
10989.0000,-20.848381,10.494579,-7.640369
10990.0000,-17.691154,5.291464,-7.573333
10991.0000,-16.616104,3.291858,-6.911327
10992.0000,-18.984652,4.596545,-7.874338
10993.0000,-16.458993,4.590946,-8.763680
10994.0000,-17.698810,2.907658,-11.058212
10995.0000,-16.079621,1.015325,-9.443900
10996.0000,-12.625286,0.618168,-7.483969
10997.0000,-13.610865,-1.297622,-8.053780
10998.0000,-17.066349,-2.457982,-6.808369
10999.0000,-17.702894,-1.079137,-5.774939
11000.0000,-16.851091,-1.469988,-5.741770
11001.0000,-16.082085,-1.832238,-9.260281
11002.0000,-14.424940,-2.097125,-8.940730
11003.0000,-10.640150,-1.943139,-11.254782
11004.0000,-11.694748,-1.048786,-13.444714
11005.0000,-10.811476,4.534441,-13.763542
11006.0000,-12.409148,1.306240,-13.611667
11007.0000,-11.701734,2.235541,-12.750692
11008.0000,-10.450723,-0.357742,-12.029708
11009.0000,-9.784431,2.763090,-12.224307
11010.0000,-8.305251,0.866042,-9.772559
11011.0000,-8.439879,1.786625,-5.428951
11012.0000,-8.139725,5.168260,-5.737998
11013.0000,-9.526259,7.210861,-4.642248
11014.0000,-10.998457,7.113917,-5.839245
11015.0000,-9.989884,5.624376,-6.545422
11016.0000,-8.395993,2.928350,-6.766616
11017.0000,-7.671605,6.362029,-11.319668
11018.0000,-5.406144,7.935718,-14.601947
11019.0000,-5.264699,7.977982,-14.323119
11020.0000,-6.914606,6.464486,-14.699121
11021.0000,-5.472051,5.950784,-10.606878
11022.0000,-3.422719,6.564569,-5.837509
11023.0000,-4.704914,7.076070,-9.052454
11024.0000,-3.090999,10.428535,-6.961769
11025.0000,-3.608989,9.645410,-8.125393
11026.0000,-4.392841,8.039596,-11.820305
11027.0000,-6.118546,6.398131,-14.153610
11028.0000,-6.237759,8.237034,-12.931257
11029.0000,-3.103393,8.322571,-10.053341
11030.0000,-6.833484,10.330732,-6.450932
11031.0000,-6.728815,8.605736,-6.275284
11032.0000,-3.617641,7.229776,-4.933378
11033.0000,-2.359712,7.955877,-6.434095
11034.0000,-4.296551,5.218840,-6.926155
11035.0000,0.274988,4.644116,-8.297722
11036.0000,0.993604,6.338975,-9.684523
11037.0000,-1.229734,8.677126,-8.213059
11038.0000,-2.996657,6.928664,-8.513145
11039.0000,-5.049037,8.941169,-4.523596
11040.0000,-4.561261,8.577777,-4.078070
11041.0000,-4.923998,6.938472,-5.014951
11042.0000,-5.125060,8.208723,-7.406272
11043.0000,-2.051370,4.215884,-6.700570
11044.0000,-3.800937,5.199523,-6.183707
11045.0000,-4.716316,7.497774,-6.306014
11046.0000,-2.618618,9.338404,-3.142901
11047.0000,-4.173639,8.701416,-3.560920
11048.0000,-4.024409,7.665477,-5.210775
11049.0000,-7.160791,12.246807,0.641878
11050.0000,-8.667105,12.953017,0.841579
11051.0000,-10.354194,15.560263,0.284844
11052.0000,-8.741101,14.027904,5.535777
11053.0000,-11.007059,8.201624,5.480456
11054.0000,-13.211586,10.300082,3.231229
11055.0000,-10.956906,10.638751,4.979410
11056.0000,-12.522319,10.027371,3.982149
11057.0000,-13.398899,11.881786,8.416247
11058.0000,-14.285151,12.684589,6.515482
11059.0000,-14.956656,12.864371,10.328002
11060.0000,-11.922368,13.441870,7.550770
11061.0000,-9.742005,13.163571,2.859870
11062.0000,-7.544354,15.052651,3.149426
11063.0000,-8.617214,13.184897,2.092727
11064.0000,-12.706343,11.377124,4.506976
11065.0000,-13.243730,11.310402,4.841298
11066.0000,-13.964552,10.262227,4.161686
11067.0000,-12.212283,9.313467,2.636151
11068.0000,-15.088077,9.646422,-0.118888
11069.0000,-15.591992,9.011846,-0.486684
11070.0000,-14.636627,10.685545,-1.391055
11071.0000,-15.690201,10.443486,-0.296470
11072.0000,-13.357279,6.902798,-0.380603
11073.0000,-12.754545,7.434174,1.657589
11074.0000,-11.617021,8.558116,2.361307
11075.0000,-12.413697,10.727238,2.291696
11076.0000,-14.595235,9.353454,-1.061155
11077.0000,-18.439708,9.317595,1.358597
11078.0000,-15.261990,10.669854,1.429354
11079.0000,-14.982746,9.881838,-0.430247
11080.0000,-16.486109,9.139480,-0.706139
11081.0000,-18.171931,6.511549,-2.215882
11082.0000,-17.921789,7.602165,-4.148575
11083.0000,-18.982514,9.430699,-2.265996
11084.0000,-19.778755,9.183823,-0.126862
11085.0000,-20.579652,8.692463,-2.829747
11086.0000,-20.569707,10.707624,-4.289966
11087.0000,-20.836582,8.691630,-8.007405
11088.0000,-20.245416,9.839062,-8.182776
11089.0000,-18.624159,8.690235,-9.338906
11090.0000,-19.391911,6.868506,-10.171916
11091.0000,-18.446173,4.936998,-10.311506
11092.0000,-18.239869,5.379440,-13.778339
11093.0000,-20.240290,4.788044,-15.538732
11094.0000,-20.021864,5.690607,-13.963363
11095.0000,-19.712736,6.118261,-11.952417
11096.0000,-20.413235,3.900196,-11.503909
11097.0000,-21.197628,-0.421299,-11.812674
11098.0000,-17.352981,1.045070,-10.537177
11099.0000,-15.381926,-2.039645,-9.911559
11100.0000,-16.466032,-4.230243,-7.799020
11101.0000,-18.722768,-4.395990,-7.346978
11102.0000,-16.877993,-7.849362,-7.995246
11103.0000,-16.537267,-9.232002,-7.327364
11104.0000,-14.985873,-11.968365,-7.515137
11105.0000,-12.632792,-11.542536,-5.649214
11106.0000,-12.131205,-10.266929,-3.234822
11107.0000,-10.356632,-10.240730,1.363986
11108.0000,-11.413666,-8.034342,-0.145219
11109.0000,-10.213483,-8.126597,-0.382828
11110.0000,-8.276139,-6.739459,1.125902
11111.0000,-9.486982,-8.439570,1.157107
11112.0000,-10.075614,-6.298487,-0.051903
11113.0000,-10.106786,-6.077220,-1.088689
11114.0000,-8.993120,-4.470486,-3.392449
11115.0000,-7.831583,-3.998917,-3.951061
11116.0000,-4.562547,-4.077352,-4.504186
11117.0000,-4.868316,-5.258119,-2.872127
11118.0000,-4.407090,-2.865658,-6.440463
11119.0000,-2.352650,-3.815772,-5.613344
11120.0000,-1.130738,-3.387678,-2.400375
11121.0000,-1.378988,-2.695705,-2.957585
11122.0000,-4.068622,-5.173934,-1.519614
11123.0000,-4.694621,-4.305253,-3.923210
11124.0000,-6.857003,-6.989455,-2.050562
11125.0000,-6.018585,-8.303001,2.196170
11126.0000,-5.744330,-7.583847,-0.441747
11127.0000,-5.302779,-7.094578,2.491786
11128.0000,-5.948778,-7.729029,3.174220
11129.0000,-4.029966,-7.109811,2.161989
11130.0000,-6.114727,-6.157250,-0.334273
11131.0000,-5.295287,-5.999919,-1.912418
11132.0000,-7.012097,-7.267261,0.667206
11133.0000,-7.099067,-7.509237,1.595122
11134.0000,-7.544764,-7.431239,0.659317
11135.0000,-6.149409,-9.005534,1.567266
11136.0000,-6.574224,-9.675250,0.268738
11137.0000,-7.028971,-7.113073,1.781628
11138.0000,-4.892863,-7.201501,5.687138
11139.0000,-3.387829,-4.759639,4.100590
11140.0000,-4.456895,-4.298741,8.510530
11141.0000,-1.550059,-5.493875,7.869890
11142.0000,-1.133972,-4.706016,6.909693
11143.0000,0.815566,-6.056488,10.480452
11144.0000,0.789066,-6.787842,9.809347
11145.0000,3.537434,-6.155712,10.508954
11146.0000,2.964790,-5.564712,9.673287
11147.0000,5.951139,-5.778083,9.926405
11148.0000,5.123428,-7.524334,12.291455
11149.0000,3.104576,-9.763370,11.875228
11150.0000,5.181651,-10.274663,10.014351
11151.0000,7.010269,-9.978922,9.191992
11152.0000,6.140202,-11.527814,7.053413
11153.0000,6.887871,-11.887685,9.142106
11154.0000,7.258025,-11.818108,5.679677
11155.0000,3.178801,-13.064576,7.615503
11156.0000,2.839222,-9.697886,7.804054
11157.0000,1.856913,-11.125911,8.543479
11158.0000,0.586970,-10.786620,8.253715
11159.0000,0.214868,-9.618845,5.963239
11160.0000,0.737311,-9.589191,6.591210
11161.0000,3.077417,-10.911371,4.471051
11162.0000,4.659265,-10.500751,5.896123
11163.0000,5.854061,-7.258876,4.333691
11164.0000,6.685048,-4.242062,5.573324
11165.0000,3.130801,-5.693818,5.077452
11166.0000,3.075486,-6.453906,6.920239
11167.0000,-0.795179,-5.955870,5.075168
11168.0000,0.127417,-6.715354,5.842764
11169.0000,0.526744,-6.540077,5.898141
11170.0000,1.699436,-7.652869,1.222375
11171.0000,1.559065,-9.403738,2.854250
11172.0000,-0.583124,-7.719508,2.162537
11173.0000,-1.088397,-6.164695,2.732543
11174.0000,1.177191,-2.763016,2.130193
11175.0000,3.741713,-4.270657,3.612696
11176.0000,5.805784,-1.836373,4.053871
11177.0000,5.812912,-0.988970,1.003727
11178.0000,6.706302,-1.714886,-0.644663
11179.0000,8.659523,-3.923292,-0.796547
11180.0000,8.816821,-5.602008,-0.422304
11181.0000,5.223308,-6.817200,-0.851694
11182.0000,5.523661,-8.044319,1.539303
11183.0000,7.301672,-7.932910,-0.068652
11184.0000,7.362170,-4.450561,-1.868158
11185.0000,5.220812,-5.183857,-0.792273
11186.0000,2.211148,-7.045502,1.840395
11187.0000,4.241470,-7.495923,3.797246
11188.0000,5.208450,-11.532379,0.502259
11189.0000,6.360580,-8.824124,-2.920236
11190.0000,6.112746,-8.154193,-3.199091
11191.0000,13.299860,-8.217878,-0.957371
11192.0000,11.118950,-11.155473,0.523253
11193.0000,8.620867,-12.000254,-1.320007
11194.0000,7.123971,-9.206546,-1.511217
11195.0000,7.490969,-9.496959,-2.222281
11196.0000,6.874681,-8.192406,-3.454830
11197.0000,1.491331,-7.469713,-7.033287
11198.0000,3.323410,-9.713375,-7.502812
11199.0000,2.575192,-10.186932,-3.487027
11200.0000,4.015929,-7.558248,-3.041383
11201.0000,4.363071,-7.111930,-1.019600
11202.0000,5.536752,-1.462498,0.164360
11203.0000,3.963387,-2.234961,-3.069447
11204.0000,5.130465,-1.592970,-3.131905
11205.0000,5.767211,-0.686621,-2.860836
11206.0000,9.901928,-3.146518,-1.555280
11207.0000,9.880041,-2.625685,-2.463692
11208.0000,9.436253,-3.999076,-0.140688
11209.0000,9.306239,-3.057614,0.378635
11210.0000,9.159306,-1.339225,0.267508
11211.0000,9.792606,-1.567040,0.613916
11212.0000,6.873572,1.874339,2.074833
11213.0000,6.559425,2.098341,1.050859
11214.0000,8.093960,-0.069299,2.641113
11215.0000,8.304590,1.146371,4.646526
11216.0000,11.894168,1.867345,4.589250
11217.0000,9.807334,2.573571,2.264370
11218.0000,11.044260,-3.899900,0.159325
11219.0000,10.000300,-4.724095,0.796789
11220.0000,10.781553,-3.476264,-1.977204
11221.0000,8.025332,-3.017567,-2.986395
11222.0000,7.136782,-2.436229,-2.991024
11223.0000,11.508885,-5.898604,-2.184920
11224.0000,15.228804,-4.648009,-2.675884
11225.0000,16.549429,-5.776914,-2.279020
11226.0000,15.609003,-7.609436,-2.649798
11227.0000,16.523547,-4.713917,1.064511
11228.0000,15.895575,-4.219374,5.691745
11229.0000,15.987610,-4.819681,6.960015
11230.0000,17.058089,-4.005870,5.471873
11231.0000,17.347661,-1.370714,3.430130
11232.0000,17.860980,-0.148220,3.578956
11233.0000,18.797363,5.415944,2.631711
11234.0000,19.043836,5.359954,3.280841
11235.0000,16.192491,3.112840,2.591537
11236.0000,16.891654,2.375024,4.973826
11237.0000,19.722150,2.157217,6.083649
11238.0000,16.479046,2.808262,7.229503
11239.0000,18.070004,1.789455,5.023686
11240.0000,19.524584,1.164239,8.570271
11241.0000,19.920199,1.565952,10.065887
11242.0000,19.221293,0.222082,10.706705
11243.0000,22.393676,1.572800,8.188727
11244.0000,21.976333,1.541113,6.569261
11245.0000,21.697959,0.707532,5.024267
11246.0000,25.173314,0.739368,0.513728
11247.0000,24.093822,0.321288,-1.090493
11248.0000,26.083680,0.888007,-1.366927
11249.0000,25.764093,-0.601476,0.204802
11250.0000,23.789043,-4.252124,0.540254
11251.0000,20.254029,-0.296080,1.854990
11252.0000,18.366844,0.784938,4.574853
11253.0000,17.570870,3.153558,3.549179
11254.0000,15.273173,0.628294,6.068042
11255.0000,16.641478,-4.429124,7.753304
11256.0000,13.754458,-5.222715,8.970367
11257.0000,16.051152,-5.461371,9.507194
11258.0000,17.305712,-6.643414,11.698776
11259.0000,15.516042,-8.410150,10.005981
11260.0000,15.711101,-9.199966,10.398554
11261.0000,17.356242,-7.004340,8.827237
11262.0000,15.586757,-10.993535,8.958715
11263.0000,17.847513,-9.595707,6.829763
11264.0000,17.493131,-9.690395,6.474165
11265.0000,21.918503,-10.771384,6.906317
11266.0000,22.704768,-11.618768,6.866897
11267.0000,24.113842,-7.756697,5.600959
11268.0000,24.508000,-6.787572,5.955174
11269.0000,27.016601,-6.382442,7.738031
11270.0000,24.998650,-6.059855,8.479897
11271.0000,26.219293,-3.166396,6.811285
11272.0000,26.507528,-1.828869,6.325887
11273.0000,27.179371,-1.968865,6.573444
11274.0000,25.997063,0.793752,4.240222
11275.0000,24.856450,-0.634543,4.444653
11276.0000,27.088048,-1.719660,2.186356
11277.0000,25.341385,-0.880303,3.265962
11278.0000,26.580500,-0.793312,3.619169
11279.0000,25.298284,0.922358,2.875324
11280.0000,21.240806,3.383477,7.278837
11281.0000,22.898106,3.599856,6.288831
11282.0000,21.870231,7.273770,7.570773
11283.0000,23.508380,8.030685,12.057191
11284.0000,20.361950,9.220558,10.001749
11285.0000,20.528914,9.462963,8.291530
11286.0000,24.984945,8.203146,10.143444
11287.0000,25.381591,8.894529,11.044470
11288.0000,26.444186,8.334111,6.478360
11289.0000,30.560591,7.639960,3.641775
11290.0000,26.414324,7.570817,2.621376
11291.0000,26.045607,6.886856,3.797357
11292.0000,25.659513,3.886526,2.008546
11293.0000,22.884651,6.728371,0.846824
11294.0000,22.326348,7.007300,3.603411
11295.0000,18.356000,4.540430,0.684561
11296.0000,21.434272,4.072740,0.045050
11297.0000,22.139465,3.780785,-0.382454
11298.0000,21.157327,3.137902,-0.673720
11299.0000,20.938940,8.199174,1.831329
11300.0000,17.647936,7.447412,-0.505509
11301.0000,18.511137,6.415457,-0.605244
11302.0000,19.574310,7.324400,-3.828166
11303.0000,15.170651,8.919943,-5.186884
11304.0000,14.708847,10.254535,-6.662318
11305.0000,13.509585,8.816464,-7.474310
11306.0000,13.296252,9.202406,-7.492286
11307.0000,17.425104,6.205943,-8.571866
11308.0000,16.293793,6.362924,-7.592427
11309.0000,13.097571,5.408788,-6.421825
11310.0000,12.782752,7.225807,-3.305477
11311.0000,11.167369,6.390084,-3.848597
11312.0000,13.135002,7.564118,-4.800375
11313.0000,15.756599,10.846610,-3.621713
11314.0000,18.090034,9.829010,-1.489842
11315.0000,17.321429,10.472337,0.241019
11316.0000,17.633639,7.422048,0.206062
11317.0000,17.699552,7.596527,0.116215
11318.0000,17.399485,9.931440,-1.542076
11319.0000,16.838883,9.779726,0.347455
11320.0000,18.850435,8.098532,1.939982
11321.0000,16.927722,10.627648,3.290183
11322.0000,14.336807,12.388054,2.785114
11323.0000,13.784244,12.729729,2.676876
11324.0000,18.313344,14.023364,2.351550
11325.0000,17.603018,11.535992,4.900613
11326.0000,19.121747,12.231514,6.898559
11327.0000,15.796695,14.907361,8.257339
11328.0000,18.931233,14.565392,13.015982
11329.0000,17.429158,13.893527,11.174603
11330.0000,20.434885,12.646484,8.976828
11331.0000,16.746325,18.521640,10.505396
11332.0000,15.263794,16.320224,10.022885
11333.0000,11.846738,20.230034,8.279151
11334.0000,14.085912,18.626592,6.157171
11335.0000,17.394487,20.576018,3.291172
11336.0000,17.307384,19.038445,2.716517
11337.0000,18.332140,19.028779,4.047419
11338.0000,17.289734,18.790812,0.875956
11339.0000,17.182580,19.132306,1.364890
11340.0000,12.749611,20.119650,2.769862
11341.0000,13.975329,20.247645,2.251894
11342.0000,12.871812,20.399693,2.917117
11343.0000,11.231787,19.572787,4.586658
11344.0000,12.002600,18.655252,3.685507
11345.0000,10.495816,17.153725,4.205469
11346.0000,11.667271,17.243539,4.189704
11347.0000,11.246613,18.670100,3.957531
11348.0000,15.045065,20.721720,3.917276
11349.0000,17.650036,19.447935,1.929916
11350.0000,19.383963,19.668683,-1.113148
11351.0000,21.811617,18.144832,-0.592128
11352.0000,22.865060,18.131593,-0.462020
11353.0000,24.809620,17.547345,1.119483
11354.0000,28.043795,21.374341,1.717049
11355.0000,27.950001,22.176133,0.599327
11356.0000,28.153541,23.034983,-0.150216
11357.0000,28.541717,24.313561,1.380804
11358.0000,26.731048,26.167338,3.306980
11359.0000,24.597919,28.269622,0.856506
11360.0000,22.530698,27.525013,-1.015213
11361.0000,22.724618,26.594982,-2.196075
11362.0000,23.695686,25.869601,-1.090092
11363.0000,21.904923,25.500793,-0.889260
11364.0000,21.466954,28.082983,-2.102836
11365.0000,20.601743,25.955118,-0.046533
11366.0000,16.026768,24.592120,-0.423184
11367.0000,19.810120,25.154677,1.124639
11368.0000,15.117050,26.700457,2.691901
11369.0000,17.572964,27.722637,-0.146879
11370.0000,18.857819,28.483247,-0.179210
11371.0000,16.351780,26.182796,-0.034371
11372.0000,16.232567,26.310391,-0.452480
11373.0000,16.761523,26.273892,-0.346034
11374.0000,17.966911,27.278018,-1.599183
11375.0000,21.787545,30.542818,-1.939167
11376.0000,21.328343,32.390474,-1.988255
11377.0000,18.847187,32.351935,-4.447003
11378.0000,19.714801,34.337961,-4.472709
11379.0000,18.835676,33.190992,-2.058432
11380.0000,17.530291,32.502145,-1.970685
11381.0000,18.557485,33.228108,0.232446
11382.0000,15.924030,28.778339,-0.640485
11383.0000,13.287524,27.543408,-3.617856
11384.0000,12.595017,26.534591,-6.956216
11385.0000,13.548973,27.522424,-7.254757
11386.0000,12.887691,27.849838,-7.233746
11387.0000,13.747483,27.602453,-7.842949
11388.0000,13.162642,28.351119,-6.179778
11389.0000,13.512836,29.192425,-5.412745
11390.0000,10.324555,30.062880,-7.209742
11391.0000,14.316019,29.960571,-9.211541
11392.0000,14.051837,30.860813,-7.168973
11393.0000,16.663230,30.034068,-6.942464
11394.0000,13.458738,33.088739,-6.391036
11395.0000,13.176540,31.517701,-8.835625
11396.0000,13.843660,32.774320,-9.881362
11397.0000,13.176750,33.569419,-9.801742
11398.0000,15.517027,31.474410,-10.674237
11399.0000,14.345558,29.255918,-5.236363
11400.0000,12.597278,29.669223,-6.476420
11401.0000,11.293541,30.183552,-6.031517
11402.0000,9.224268,29.811695,-4.885918
11403.0000,10.171009,28.593574,-3.229471
11404.0000,11.516542,28.822136,-2.174531
11405.0000,8.485862,27.910852,1.628845
11406.0000,10.527105,25.536854,1.052797
11407.0000,10.857640,24.829366,1.297745
11408.0000,12.540035,25.785127,3.091945
11409.0000,12.793943,23.940904,6.863271
11410.0000,11.475646,22.258907,5.666591
11411.0000,12.620881,21.535084,8.690460
11412.0000,16.604143,21.177004,8.996119
11413.0000,16.752997,20.586756,10.440554
11414.0000,18.678255,18.668943,12.299538
11415.0000,18.805013,22.743015,11.561502
11416.0000,20.036007,25.302740,13.500281
11417.0000,18.899143,22.397843,14.302993
11418.0000,15.520100,22.451641,16.017948
11419.0000,16.764216,22.915223,13.609207
11420.0000,20.180271,19.955600,13.943466
11421.0000,19.990349,23.571136,12.959118
11422.0000,19.786982,23.963078,8.576543
11423.0000,20.313180,23.952026,6.554878
11424.0000,18.223948,22.174754,7.772094
11425.0000,17.375712,24.744725,8.339899
11426.0000,15.696052,24.105355,6.622662
11427.0000,16.401764,21.127028,4.925486
11428.0000,15.713996,21.424553,6.141657
11429.0000,18.677977,24.830454,4.284423
11430.0000,18.270957,21.639998,3.285275
11431.0000,20.323882,22.372621,0.170817
11432.0000,20.919966,24.595630,0.201283
11433.0000,19.710270,26.169496,2.666886
11434.0000,18.020418,25.414709,1.503339
11435.0000,15.993329,22.482875,3.179677
11436.0000,13.719172,22.002447,-0.099411
11437.0000,10.743872,21.009216,-1.759073
11438.0000,8.446255,16.763042,-0.280850
11439.0000,8.450725,18.177805,2.817651
11440.0000,7.881285,16.226003,0.579782
11441.0000,7.727506,16.053770,0.048955
11442.0000,10.222110,15.162710,1.447011
11443.0000,10.055756,16.614064,-0.581146
11444.0000,9.636159,17.542077,0.649895
11445.0000,7.802169,18.143219,0.529715
11446.0000,9.711555,17.335492,0.055532
11447.0000,11.598939,15.648167,-3.180577
11448.0000,11.306397,15.461228,-0.696015
11449.0000,12.300609,13.609420,-2.910218
11450.0000,14.232811,10.980501,-3.921776
11451.0000,17.600820,10.925866,-6.258564
11452.0000,17.788758,5.642246,-3.036932
11453.0000,16.994060,6.801949,-5.576762
11454.0000,19.575458,5.867035,-5.273195
11455.0000,20.115821,6.138489,-1.731673
11456.0000,21.314145,7.936450,0.224696
11457.0000,23.046697,6.775796,-3.788666
11458.0000,21.680851,8.181467,-4.602821
11459.0000,21.200210,8.744562,-5.078105
11460.0000,21.974848,6.491132,-2.420737
11461.0000,22.894574,8.163175,-0.791791
11462.0000,25.780459,11.338225,-1.068130
11463.0000,23.915081,12.479421,0.095272
11464.0000,27.164440,11.817466,-3.102057
11465.0000,27.623397,13.550418,-1.955697
11466.0000,27.001140,11.097915,-0.184668
11467.0000,24.842633,11.463429,2.722543
11468.0000,21.852415,10.726836,2.468075
11469.0000,24.008846,9.189417,4.093989
11470.0000,23.733084,10.422112,3.042579
11471.0000,24.601030,12.592775,6.467142
11472.0000,24.074118,12.392992,3.509762
11473.0000,23.680860,10.762658,1.647764
11474.0000,19.726059,9.788465,4.296990
11475.0000,25.419656,9.379068,8.104831
11476.0000,26.344026,10.508964,6.039025
11477.0000,26.148762,12.015987,4.797522
11478.0000,27.988154,13.036542,4.758330
11479.0000,26.361804,12.743334,3.231768
11480.0000,27.307454,13.756037,4.841290
11481.0000,29.469041,10.607574,3.607680
11482.0000,29.750680,8.305630,0.061001
11483.0000,34.179422,8.226700,-0.319153
11484.0000,33.978869,9.171978,-4.180337
11485.0000,30.141354,11.475262,-5.915894
11486.0000,25.880722,10.294668,-7.029657
11487.0000,25.686952,10.491489,-8.707185
11488.0000,25.567227,13.479329,-4.204159
11489.0000,25.245986,9.475530,-6.112112
11490.0000,25.912939,10.009058,-9.714338
11491.0000,25.408828,9.914155,-5.017325
11492.0000,24.416371,10.213627,-2.360227
11493.0000,24.773329,11.821340,-0.486468
11494.0000,25.057635,15.003537,-0.498737
11495.0000,23.627671,17.218337,-0.588468
11496.0000,22.998265,16.205957,-0.535602
11497.0000,25.204817,17.333610,2.297910
11498.0000,26.994912,14.817755,4.580205
11499.0000,29.008103,19.602893,3.907237
11500.0000,28.321134,19.233369,5.321805
11501.0000,28.896151,15.579276,6.251320
11502.0000,31.248065,14.448445,9.008240
11503.0000,30.899750,12.217723,10.606833
11504.0000,31.045925,9.904605,8.681083
11505.0000,32.037895,8.803164,7.597677
11506.0000,31.329210,10.553816,5.923069
11507.0000,31.447749,8.038159,3.666008
11508.0000,32.387526,10.675329,2.647181
11509.0000,28.740208,10.008252,2.579727
11510.0000,27.525420,5.386542,3.117302
11511.0000,25.635970,3.828748,2.565830
11512.0000,27.038304,3.542431,0.288092
11513.0000,26.025176,2.769304,-0.101988
11514.0000,26.013816,4.509435,0.100663
11515.0000,25.505990,3.045961,0.361677
11516.0000,24.001665,3.725847,-0.492140
11517.0000,25.756637,5.925671,1.344744
11518.0000,24.829122,6.772860,-0.376854
11519.0000,26.492899,8.763542,-2.306374
11520.0000,26.636450,9.217953,-0.389282
11521.0000,28.526830,9.768455,-1.322771
11522.0000,28.680075,9.496665,-1.868479
11523.0000,30.486313,11.166532,-2.662858
11524.0000,30.659985,11.041321,-6.830586
11525.0000,34.301279,12.283440,-4.422394
11526.0000,31.461286,12.461190,-0.898140
11527.0000,29.348937,9.365566,-1.245087
11528.0000,29.330447,8.140765,-1.984395
11529.0000,29.954398,8.380216,2.414724
11530.0000,29.758282,9.865147,4.902160
11531.0000,30.775055,11.457283,6.184950
11532.0000,27.754321,11.336538,8.648425
11533.0000,31.278334,9.550179,11.262993
11534.0000,32.952353,11.598315,7.279996
11535.0000,32.747339,12.948869,7.737012
11536.0000,30.192491,15.352564,9.048897
11537.0000,30.816110,12.397227,11.476735
11538.0000,29.369880,13.583454,13.372555
11539.0000,26.970269,12.594022,14.700809
11540.0000,24.494721,11.126131,13.499310
11541.0000,22.820240,10.948969,11.103641
11542.0000,21.466626,13.196067,13.447351
11543.0000,21.988446,12.446880,17.326148
11544.0000,19.534930,12.296266,17.585304
11545.0000,21.256919,10.239636,18.435039
11546.0000,21.039528,11.019951,17.618288
11547.0000,21.440183,11.567700,17.808104
11548.0000,18.983458,9.107492,16.899607
11549.0000,19.065001,10.203775,15.264079
11550.0000,22.038588,11.208391,15.003454
11551.0000,21.347023,9.766187,10.003814
11552.0000,22.085482,10.112236,9.640249
11553.0000,23.155094,11.337980,8.021114
11554.0000,25.651028,11.457207,7.567989
11555.0000,25.998992,10.023739,7.558473
11556.0000,27.121830,9.697798,9.014645
11557.0000,27.126431,10.110380,9.243665
11558.0000,28.948296,11.999817,8.402051
11559.0000,26.222070,12.786572,10.590275
11560.0000,31.017812,16.739056,14.242708
11561.0000,30.303728,18.053411,14.482557
11562.0000,30.687917,20.308351,16.041791
11563.0000,32.444948,19.313838,15.004168
11564.0000,28.863904,16.689592,15.716444
11565.0000,27.465529,14.108140,19.036260
11566.0000,25.062640,12.861515,17.386892
11567.0000,24.478289,13.298506,16.864655
11568.0000,22.217757,11.190938,15.520114
11569.0000,24.832347,6.249055,12.528398
11570.0000,23.434740,5.044116,12.919902
11571.0000,20.843178,5.372582,12.725155
11572.0000,20.889251,5.673412,11.702250
11573.0000,22.510476,5.263464,11.349027
11574.0000,22.475198,3.696608,8.994217
11575.0000,26.238948,5.248201,8.931224
11576.0000,25.741387,5.880709,9.279824
11577.0000,30.401103,6.991663,10.877304
11578.0000,29.155030,7.297132,7.135353
11579.0000,27.947584,8.527370,3.903633
11580.0000,27.000821,10.658503,0.970175
11581.0000,25.701569,11.664951,0.948597
11582.0000,24.604819,12.942385,3.302104
11583.0000,24.076233,12.765349,4.117965
11584.0000,23.897836,12.656745,3.981586
11585.0000,23.693176,13.875976,1.505720
11586.0000,26.092710,9.739086,-0.930617
11587.0000,26.246935,11.579494,0.066805
11588.0000,25.869372,9.964555,3.360185
11589.0000,22.628129,8.945928,4.951191
11590.0000,20.992428,9.754477,4.193797
11591.0000,20.988995,12.545142,1.067819
11592.0000,19.801382,8.916642,2.964844
11593.0000,21.071850,7.468623,2.619461
11594.0000,20.072049,8.352681,3.741044
11595.0000,20.180752,7.587575,2.474686
11596.0000,20.662100,8.108912,-0.596643
11597.0000,22.257110,9.201204,-1.675298
11598.0000,20.813418,6.541616,-0.320577
11599.0000,20.334660,4.321877,-0.752814
11600.0000,21.833430,6.069182,0.372985
11601.0000,21.212712,5.262421,2.553521
11602.0000,17.574431,5.651118,3.334353
11603.0000,14.709081,4.574249,2.577206
11604.0000,15.011069,-1.565038,1.098426
11605.0000,14.201082,-0.955334,-1.789782
11606.0000,9.321348,0.671767,-3.611496
11607.0000,11.346319,-2.175135,-1.832277
11608.0000,15.672751,-2.737695,0.216581
11609.0000,18.093790,-3.269435,-3.045183
11610.0000,15.885873,-2.897396,-2.454933
11611.0000,16.746346,-4.594098,-1.570553
11612.0000,15.494980,-4.608068,0.496077
11613.0000,16.701694,-7.059675,0.327871
11614.0000,12.728453,-7.840685,-0.273395
11615.0000,16.319486,-7.924119,-0.865973
11616.0000,12.914559,-8.445313,1.148109
11617.0000,10.049632,-10.048248,-0.902685
11618.0000,10.490139,-9.455538,1.301164
11619.0000,9.396456,-7.271146,1.600998
11620.0000,10.943665,-6.772351,-1.978130
11621.0000,10.716537,-6.214328,-3.137355
11622.0000,10.482951,-6.782254,-2.183846
11623.0000,5.694720,-3.508417,-0.130937
11624.0000,10.568223,-4.709041,-2.668150
11625.0000,12.165726,0.044816,0.301637
11626.0000,8.993897,-1.430090,0.968360
11627.0000,3.041085,-1.380672,0.621396
11628.0000,3.230733,-0.745984,3.086815
11629.0000,5.467318,2.603332,5.446510
11630.0000,3.776316,3.656247,2.363492
11631.0000,2.351555,2.330702,1.830631
11632.0000,3.630316,2.589714,5.106978
11633.0000,0.024879,1.339207,3.586576
11634.0000,3.552350,1.581419,3.543867
11635.0000,5.126623,1.530655,5.107284
11636.0000,2.988227,2.121883,4.250780
11637.0000,1.051421,0.676623,5.033839
11638.0000,2.089032,2.777127,3.022839
11639.0000,1.095763,0.562417,6.516106
11640.0000,4.462636,-0.167567,3.261002
11641.0000,4.060279,-0.358232,1.364548
11642.0000,4.163798,-1.537803,5.449246
11643.0000,-0.121601,-4.483290,4.475863
11644.0000,1.624443,-4.118441,6.048998
11645.0000,2.113835,-5.221299,6.202422
11646.0000,2.633969,-6.473991,6.791870
11647.0000,1.749631,-4.759062,9.480469
11648.0000,2.643138,-3.592948,9.805397
11649.0000,4.978880,-4.688876,6.289268
11650.0000,5.203107,-5.817557,7.933194
11651.0000,4.592544,-4.510442,8.197333
11652.0000,5.759555,-7.881336,8.350428
11653.0000,7.068853,-8.978108,9.850305
11654.0000,9.061843,-4.400562,8.495202
11655.0000,8.640046,-5.834586,3.756934
11656.0000,9.057789,-3.921098,4.664857
11657.0000,10.965256,-0.605835,5.311027
11658.0000,12.431316,-3.776542,4.898393
11659.0000,11.497604,-7.753509,6.363692
11660.0000,12.591826,-8.090060,5.793248
11661.0000,12.033424,-8.947451,3.909486
11662.0000,11.538292,-6.906013,3.632026
11663.0000,12.532276,-3.897677,5.225571
11664.0000,13.748471,-2.817496,7.721640
11665.0000,12.879926,-0.872245,10.297570
11666.0000,6.835179,-2.649888,8.410288
11667.0000,4.465975,-3.552574,9.197359
11668.0000,3.885373,-4.129716,8.679299
11669.0000,3.804579,-0.557594,9.182440
11670.0000,1.406506,-3.637372,8.564792
11671.0000,-0.224491,-3.718402,9.436359
11672.0000,-1.364158,-1.307309,10.304022
11673.0000,0.643177,-2.170459,11.394443
11674.0000,1.634326,-5.244362,11.451101
11675.0000,2.397588,-7.205232,13.888942
11676.0000,0.415887,-6.066695,14.714987
11677.0000,1.843581,-6.222087,13.576847
11678.0000,-0.574371,-4.981422,12.860383
11679.0000,-1.978277,-4.005865,14.554303
11680.0000,-2.309398,-3.425097,13.832670
11681.0000,0.382098,-7.917309,14.105666
11682.0000,-2.763847,-5.639041,13.886751
11683.0000,-5.274914,-4.958864,10.561804
11684.0000,-4.531391,-5.082811,13.032290
11685.0000,-4.034738,-4.355228,13.397316
11686.0000,0.571333,-6.016231,14.951721
11687.0000,1.526518,-3.211723,15.447905
11688.0000,0.573162,-1.248812,16.150777
11689.0000,0.211393,-1.154511,15.089929
11690.0000,-0.315908,2.684550,14.035253
11691.0000,-0.066134,2.314628,11.610411
11692.0000,-0.809272,3.667894,6.381404
11693.0000,1.425658,6.308952,8.105643
11694.0000,-0.033512,6.449355,7.416479
11695.0000,0.529447,4.924840,10.209529
11696.0000,0.897944,5.113715,13.998466
11697.0000,4.377450,7.162675,12.245452
11698.0000,1.319861,6.795813,13.508378
11699.0000,2.494699,3.435277,11.906274
11700.0000,1.061272,3.376704,9.930453
11701.0000,2.979779,3.062310,12.642172
11702.0000,1.173374,3.204158,11.560647
11703.0000,0.595675,3.968276,11.355446
11704.0000,1.187509,4.663121,11.489784
11705.0000,-1.709044,6.991311,14.029830
11706.0000,-2.779030,5.230444,12.413681
11707.0000,-2.802312,6.547478,13.795330
11708.0000,-1.104836,5.732437,12.044296
11709.0000,-2.586606,8.335357,8.938104
11710.0000,-3.697286,6.726332,10.077366
11711.0000,-4.337590,6.689232,11.232473
11712.0000,-4.384200,8.378486,11.498586
11713.0000,-4.799554,6.864124,9.352540
11714.0000,-5.564718,7.355382,8.636374
11715.0000,-7.212312,5.354180,7.069380
11716.0000,-10.352535,3.562937,7.372166
11717.0000,-9.904371,3.014078,10.147007
11718.0000,-3.049145,3.451898,8.996587
11719.0000,-1.823826,2.118547,9.335087
11720.0000,-3.009807,2.991956,10.630287
11721.0000,-2.265650,1.160880,8.330161
11722.0000,-1.343368,1.787876,5.674788
11723.0000,-0.607650,4.610930,5.582176
11724.0000,-0.365966,4.125040,8.297178
11725.0000,-2.619804,5.042477,8.815723
11726.0000,-6.100817,4.638868,8.482762
11727.0000,-7.025982,6.324656,9.578277
11728.0000,-4.400840,6.092083,11.552459
11729.0000,-3.385611,1.900804,10.511480
11730.0000,-2.759051,-0.796133,11.580961
11731.0000,-0.918744,-0.257455,9.997259
11732.0000,0.325162,-0.729438,10.396412
11733.0000,-1.844930,0.786098,8.577091
11734.0000,-1.526449,1.801742,9.414928
11735.0000,-2.423004,0.369573,9.458973
11736.0000,-4.422078,0.788188,9.324987
11737.0000,-6.314785,2.239834,9.666313
11738.0000,-7.593830,-0.239201,13.182161
11739.0000,-10.393414,-0.529592,14.413050
11740.0000,-9.676760,-0.183369,13.062255
11741.0000,-11.215760,-1.271381,17.660006
11742.0000,-11.917013,-3.984057,18.930830
11743.0000,-9.153866,-4.046498,20.081099
11744.0000,-9.387123,-5.103696,17.693406
11745.0000,-7.433458,-3.141634,14.882911
11746.0000,-2.428545,-3.875215,14.293524
11747.0000,-0.858495,-6.445649,12.504968
11748.0000,-1.286203,-7.000218,8.695486
11749.0000,-0.381452,-7.815442,12.664121
11750.0000,-0.922753,-5.814199,14.436629
11751.0000,-2.676211,-7.526498,13.166948
11752.0000,-3.248606,-8.606093,10.615414
11753.0000,-4.585335,-10.000675,11.215359
11754.0000,-3.126769,-8.749133,12.601158
11755.0000,-0.935855,-8.652742,10.775232
11756.0000,1.401752,-9.082566,12.886412
11757.0000,3.858987,-9.823903,13.748468
11758.0000,3.629028,-8.950418,15.214243
11759.0000,4.361649,-9.674782,14.739628
11760.0000,1.724720,-10.684856,14.433897
11761.0000,0.361139,-7.773243,14.894869
11762.0000,2.723508,-6.372487,15.282699
11763.0000,3.765948,-3.934510,13.533011
11764.0000,0.605717,-4.862616,14.400241
11765.0000,0.661724,-4.312192,17.658848
11766.0000,2.111886,-5.094083,17.117343
11767.0000,3.729064,-7.856823,14.384050
11768.0000,4.366744,-5.810779,15.264923
11769.0000,2.900872,-7.323012,18.233638
11770.0000,4.555853,-7.217024,18.607208
11771.0000,3.592763,-5.730613,22.050136
11772.0000,0.485408,-8.553856,23.501364
11773.0000,3.128425,-10.884714,25.765204
11774.0000,3.330783,-10.683223,26.177424
11775.0000,5.266644,-8.635850,24.864353
11776.0000,6.640858,-8.515950,22.286914
11777.0000,8.495121,-12.485474,25.855586
11778.0000,10.256828,-9.581135,26.183267
11779.0000,9.987658,-10.228005,23.065787
11780.0000,8.417524,-12.368949,22.820793
11781.0000,8.137807,-10.614270,21.006427
11782.0000,6.770271,-10.168994,21.886854
11783.0000,5.883461,-9.039899,23.208136
11784.0000,6.124014,-8.511491,24.450754
11785.0000,7.110036,-10.380962,24.923966
11786.0000,2.225032,-11.415832,25.857577
11787.0000,1.981315,-13.463164,22.541553
11788.0000,2.882526,-11.786739,23.376607
11789.0000,2.463451,-10.998148,24.821754
11790.0000,-0.022183,-12.009483,23.331614
11791.0000,-0.165326,-13.500745,20.106951
11792.0000,0.581721,-11.083517,22.055653
11793.0000,0.990459,-9.736985,22.995682
11794.0000,0.290936,-10.197689,20.764952
11795.0000,0.598939,-10.228881,16.938247
11796.0000,4.110216,-11.067603,16.822097
11797.0000,-0.353751,-8.747062,18.957257
11798.0000,0.737505,-10.072834,23.605986
11799.0000,2.932285,-10.256749,23.706311
11800.0000,-0.271376,-10.350782,23.666290
11801.0000,3.483132,-12.040452,25.598771
11802.0000,1.544915,-9.388395,30.919905
11803.0000,-3.581494,-11.014697,27.118531
11804.0000,-5.167676,-10.770365,28.438292
11805.0000,-4.965702,-11.503883,29.641031
11806.0000,-0.480508,-9.077581,28.102757
11807.0000,0.962560,-9.985480,25.671521
11808.0000,0.333599,-8.363811,24.446815
11809.0000,1.892682,-12.809749,24.644005
11810.0000,0.402075,-12.890198,24.750156
11811.0000,-2.031523,-9.340360,25.041980
11812.0000,-5.056797,-10.394419,23.042383
11813.0000,-5.603119,-9.569633,22.159475
11814.0000,-6.453385,-11.322703,21.398553
11815.0000,-6.303052,-12.315356,22.045975
11816.0000,-6.656181,-14.215492,24.310515
11817.0000,-9.873017,-12.555945,24.287898
11818.0000,-12.570853,-10.018453,24.957813
11819.0000,-9.411448,-6.991093,28.174309
11820.0000,-7.570342,-5.584394,29.351161
11821.0000,-6.070380,-8.255282,24.556994
11822.0000,-8.740280,-5.542505,20.696799
11823.0000,-11.147805,-6.884186,17.522906
11824.0000,-11.966505,-5.646347,19.200950
11825.0000,-14.401412,-8.387490,17.592423
11826.0000,-16.986562,-7.335138,22.450781
11827.0000,-15.768953,-9.690168,22.950534
11828.0000,-16.000100,-9.868914,23.429579
11829.0000,-12.799192,-12.089212,23.936330
11830.0000,-14.784229,-16.067523,23.716373
11831.0000,-14.289483,-16.801513,20.558873
11832.0000,-14.118490,-16.739868,22.633438
11833.0000,-15.731858,-17.860569,23.523962
11834.0000,-15.286603,-17.139856,25.680580
11835.0000,-15.741207,-16.436442,25.884360
11836.0000,-18.176149,-16.869123,24.493487
11837.0000,-17.717095,-14.544957,24.925666
11838.0000,-16.472871,-13.165894,25.907414
11839.0000,-16.925814,-12.467573,27.503159
11840.0000,-22.006200,-11.730079,27.822332
11841.0000,-20.313809,-11.959888,23.540563
11842.0000,-18.045613,-8.187950,19.943488
11843.0000,-17.591995,-9.260890,17.818124
11844.0000,-20.336549,-8.929696,16.346843
11845.0000,-16.323263,-8.343398,14.741960
11846.0000,-17.387668,-10.192682,16.468384
11847.0000,-19.328235,-11.854410,15.591580
11848.0000,-15.465809,-13.684937,16.220017
11849.0000,-12.005456,-12.709818,15.599186
11850.0000,-16.405955,-11.947957,16.556601
11851.0000,-16.486374,-12.621909,17.386474
11852.0000,-17.663414,-12.444387,14.956293
11853.0000,-14.004110,-11.899663,11.839578
11854.0000,-11.794034,-10.309198,8.403929
11855.0000,-13.752905,-9.254409,11.627797
11856.0000,-13.514550,-5.722048,10.486154
11857.0000,-12.085326,-7.074154,9.992231
11858.0000,-14.947919,-10.608180,10.416066
11859.0000,-11.188220,-8.167435,11.331828
11860.0000,-10.100872,-6.308666,12.624119
11861.0000,-10.555540,-4.853574,12.343975
11862.0000,-12.099959,-6.094412,11.270150
11863.0000,-14.401398,-6.963547,11.041239
11864.0000,-13.239215,-9.200817,14.052087
11865.0000,-16.569598,-3.931578,14.805136
11866.0000,-14.287251,-3.913515,14.426468
11867.0000,-13.451285,-6.360238,16.392516
11868.0000,-12.702062,-5.497900,19.495863
11869.0000,-9.763189,-7.600873,24.176013
11870.0000,-10.340607,-3.757425,24.299764
11871.0000,-11.047970,-2.723328,22.448726
11872.0000,-13.304490,-3.686562,21.904355
11873.0000,-12.719158,-8.237819,23.918649
11874.0000,-10.521000,-9.489919,21.003130
11875.0000,-8.575501,-11.023499,21.687144
11876.0000,-8.735084,-11.842730,21.374714
11877.0000,-9.766592,-13.047871,20.980798
11878.0000,-10.209180,-10.224554,25.392599
11879.0000,-8.929486,-7.249789,27.496749
11880.0000,-5.877729,-8.899204,29.113055
11881.0000,-5.492387,-6.930633,25.525068
11882.0000,-7.721511,-8.707780,25.312850
11883.0000,-7.628169,-7.590072,24.823760
11884.0000,-5.908132,-2.771319,24.912538
11885.0000,-2.813390,-3.814751,26.712225
11886.0000,-4.638377,0.383409,29.925549
11887.0000,-9.739990,1.363496,31.494207
11888.0000,-9.534608,0.403301,29.555788
11889.0000,-10.492103,-1.197554,29.504208
11890.0000,-9.419530,-1.119352,29.179458
11891.0000,-11.295398,1.570262,27.638981
11892.0000,-11.873908,1.940073,27.761907
11893.0000,-14.056994,0.478760,25.368934
11894.0000,-16.322566,1.331415,27.751516
11895.0000,-15.507219,2.037751,25.587497
11896.0000,-14.313019,1.543215,24.959636
11897.0000,-10.552129,1.197867,21.310460
11898.0000,-11.767390,-1.099261,22.098527
11899.0000,-11.669533,0.904042,20.438019
11900.0000,-14.040231,4.337413,22.163406
11901.0000,-13.814314,1.659044,27.149819
11902.0000,-11.170763,-0.988959,30.262132
11903.0000,-13.198820,1.770259,29.794835
11904.0000,-11.735640,1.590809,29.308495
11905.0000,-12.888923,0.786365,29.005130
11906.0000,-10.881373,0.845250,28.757786
11907.0000,-11.309621,-1.372868,29.593222
11908.0000,-14.001893,-5.020713,32.090172
11909.0000,-17.158428,-6.649278,26.204057
11910.0000,-17.231644,-8.835841,26.253761
11911.0000,-14.412648,-11.025503,23.469265
11912.0000,-14.204631,-10.518226,24.082094
11913.0000,-13.413917,-7.256960,20.967561
11914.0000,-15.091409,-4.095671,22.949820
11915.0000,-14.335856,-4.668057,25.567749
11916.0000,-14.806863,-2.082537,27.974940
11917.0000,-17.116147,-4.566649,27.221644
11918.0000,-16.339993,-0.903803,27.116556
11919.0000,-15.789743,-1.474382,24.526758
11920.0000,-13.977413,-3.439656,24.490241
11921.0000,-16.740157,-4.674618,22.627314
11922.0000,-19.092240,-8.850220,19.987217
11923.0000,-19.563296,-8.823436,18.692497
11924.0000,-19.482666,-10.315450,18.897010
11925.0000,-21.517840,-10.667309,15.359214
11926.0000,-19.142496,-11.286607,16.697841
11927.0000,-19.426702,-10.576310,16.476338
11928.0000,-20.702282,-9.653713,18.411524
11929.0000,-14.925009,-10.123657,17.819574
11930.0000,-13.680593,-12.862269,19.047376
11931.0000,-15.235027,-16.020629,21.454726
11932.0000,-16.098251,-15.897662,20.048054
11933.0000,-18.075416,-18.237008,21.183837
11934.0000,-18.892913,-17.400805,20.828398
11935.0000,-16.271048,-12.435860,16.141367
11936.0000,-12.246829,-12.732340,16.657404
11937.0000,-14.795839,-11.772841,18.376787
11938.0000,-13.217739,-10.573491,18.577012
11939.0000,-13.007701,-7.096084,17.801893
11940.0000,-13.743050,-8.517614,14.200329
11941.0000,-14.164159,-8.859131,10.449431
11942.0000,-14.118992,-9.764492,8.568428
11943.0000,-14.517797,-11.475442,11.100479
11944.0000,-11.283594,-10.797320,12.917242
11945.0000,-10.126227,-7.642483,12.097471
11946.0000,-12.757351,-3.912637,13.561869
11947.0000,-12.575488,-1.498290,14.257548
11948.0000,-11.223477,2.454616,13.025031
11949.0000,-9.795646,1.371755,13.116723
11950.0000,-11.471235,0.565233,12.954293
11951.0000,-16.837298,1.237329,13.762869
11952.0000,-13.677046,3.352964,13.608751
11953.0000,-13.425540,4.488688,12.497911
11954.0000,-14.751570,5.333817,11.016029
11955.0000,-16.591840,4.646981,11.520202
11956.0000,-16.919408,3.411476,13.358375
11957.0000,-17.762207,3.291345,12.182599
11958.0000,-20.243791,4.335794,10.009241
11959.0000,-17.167124,6.309322,9.049278
11960.0000,-22.593696,8.102435,9.267884
11961.0000,-19.940549,10.131977,9.229161
11962.0000,-18.862557,12.376095,8.281745
11963.0000,-21.302501,10.974852,9.316394
11964.0000,-23.194399,9.977853,8.037152
11965.0000,-22.502178,8.234895,8.188640
11966.0000,-22.253640,8.986260,4.632134
11967.0000,-21.555634,7.563135,3.841551
11968.0000,-18.502314,7.361802,7.040352
11969.0000,-19.030914,8.841502,6.574153
11970.0000,-18.197747,6.916448,8.362195
11971.0000,-17.408842,5.248033,10.242434
11972.0000,-14.064156,3.802141,11.398295
11973.0000,-10.392682,0.456117,7.904990
11974.0000,-9.765830,2.288105,9.626487
11975.0000,-8.927062,3.463164,10.740537
11976.0000,-10.028645,4.414725,12.297689
11977.0000,-8.799788,3.023388,11.317148
11978.0000,-5.961453,4.091874,10.368462
11979.0000,-4.038503,5.145176,9.027100
11980.0000,-3.341363,6.421628,7.443802
11981.0000,-1.209898,2.536327,4.930364
11982.0000,1.246815,-1.615137,2.455196
11983.0000,1.474816,0.221200,1.896712
11984.0000,2.203166,1.237476,2.275328
11985.0000,3.124043,2.550005,5.082318
11986.0000,2.233646,0.489717,6.652763
11987.0000,1.276939,3.717496,5.354407
11988.0000,1.545581,3.262523,0.592072
11989.0000,1.445826,2.412172,-0.030141
11990.0000,3.822242,1.345126,1.107813
11991.0000,5.066361,2.696909,-0.262779
11992.0000,5.457570,2.101538,-2.264155
11993.0000,5.349756,6.778605,-0.580878
11994.0000,5.092156,6.480884,-0.182602
11995.0000,1.290694,6.891363,-1.795119
11996.0000,0.594350,7.833660,-2.687303
11997.0000,2.281606,9.044363,-0.908916
11998.0000,1.775348,6.817784,-2.812117
11999.0000,0.839342,7.458467,-1.379380
12000.0000,-1.528921,7.085780,-3.533175
12001.0000,1.112352,9.408411,-0.000088
12002.0000,5.294316,11.067521,-0.889280
12003.0000,5.386973,9.408712,-0.789234
12004.0000,5.516654,6.348914,-1.676003
12005.0000,7.965441,4.578991,-0.201302
12006.0000,5.390051,8.611661,2.008944
12007.0000,5.415722,8.220355,4.019606
12008.0000,5.411038,9.205948,3.325772
12009.0000,4.912536,8.381959,5.124536
12010.0000,1.705064,6.642338,1.590864
12011.0000,3.096000,5.312557,3.393336
12012.0000,4.436164,5.755597,2.273389
12013.0000,8.043303,4.675765,3.538961
12014.0000,6.422015,5.277528,4.520290
12015.0000,6.899049,6.532182,8.278191
12016.0000,6.845267,5.496548,5.763653
12017.0000,7.911257,5.272669,4.881886
12018.0000,8.767397,2.536840,2.494421
12019.0000,9.614093,5.688428,1.080256
12020.0000,8.559129,5.357851,3.618044
12021.0000,7.528525,5.080513,5.651798
12022.0000,10.641425,3.334379,5.920686
12023.0000,8.288767,2.139139,3.366849
12024.0000,8.767914,6.586002,1.506549
12025.0000,8.153388,7.361146,2.217364
12026.0000,9.286899,7.546819,1.895184
12027.0000,6.153877,8.380359,2.256021
12028.0000,6.322691,8.587442,-1.838095
12029.0000,6.567889,8.051326,-1.352814
12030.0000,5.637537,9.105121,2.273216
12031.0000,6.263226,12.611854,5.048033
12032.0000,6.617456,12.034065,4.734869
12033.0000,8.054271,10.739067,4.537465
12034.0000,9.531466,12.280954,2.002059
12035.0000,7.060326,11.695358,0.414877
12036.0000,4.644019,9.147470,-0.134624
12037.0000,3.608598,8.598339,-3.757850
12038.0000,2.718840,7.247815,-4.066115
12039.0000,5.310286,8.048440,-5.001444
12040.0000,4.312480,8.147313,-6.051696
12041.0000,2.308410,10.568664,-5.033084
12042.0000,1.347913,10.740098,-4.929852
12043.0000,1.277505,9.146514,-7.500264
12044.0000,2.370706,8.094093,-6.593139
12045.0000,3.921237,8.389889,-7.405989
12046.0000,2.627509,10.329969,-6.671928
12047.0000,1.844940,9.632268,-4.033455
12048.0000,8.180043,11.446340,-2.956897
12049.0000,9.275950,11.298076,-4.738494
12050.0000,7.225934,11.401898,-2.735479
12051.0000,9.111290,13.790074,-0.490142
12052.0000,8.734499,14.185888,-3.646009
12053.0000,10.480920,14.162045,-0.737578
12054.0000,8.694452,10.782206,0.113723
12055.0000,4.772719,7.201722,1.405563
12056.0000,1.262354,8.129200,1.984219
12057.0000,1.523492,11.760666,2.445014
12058.0000,2.066480,9.531263,-3.324015
12059.0000,-1.688016,9.513548,-0.386953
12060.0000,-0.796913,9.737697,0.378358
12061.0000,-0.066248,9.844826,-1.392820
12062.0000,-2.539554,8.412659,1.895059
12063.0000,-0.635737,9.052653,1.523648
12064.0000,1.378749,9.834469,0.921935
12065.0000,0.176373,10.802564,-0.410162
12066.0000,-1.638663,8.078157,-5.237096
12067.0000,-5.615041,8.803097,-3.338726
12068.0000,-6.438512,8.660992,-4.202588
12069.0000,-5.556450,9.958868,-4.099203
12070.0000,-5.361121,13.703318,-4.539521
12071.0000,-6.503681,16.056894,-6.129853
12072.0000,-2.347341,16.598255,-7.445715
12073.0000,-5.260367,18.723704,-10.953165
12074.0000,-5.959844,16.833992,-15.533231
12075.0000,-4.639961,16.854914,-14.415449
12076.0000,-6.483561,13.172795,-12.270849
12077.0000,-8.206215,11.609396,-11.230822
12078.0000,-11.058630,13.165085,-9.961172
12079.0000,-11.988072,13.894306,-9.783983
12080.0000,-15.323146,12.277580,-5.209186
12081.0000,-16.659494,15.911440,-5.934135
12082.0000,-15.345280,16.924968,-6.202422
12083.0000,-12.855863,13.871511,-9.717396
12084.0000,-11.519447,15.451773,-9.201870
12085.0000,-13.835592,11.890643,-10.885589
12086.0000,-14.252453,12.433144,-9.603882
12087.0000,-16.807727,12.044390,-2.843709
12088.0000,-15.693962,16.434058,-1.203643
12089.0000,-16.187914,16.462388,0.164016
12090.0000,-15.781070,16.441396,-0.479475
12091.0000,-15.463592,16.614639,-0.908793
12092.0000,-14.902454,14.614416,-0.995350
12093.0000,-17.534880,14.461459,0.643983
12094.0000,-19.745637,14.268050,-0.607316
12095.0000,-20.114884,16.072517,-1.000836
12096.0000,-22.652888,15.016380,-0.934304
12097.0000,-24.609572,13.473258,-3.019736
12098.0000,-26.319014,13.943842,-3.105551
12099.0000,-23.032108,17.725259,-8.597271
12100.0000,-23.475051,17.452635,-7.032396
12101.0000,-25.140957,19.666571,-10.437717
12102.0000,-23.243939,18.173279,-11.058476
12103.0000,-24.183980,17.002233,-10.036608
12104.0000,-22.697439,16.838090,-11.404204
12105.0000,-23.744883,12.457174,-10.199481
12106.0000,-22.183829,11.596858,-10.883657
12107.0000,-24.152921,9.575115,-11.005054
12108.0000,-24.103739,6.815081,-8.830096
12109.0000,-22.641066,7.452462,-7.574139
12110.0000,-22.438373,10.309522,-9.260553
12111.0000,-21.988803,13.504576,-8.313823
12112.0000,-19.282792,16.571997,-7.446217
12113.0000,-20.429723,14.984897,-10.123245
12114.0000,-21.058307,14.958742,-9.998061
12115.0000,-18.672713,14.807414,-12.217503
12116.0000,-19.027822,16.333640,-14.397519
12117.0000,-21.104314,17.924144,-16.322312
12118.0000,-21.764747,13.466130,-15.343062
12119.0000,-23.178621,15.513461,-15.338032
12120.0000,-19.091555,13.149933,-15.449090
12121.0000,-18.966883,14.059550,-16.019439
12122.0000,-19.709663,13.947060,-15.989428
12123.0000,-17.411868,14.133438,-20.366513
12124.0000,-19.056848,15.230354,-20.369486
12125.0000,-17.119628,16.185728,-20.439416
12126.0000,-15.117589,18.776308,-22.817790
12127.0000,-12.588900,20.178238,-24.347343
12128.0000,-10.595729,22.468477,-23.072247
12129.0000,-11.779649,21.961082,-22.204839
12130.0000,-12.162519,20.661509,-23.001846
12131.0000,-9.715460,18.790917,-22.596865
12132.0000,-6.558526,15.358202,-23.564001
12133.0000,-10.051943,18.300905,-25.554331
12134.0000,-10.220112,16.929459,-24.584511
12135.0000,-12.105260,15.959459,-22.389953
12136.0000,-11.180851,16.690507,-25.138370
12137.0000,-11.677277,15.921490,-25.825191
12138.0000,-14.209239,18.376163,-24.562577
12139.0000,-16.483267,21.218339,-25.322836
12140.0000,-17.793907,19.546928,-27.054943
12141.0000,-18.323643,17.733416,-24.855472
12142.0000,-18.773699,16.799065,-25.573145
12143.0000,-16.928496,15.793900,-24.424876
12144.0000,-18.212687,17.462222,-20.991436
12145.0000,-20.059210,16.422534,-21.890571
12146.0000,-21.596826,18.558944,-21.509439
12147.0000,-20.615570,19.876867,-20.773179
12148.0000,-18.529356,20.853567,-23.384948
12149.0000,-19.294496,20.588764,-20.110411
12150.0000,-18.625512,19.844721,-18.859116
12151.0000,-19.064328,21.505528,-17.285172
12152.0000,-20.192809,17.814997,-14.969900
12153.0000,-16.925391,19.075507,-16.998386
12154.0000,-15.961689,14.488776,-17.474013
12155.0000,-14.411972,12.815117,-18.257258
12156.0000,-11.383855,12.697035,-20.341405
12157.0000,-12.172545,17.660290,-16.924072
12158.0000,-12.070985,18.939826,-21.094405
12159.0000,-12.474529,21.813448,-23.015951
12160.0000,-11.881345,21.055741,-21.438324
12161.0000,-11.293582,23.705715,-18.649879
12162.0000,-10.942136,24.508086,-17.330061
12163.0000,-8.093116,25.561218,-16.640155
12164.0000,-10.441571,25.535154,-18.319406
12165.0000,-12.069019,25.296168,-17.293244
12166.0000,-15.091187,25.301112,-14.179619
12167.0000,-14.973338,26.073637,-15.585436
12168.0000,-13.631430,29.057250,-19.353076
12169.0000,-15.303163,32.322739,-22.945089
12170.0000,-16.252670,30.681457,-20.928531
12171.0000,-20.827090,28.098738,-21.865736
12172.0000,-18.362436,29.277726,-19.314532
12173.0000,-20.606398,32.589237,-18.713145
12174.0000,-18.460755,34.535055,-23.150016
12175.0000,-18.483047,33.535450,-22.365183
12176.0000,-18.024343,33.592845,-20.426458
12177.0000,-15.841638,33.278936,-21.272483
12178.0000,-12.000480,30.612333,-24.376903
12179.0000,-11.000711,28.381404,-22.728440
12180.0000,-7.840684,24.917034,-26.356280
12181.0000,-9.191910,26.697825,-26.231416
12182.0000,-9.206215,26.037503,-26.507790
12183.0000,-7.517898,28.689522,-26.316128
12184.0000,-9.176954,26.410089,-26.967481
12185.0000,-9.155575,25.884970,-27.963660
12186.0000,-6.291208,26.129409,-26.219907
12187.0000,-5.080679,24.688396,-26.231459
12188.0000,-5.358158,25.411680,-25.326729
12189.0000,-5.198021,26.772599,-25.736543
12190.0000,-4.887391,27.373146,-24.701076
12191.0000,-3.159361,24.032559,-24.701748
12192.0000,-3.812406,26.221138,-22.908116
12193.0000,-4.756210,23.061943,-21.758131
12194.0000,-4.897796,20.237270,-23.897340
12195.0000,-4.290273,17.638768,-18.666942
12196.0000,-2.615428,16.109585,-20.734904
12197.0000,-3.556599,14.424483,-21.552659
12198.0000,-4.443861,14.487925,-21.266784
12199.0000,-2.911248,15.671114,-21.111378
12200.0000,-5.055917,16.736269,-19.860607
12201.0000,-4.273973,16.710334,-21.350433
12202.0000,-2.758024,15.685618,-20.736453
12203.0000,-2.043029,15.285632,-22.499271
12204.0000,1.091259,14.516707,-22.230311
12205.0000,-1.794477,15.405966,-22.230741
12206.0000,-4.604267,14.661244,-20.333013
12207.0000,-1.395350,14.280600,-20.305405
12208.0000,-2.549723,12.932844,-20.296829
12209.0000,0.577661,15.278325,-21.042664
12210.0000,1.051083,13.476534,-24.106168
12211.0000,2.605133,14.916597,-26.623315
12212.0000,-1.048126,17.670602,-23.891441
12213.0000,-0.584868,18.628720,-23.491363
12214.0000,0.143165,17.911171,-20.582014
12215.0000,1.845128,21.623452,-24.585293
12216.0000,3.236706,24.303406,-24.572125
12217.0000,6.725756,26.189088,-26.213233
12218.0000,6.167726,26.179670,-26.915153
12219.0000,7.146482,22.589843,-26.453563
12220.0000,5.658130,23.157681,-23.528196
12221.0000,5.013444,21.355921,-23.810894
12222.0000,3.691202,21.218210,-23.958282
12223.0000,3.327174,21.089237,-20.998530
12224.0000,0.471533,20.419960,-20.533485
12225.0000,0.042226,23.038533,-22.165779
12226.0000,2.358524,25.600269,-24.346131
12227.0000,0.069835,25.303611,-22.989841
12228.0000,-2.177898,26.019285,-22.688784
12229.0000,-1.082655,25.465767,-22.246558
12230.0000,-1.167152,29.556976,-19.461177
12231.0000,-1.369411,30.348694,-19.721408
12232.0000,2.539015,30.985421,-20.113714
12233.0000,3.705333,32.395061,-18.392320
12234.0000,2.796139,34.029884,-19.060267
12235.0000,3.115923,32.512131,-21.960318
12236.0000,4.173404,30.787841,-21.326859
12237.0000,6.351488,29.321389,-19.951313
12238.0000,8.291014,27.123943,-19.926694
12239.0000,8.003808,23.927760,-20.302427
12240.0000,6.273329,21.303423,-23.688987
12241.0000,6.448823,22.322971,-22.336412
12242.0000,6.219130,24.002090,-22.134784
12243.0000,4.851191,21.446635,-19.954742
12244.0000,4.763985,22.330229,-17.902491
12245.0000,4.310890,21.231922,-16.358046
12246.0000,7.139462,22.758846,-17.550389
12247.0000,8.966595,20.965675,-15.550326
12248.0000,10.204894,19.360579,-15.962416
12249.0000,8.624027,19.306959,-18.182543
12250.0000,8.243052,17.925439,-19.522143
12251.0000,5.379135,18.104477,-17.359179
12252.0000,4.658472,18.218795,-18.620136
12253.0000,3.647647,18.583433,-18.319755
12254.0000,2.517725,18.436518,-22.838686
12255.0000,-1.860561,16.433170,-21.738577
12256.0000,-0.410712,16.575583,-20.557936
12257.0000,-2.431025,17.510745,-21.610913
12258.0000,-0.357037,18.810715,-21.609142
12259.0000,-0.979995,18.894887,-19.450216
12260.0000,0.155944,19.011330,-19.574062
12261.0000,-1.558176,16.672173,-19.432081
12262.0000,-1.291434,15.407229,-18.048610
12263.0000,1.391621,16.094016,-17.946606
12264.0000,1.197121,15.901903,-17.312510
12265.0000,-1.540255,13.275223,-18.965834
12266.0000,-0.711534,13.988369,-22.075003
12267.0000,-1.788396,15.666405,-23.124396
12268.0000,-1.061187,13.485150,-24.617629
12269.0000,-0.216311,12.631276,-24.226860
12270.0000,0.790270,13.273808,-22.663474
12271.0000,2.586458,12.648749,-22.847506
12272.0000,4.669795,14.362825,-25.723601
12273.0000,2.940251,16.412101,-25.361987
12274.0000,3.896713,12.622379,-25.013507
12275.0000,2.666574,15.021642,-24.114609
12276.0000,1.215270,17.043559,-25.560719
12277.0000,-2.077448,16.164926,-25.432334
12278.0000,1.563216,17.688150,-23.256145
12279.0000,3.192315,19.664630,-22.009655
12280.0000,5.768944,17.234080,-21.007563
12281.0000,4.061789,15.351367,-20.323109
12282.0000,0.955620,14.827526,-21.380910
12283.0000,1.328406,15.390935,-20.998193
12284.0000,1.593516,14.598820,-20.716227
12285.0000,3.039108,15.747379,-21.474005
12286.0000,5.271288,15.753713,-23.405120
12287.0000,6.754873,15.598085,-22.316919
12288.0000,8.005093,14.689579,-20.384612
12289.0000,10.910204,15.110535,-20.467909
12290.0000,8.664576,13.435828,-18.213520
12291.0000,5.860593,14.634530,-15.220302
12292.0000,4.022679,10.701934,-16.462949
12293.0000,1.790800,11.567175,-16.340194
12294.0000,4.212975,7.051418,-13.883778
12295.0000,2.617334,4.617530,-15.685854
12296.0000,2.927984,6.251344,-15.481538
12297.0000,2.346056,5.438049,-14.779833
12298.0000,4.666076,5.470051,-12.932064
12299.0000,6.587224,6.457279,-11.866964
12300.0000,7.454746,5.132756,-13.193262
12301.0000,7.441975,5.024328,-12.615280
12302.0000,4.879561,3.573664,-13.150081
12303.0000,8.200007,3.272682,-12.839002
12304.0000,8.251623,3.269770,-10.556045
12305.0000,8.369721,2.176191,-12.322446
12306.0000,8.143351,2.465418,-14.215387
12307.0000,6.483290,2.559558,-14.086060
12308.0000,2.856072,3.182216,-14.565979
12309.0000,0.954891,1.514906,-15.568762
12310.0000,2.296852,-0.262841,-20.776145
12311.0000,1.579472,0.415592,-18.069836
12312.0000,1.845785,1.018560,-19.805537
12313.0000,2.863511,-0.233194,-23.270182
12314.0000,6.965690,-1.407103,-20.149553
12315.0000,3.712293,-1.885410,-18.246623
12316.0000,7.131996,0.580610,-16.678652
12317.0000,8.459960,-0.655777,-16.666309
12318.0000,9.229792,-2.455392,-18.305710
12319.0000,9.187293,-2.491561,-19.770908
12320.0000,8.412460,0.392159,-17.798426
12321.0000,7.082320,2.111897,-18.167251
12322.0000,9.309210,-2.393746,-17.826054
12323.0000,6.157051,-4.065042,-18.161451
12324.0000,4.128333,-6.227911,-18.530575
12325.0000,4.683197,-10.150034,-16.176153
12326.0000,8.010863,-10.543889,-15.848185
12327.0000,4.329073,-9.194289,-18.513638
12328.0000,1.186519,-8.406497,-16.827021
12329.0000,2.519847,-8.362275,-15.114866
12330.0000,1.532906,-8.244595,-12.090255
12331.0000,4.085009,-9.236776,-13.356308
12332.0000,7.697056,-7.767017,-11.044943
12333.0000,5.904090,-5.976223,-9.993101
12334.0000,5.499853,-6.453716,-10.433504
12335.0000,6.543329,-8.053449,-14.294444
12336.0000,8.568130,-7.209005,-13.548412
12337.0000,7.473081,-4.419386,-14.802588
12338.0000,7.283991,-4.766301,-14.835681
12339.0000,4.907133,-6.149404,-13.071367
12340.0000,3.734645,-4.336009,-13.183284
12341.0000,1.845976,-4.051235,-14.219538
12342.0000,1.196493,-1.756198,-13.398141
12343.0000,2.146984,-0.747895,-12.772445
12344.0000,2.625361,-0.526872,-14.021293
12345.0000,5.202041,2.134289,-15.318768
12346.0000,5.988777,2.778569,-13.682665
12347.0000,3.607089,6.465515,-14.060085
12348.0000,6.877156,4.282023,-15.580716
12349.0000,10.263814,6.079701,-14.285052
12350.0000,12.423849,6.458349,-14.177546
12351.0000,12.262539,5.037848,-17.334478
12352.0000,11.274981,3.974540,-16.236784
12353.0000,10.931336,4.492239,-13.184847
12354.0000,10.802925,3.919274,-15.169234
12355.0000,13.643837,4.787033,-14.242495
12356.0000,13.644642,3.001687,-17.519289
12357.0000,14.423288,0.648481,-20.524756
12358.0000,14.872414,0.219870,-19.541908
12359.0000,17.135308,-1.563453,-17.321538
12360.0000,14.278427,-3.168646,-16.822864
12361.0000,13.710718,-4.751080,-16.256087
12362.0000,12.118908,-7.095656,-16.722277
12363.0000,12.642935,-9.529289,-15.257977
12364.0000,14.116462,-11.402647,-13.197786
12365.0000,12.667254,-10.613201,-14.403928
12366.0000,10.117166,-12.380726,-14.700225
12367.0000,8.562596,-11.922112,-13.345281
12368.0000,9.878912,-14.788654,-13.504724
12369.0000,8.768671,-16.205517,-12.430720
12370.0000,10.107455,-17.039537,-12.688021
12371.0000,11.390732,-17.706040,-14.654633
12372.0000,10.091813,-22.636968,-14.190489
12373.0000,8.513679,-26.771792,-13.700312
12374.0000,10.123384,-24.191099,-14.860072
12375.0000,11.827068,-24.736469,-13.891712
12376.0000,13.432803,-23.899244,-16.669076
12377.0000,11.020504,-25.132108,-18.433449
12378.0000,7.384595,-25.369170,-19.656965
12379.0000,4.838476,-23.121232,-18.018296
12380.0000,2.156818,-20.728974,-17.898296
12381.0000,3.673013,-21.713015,-14.265889
12382.0000,1.843579,-20.581753,-14.524692
12383.0000,4.261126,-22.094657,-15.617127
12384.0000,2.517393,-23.779357,-15.215518
12385.0000,2.315919,-23.997636,-16.768033
12386.0000,3.022393,-27.708442,-16.922479
12387.0000,4.386729,-27.070223,-18.124082
12388.0000,6.213736,-25.695998,-16.848299
12389.0000,4.324095,-28.442706,-22.350796
12390.0000,8.854649,-26.917452,-20.080375
12391.0000,6.960635,-26.766291,-24.199316
12392.0000,6.375917,-24.102477,-25.697113
12393.0000,5.771634,-24.737936,-25.087745
12394.0000,6.283990,-24.899683,-24.409950
12395.0000,3.306169,-25.441089,-25.350552
12396.0000,0.820316,-25.961318,-25.314439
12397.0000,-0.909798,-24.537665,-23.879228
12398.0000,-2.493801,-25.401267,-26.157194
12399.0000,-1.435891,-27.067206,-26.282778
12400.0000,-1.647698,-27.553399,-23.817117
12401.0000,1.654821,-27.033152,-26.613865
12402.0000,0.696298,-28.539489,-23.947789
12403.0000,2.779226,-28.567707,-22.102654
12404.0000,8.241370,-26.297340,-20.044828
12405.0000,5.613384,-25.709034,-19.504352
12406.0000,6.791808,-25.781147,-20.236229
12407.0000,6.886848,-24.438718,-23.418943
12408.0000,3.394602,-24.783060,-24.815539
12409.0000,3.134257,-22.325855,-22.753643
12410.0000,2.735672,-18.583859,-22.500832
12411.0000,7.007841,-21.971032,-23.044256
12412.0000,6.669435,-25.539669,-23.655394
12413.0000,4.714667,-25.721298,-22.661594
12414.0000,3.349752,-28.805394,-25.968663
12415.0000,5.534014,-30.558288,-25.526009
12416.0000,5.219526,-29.890009,-25.491271
12417.0000,7.654499,-31.669572,-25.934105
12418.0000,8.571003,-31.510853,-24.205060
12419.0000,6.265011,-32.529188,-23.099073
12420.0000,10.174931,-33.218117,-22.149114
12421.0000,13.033128,-34.741707,-24.450060
12422.0000,17.729277,-36.752484,-25.829437
12423.0000,17.208147,-35.010541,-24.445357
12424.0000,20.784019,-35.686780,-22.296254
12425.0000,20.660368,-32.556187,-23.955172
12426.0000,18.872685,-32.281353,-22.779834
12427.0000,14.004168,-32.211444,-24.674966
12428.0000,13.557761,-31.799882,-27.874836
12429.0000,13.941670,-31.729270,-29.548016
12430.0000,14.938728,-30.463852,-28.633515
12431.0000,15.585141,-29.140629,-28.915504
12432.0000,14.530640,-31.639956,-27.394871
12433.0000,12.062530,-31.500904,-23.544168
12434.0000,13.605516,-33.277016,-24.151615
12435.0000,9.465303,-33.257175,-25.574207
12436.0000,8.594275,-32.136602,-23.550222
12437.0000,8.222855,-28.937032,-24.265106
12438.0000,10.823298,-28.722970,-26.428650
12439.0000,10.609551,-29.282938,-26.070279
12440.0000,10.793230,-28.545177,-27.139329
12441.0000,15.341411,-29.079281,-25.468647
12442.0000,15.066580,-31.627987,-24.354829
12443.0000,14.164995,-30.995265,-27.382330
12444.0000,10.743954,-24.612966,-24.300199
12445.0000,11.232976,-27.496766,-27.031495
12446.0000,13.328851,-24.187810,-27.531889
12447.0000,15.260628,-27.572932,-27.502053
12448.0000,11.272391,-27.512522,-23.992965
12449.0000,14.356590,-28.324131,-24.742802
12450.0000,16.397939,-27.229877,-28.477633
12451.0000,16.628791,-27.139530,-28.366048
12452.0000,15.862813,-28.511772,-23.847518
12453.0000,17.136334,-30.223811,-24.677911
12454.0000,17.045617,-31.587760,-24.074596
12455.0000,17.292827,-31.819721,-23.311782
12456.0000,17.192842,-30.977528,-20.654326
12457.0000,16.746936,-28.988836,-21.435111
12458.0000,19.683750,-30.417772,-18.299333
12459.0000,23.654388,-32.543995,-17.357461
12460.0000,22.560992,-32.156467,-20.808898
12461.0000,21.045759,-32.268604,-18.522951
12462.0000,21.383867,-29.472941,-18.958531
12463.0000,24.280669,-26.680295,-19.419496
12464.0000,20.593659,-22.545603,-18.150909
12465.0000,18.343433,-23.237068,-20.322568
12466.0000,15.568818,-21.354470,-21.922581
12467.0000,15.573589,-22.640495,-22.181437
12468.0000,16.326657,-22.797514,-22.675705
12469.0000,16.712667,-25.800200,-20.689359
12470.0000,16.647226,-28.096739,-21.109363
12471.0000,15.316330,-27.272477,-22.616956
12472.0000,13.342719,-28.482903,-23.219738
12473.0000,14.490709,-24.905318,-24.439227
12474.0000,19.049614,-23.446322,-23.300281
12475.0000,17.660824,-27.183932,-20.532599
12476.0000,16.638161,-27.801589,-19.189755
12477.0000,18.468990,-28.717420,-17.938465
12478.0000,17.125272,-26.333157,-19.538720
12479.0000,18.805804,-27.887790,-22.212965
12480.0000,19.932057,-24.724319,-17.007447
12481.0000,20.686786,-24.058732,-17.572562
12482.0000,21.007607,-20.041605,-17.276955
12483.0000,21.088505,-19.366176,-18.274013
12484.0000,19.621822,-19.913141,-16.109731
12485.0000,18.714502,-16.202171,-13.608555
12486.0000,21.830069,-17.500673,-17.674926
12487.0000,19.361177,-16.862296,-16.688551
12488.0000,21.132362,-18.053518,-17.343408
12489.0000,19.656144,-20.933303,-16.455682
12490.0000,18.381761,-23.081177,-15.581108
12491.0000,18.945817,-25.984138,-16.014311
12492.0000,20.400369,-28.419608,-17.397579
12493.0000,19.461145,-27.141172,-16.433977
12494.0000,20.559680,-28.578756,-16.990179
12495.0000,18.326369,-25.874036,-17.548996
12496.0000,19.951595,-25.833197,-19.408250
12497.0000,19.551451,-29.702929,-16.667337
12498.0000,21.280809,-27.556256,-15.632550
12499.0000,24.637213,-28.634094,-15.151955
12500.0000,20.940380,-26.272403,-19.295347
12501.0000,19.452348,-28.623669,-18.920608
12502.0000,19.125282,-29.434790,-15.063596
12503.0000,16.246021,-29.681988,-10.992136
12504.0000,15.333169,-27.703401,-12.854191
12505.0000,17.093853,-29.755263,-14.633865
12506.0000,17.981231,-29.755060,-13.924525
12507.0000,18.241345,-28.632021,-13.186593
12508.0000,14.196168,-28.920566,-12.576051
12509.0000,11.502664,-28.631006,-10.534033
12510.0000,10.350133,-30.313332,-11.671477
12511.0000,10.249505,-31.543453,-13.527609
12512.0000,11.491117,-31.311261,-10.151808
12513.0000,6.411600,-29.466108,-8.112434
12514.0000,7.287432,-27.316170,-12.660169
12515.0000,9.422994,-27.250667,-11.132566
12516.0000,8.959426,-25.864695,-11.933526
12517.0000,10.593270,-26.395077,-13.184752
12518.0000,10.140337,-24.176248,-11.228336
12519.0000,9.350145,-24.609133,-13.465460
12520.0000,7.152614,-20.141155,-12.091853
12521.0000,6.576465,-20.850004,-15.080656
12522.0000,7.015861,-23.298577,-14.711245
12523.0000,9.193074,-21.034366,-10.399861
12524.0000,9.551190,-18.528326,-13.275352
12525.0000,7.224521,-20.365658,-13.025417
12526.0000,8.897448,-18.392645,-10.376296
12527.0000,11.399192,-18.860561,-11.290765
12528.0000,11.933102,-19.748960,-10.191760
12529.0000,10.305216,-16.747310,-9.298426
12530.0000,10.269239,-16.132165,-7.407255
12531.0000,11.473901,-17.754730,-8.103849
12532.0000,13.654741,-17.140296,-7.021413
12533.0000,15.088759,-16.938242,-8.219516
12534.0000,11.424886,-18.051673,-10.297428
12535.0000,7.524817,-16.360023,-10.212572
12536.0000,9.347090,-14.976388,-9.467366
12537.0000,7.370368,-14.434031,-9.216301
12538.0000,9.612759,-16.434926,-8.098621
12539.0000,8.324714,-11.803323,-10.856160
12540.0000,9.665161,-12.756858,-13.724047
12541.0000,10.549339,-12.262944,-15.782850
12542.0000,15.080310,-11.907537,-16.971907
12543.0000,15.392490,-10.961008,-16.897649
12544.0000,15.001241,-10.501950,-13.127780
12545.0000,17.820402,-10.243067,-11.273284
12546.0000,16.231416,-12.084448,-11.064794
12547.0000,20.067249,-9.101054,-10.651258
12548.0000,21.209744,-11.899749,-12.791413
12549.0000,19.801253,-14.848237,-11.233468
12550.0000,23.159596,-13.181674,-11.287427
12551.0000,18.682834,-9.388797,-15.286028
12552.0000,19.329737,-11.731557,-16.408824
12553.0000,22.612930,-12.670227,-16.248212
12554.0000,21.954300,-12.412469,-19.405214
12555.0000,23.468930,-11.862554,-14.158050
12556.0000,22.383486,-14.249703,-12.515481
12557.0000,23.825858,-16.915585,-13.513846
12558.0000,21.268176,-17.292469,-10.119915
12559.0000,18.807842,-18.082803,-10.675990
12560.0000,20.569360,-18.130970,-11.005903
12561.0000,20.201383,-17.357221,-11.993128
12562.0000,13.717925,-18.908248,-9.231075
12563.0000,15.968083,-18.167219,-11.372669
12564.0000,14.966788,-16.606092,-10.071599
12565.0000,12.994772,-17.213896,-9.860411
12566.0000,14.792162,-19.237127,-5.631909
12567.0000,14.056733,-17.798959,-7.893915
12568.0000,11.366418,-17.520659,-8.688479
12569.0000,6.928953,-17.212709,-7.684765
12570.0000,8.021591,-17.263078,-8.353748
12571.0000,7.752925,-18.268199,-6.835709
12572.0000,8.457436,-17.335210,-7.289625
12573.0000,6.343573,-12.753471,-6.899358
12574.0000,8.783991,-14.457873,-5.776544
12575.0000,4.744938,-14.905235,-7.004443
12576.0000,4.540330,-15.211073,-8.852197
12577.0000,7.252296,-13.108857,-10.001557
12578.0000,6.994407,-11.209222,-10.056211
12579.0000,7.789005,-12.114003,-6.833471
12580.0000,6.666535,-13.579679,-6.142844
12581.0000,5.215595,-14.924823,-6.298799
12582.0000,5.085757,-12.583068,-5.143694
12583.0000,3.395957,-12.439229,-5.714111
12584.0000,4.539792,-14.582337,-6.589762
12585.0000,2.368716,-13.268171,-9.088451
12586.0000,2.532780,-12.122784,-10.220262
12587.0000,2.027897,-13.534819,-8.150438
12588.0000,2.473743,-14.369825,-8.072425
12589.0000,1.412172,-12.903688,-9.065398
12590.0000,-1.701707,-12.729928,-9.509806
12591.0000,-3.788322,-14.466977,-12.249702
12592.0000,-2.888271,-13.939931,-7.111371
12593.0000,-2.971762,-17.715677,-6.061843
12594.0000,-5.502068,-15.718036,-7.404288
12595.0000,-2.330942,-18.653724,-8.231365
12596.0000,-4.901380,-17.566426,-9.312904
12597.0000,-6.256486,-14.629374,-11.459872
12598.0000,-3.858319,-15.524434,-13.655763
12599.0000,-1.479598,-13.698749,-15.250756
12600.0000,-2.914254,-14.194928,-12.922276
12601.0000,-2.849094,-16.260861,-14.980012
12602.0000,-0.893789,-15.951666,-15.361674
12603.0000,-0.309816,-17.165275,-12.739635
12604.0000,-0.175978,-18.361379,-13.714168
12605.0000,0.558002,-17.442417,-12.750208
12606.0000,3.153892,-18.715234,-13.796143
12607.0000,2.885451,-19.398899,-14.676285
12608.0000,0.853318,-16.086626,-15.693770
12609.0000,0.981195,-17.457182,-15.914115
12610.0000,1.742484,-16.675437,-15.220368
12611.0000,-0.874807,-16.279742,-12.985975
12612.0000,-0.414157,-16.270205,-15.319551
12613.0000,-2.499579,-17.500635,-15.432800
12614.0000,-0.618166,-14.046136,-12.310298
12615.0000,-3.062034,-11.666469,-13.077464
12616.0000,-0.035170,-17.454001,-13.189365
12617.0000,2.425934,-17.435238,-13.945253
12618.0000,2.527849,-14.691252,-13.795176
12619.0000,4.302941,-14.474344,-13.451025
12620.0000,3.566129,-17.721567,-13.592881
12621.0000,0.779789,-19.387883,-14.555554
12622.0000,4.026367,-14.783380,-15.114940
12623.0000,1.585527,-13.983230,-14.212314
12624.0000,2.709985,-12.645065,-14.646976
12625.0000,2.721545,-14.442871,-17.578383
12626.0000,1.322308,-15.565092,-16.326596
12627.0000,1.827859,-14.835402,-17.995012
12628.0000,2.247016,-13.004253,-17.720575
12629.0000,4.956942,-12.464273,-13.260393
12630.0000,2.680191,-12.675425,-12.885318
12631.0000,2.019702,-9.865630,-13.599357
12632.0000,-0.622864,-11.586726,-11.892688
12633.0000,-0.594042,-13.299585,-13.629576
12634.0000,-1.750448,-12.079979,-12.947919
12635.0000,-1.911323,-13.126228,-12.613015
12636.0000,-0.937981,-12.626723,-16.180703
12637.0000,-3.144107,-12.209831,-15.496633
12638.0000,-6.992729,-12.266870,-14.984830
12639.0000,-5.572509,-14.453004,-13.872438
12640.0000,-4.654364,-11.581942,-14.850968
12641.0000,-4.909957,-9.232491,-16.959464
12642.0000,-4.947702,-14.328293,-15.970096
12643.0000,-8.923345,-15.099949,-17.637305
12644.0000,-7.380034,-17.681716,-18.140271
12645.0000,-6.136306,-16.991237,-15.086945
12646.0000,-5.607152,-14.175532,-15.983289
12647.0000,-5.505405,-13.953425,-15.906278
12648.0000,-9.711494,-13.935860,-13.216697
12649.0000,-13.374743,-15.754056,-13.158769
12650.0000,-11.371292,-16.386694,-12.983247
12651.0000,-11.257481,-16.334603,-12.788504
12652.0000,-13.855712,-15.364182,-11.996126
12653.0000,-15.155274,-18.017320,-11.612904
12654.0000,-12.798580,-17.996886,-11.026245
12655.0000,-13.404181,-20.334970,-11.072608
12656.0000,-13.695393,-19.892109,-9.860194
12657.0000,-18.639670,-20.245405,-10.949100
12658.0000,-17.811367,-19.828230,-11.213544
12659.0000,-19.141046,-23.359123,-12.380706
12660.0000,-19.177538,-25.278699,-8.920600
12661.0000,-20.088896,-27.973677,-10.404350
12662.0000,-20.224049,-30.834451,-11.104625
12663.0000,-20.642592,-28.730264,-10.162196
12664.0000,-21.051224,-29.017749,-8.512514
12665.0000,-21.094433,-30.588210,-11.475753
12666.0000,-18.582320,-28.484173,-13.423545
12667.0000,-19.797872,-26.408160,-12.831921
12668.0000,-19.024750,-23.317538,-15.176745
12669.0000,-19.333303,-22.539361,-15.481946
12670.0000,-20.141567,-21.576803,-13.919113
12671.0000,-19.253282,-20.724292,-14.208498
12672.0000,-20.270829,-20.922124,-12.317167
12673.0000,-21.870240,-18.710017,-10.385993
12674.0000,-22.755570,-17.627679,-13.876282
12675.0000,-22.518943,-20.021881,-9.434256
12676.0000,-22.418067,-21.724232,-9.014303
12677.0000,-23.788649,-18.479766,-8.781694
12678.0000,-25.341170,-16.877120,-7.540933
12679.0000,-24.205353,-20.708696,-6.098270
12680.0000,-22.467490,-19.412574,-6.555467
12681.0000,-21.097859,-17.318322,-9.682834
12682.0000,-23.526659,-14.749234,-11.605177
12683.0000,-25.495352,-12.773948,-12.260555
12684.0000,-25.244003,-10.906741,-11.856176
12685.0000,-23.027059,-14.293230,-12.344265
12686.0000,-22.739670,-15.541748,-12.537359
12687.0000,-22.791321,-13.477850,-10.142908
12688.0000,-24.886297,-11.444038,-14.099337
12689.0000,-24.939004,-12.843929,-14.683728
12690.0000,-23.838709,-12.154379,-15.544134
12691.0000,-20.651278,-10.077512,-16.328003
12692.0000,-18.311955,-12.493796,-15.895483
12693.0000,-17.060899,-10.727376,-13.078241
12694.0000,-17.279938,-11.530739,-14.861859
12695.0000,-14.574451,-11.775915,-14.783044
12696.0000,-11.536774,-12.436299,-11.467706
12697.0000,-12.001766,-14.974286,-10.145277
12698.0000,-13.362768,-14.085999,-11.523848
12699.0000,-10.964479,-10.735106,-11.679195
12700.0000,-11.355502,-13.932308,-12.159046
12701.0000,-9.794396,-12.843436,-10.422128
12702.0000,-11.119368,-13.225068,-9.930346
12703.0000,-12.415952,-11.867886,-9.470075
12704.0000,-12.659897,-11.453768,-10.104696
12705.0000,-11.107317,-12.746872,-9.814347
12706.0000,-12.399261,-14.781955,-13.345326
12707.0000,-12.143457,-15.088172,-11.608353
12708.0000,-9.695317,-15.645585,-8.729131
12709.0000,-11.447366,-14.513104,-6.031910
12710.0000,-7.540853,-17.019215,-6.745855
12711.0000,-10.267097,-14.661104,-7.306161
12712.0000,-9.882292,-13.248374,-5.451453
12713.0000,-12.566923,-9.851050,-6.626114
12714.0000,-12.228086,-8.340160,-9.079237
12715.0000,-11.901180,-8.486619,-9.391484
12716.0000,-11.324844,-10.579941,-6.476661
12717.0000,-12.692339,-12.240847,-4.926950
12718.0000,-11.420255,-13.147024,-4.035582
12719.0000,-11.613188,-14.197079,-4.411264
12720.0000,-11.118208,-16.021534,-6.747115
12721.0000,-12.413000,-16.384935,-5.053747
12722.0000,-15.565682,-15.981830,-6.020011
12723.0000,-13.525835,-16.478966,-3.933373
12724.0000,-15.670689,-15.776698,-5.710309
12725.0000,-14.861772,-16.899020,-5.355055
12726.0000,-13.342179,-13.237898,-5.794192
12727.0000,-11.842429,-13.803148,-7.996947
12728.0000,-13.277469,-13.702739,-7.948873
12729.0000,-12.688721,-15.116884,-7.433113
12730.0000,-12.204958,-14.003604,-4.156149
12731.0000,-12.296321,-13.025391,-4.205635
12732.0000,-13.513455,-10.161502,-5.104291
12733.0000,-11.642381,-11.574428,-2.912732
12734.0000,-11.152110,-13.118291,-1.687024
12735.0000,-12.752264,-13.240018,0.056576
12736.0000,-11.425136,-11.301429,-0.926450
12737.0000,-11.936308,-11.578404,0.883809
12738.0000,-12.722599,-12.786794,-2.413825
12739.0000,-14.920496,-13.089840,-7.784009
12740.0000,-15.932916,-13.416906,-10.778641
12741.0000,-16.411372,-13.190673,-9.775239
12742.0000,-17.483381,-14.481793,-7.425920
12743.0000,-17.699576,-10.889472,-7.376445
12744.0000,-21.516165,-10.722221,-8.849604
12745.0000,-22.077807,-12.949535,-9.700809
12746.0000,-22.108186,-9.814574,-9.388073
12747.0000,-20.685930,-11.145854,-8.687722
12748.0000,-18.536167,-13.378248,-7.616904
12749.0000,-20.902609,-13.208864,-5.843058
12750.0000,-17.765680,-12.618239,-7.919116
12751.0000,-16.536578,-14.276992,-8.105398
12752.0000,-16.432120,-15.472376,-8.039066
12753.0000,-14.104040,-17.666944,-7.421092
12754.0000,-12.290561,-17.269984,-6.509769
12755.0000,-11.667221,-15.561765,-3.270572
12756.0000,-11.259242,-14.618266,0.596189
12757.0000,-10.886138,-15.530825,1.288902
12758.0000,-11.882829,-15.394646,0.125270
12759.0000,-11.821900,-16.648108,0.449741
12760.0000,-15.678751,-15.756569,2.522740
12761.0000,-17.552577,-17.765979,2.138829
12762.0000,-17.471263,-17.261043,2.377442
12763.0000,-18.030704,-13.643364,2.559037
12764.0000,-17.511509,-16.915679,4.899752
12765.0000,-12.983928,-21.021708,2.666084
12766.0000,-13.867525,-17.984631,4.550051
12767.0000,-12.632453,-18.141947,2.689989
12768.0000,-13.292887,-16.020944,0.321576
12769.0000,-13.461865,-16.975915,0.261760
12770.0000,-15.023508,-17.654256,-3.518009
12771.0000,-14.575183,-17.594981,-1.568248
12772.0000,-17.288365,-19.316450,-3.377201
12773.0000,-18.595951,-20.206012,-2.246364
12774.0000,-20.338735,-17.813389,-6.445916
12775.0000,-17.071551,-18.752758,-6.632165
12776.0000,-16.938118,-20.868983,-7.094903
12777.0000,-19.454103,-20.473600,-5.336090
12778.0000,-15.838274,-20.025435,-6.018610
12779.0000,-20.011194,-15.689248,-5.288568
12780.0000,-20.994888,-17.260438,-6.227019
12781.0000,-20.946112,-17.710771,-8.162896
12782.0000,-23.606802,-18.361943,-11.731411
12783.0000,-22.197893,-19.585778,-10.044900
12784.0000,-21.276009,-18.020575,-9.904048
12785.0000,-18.568745,-16.643871,-7.798630
12786.0000,-17.786247,-18.468501,-5.007150
12787.0000,-16.949284,-16.697679,-4.324675
12788.0000,-17.634342,-17.532672,-5.592719
12789.0000,-19.092329,-19.097839,-2.854596
12790.0000,-17.259436,-18.110104,0.134342
12791.0000,-15.951818,-15.596342,0.329139
12792.0000,-16.719906,-14.765691,-0.334053
12793.0000,-13.567452,-16.871015,0.855689
12794.0000,-15.591164,-15.567109,0.227454
12795.0000,-10.546929,-14.828745,1.633876
12796.0000,-14.050499,-17.265314,0.750128
12797.0000,-14.013886,-16.169262,0.685049
12798.0000,-10.842212,-12.842430,-0.665280
12799.0000,-13.134850,-12.792401,1.762948
12800.0000,-14.639814,-13.444626,-0.253060
12801.0000,-13.773970,-12.541797,-4.007248
12802.0000,-15.807510,-9.454919,-6.603096
12803.0000,-15.102436,-8.318024,-6.705905
12804.0000,-13.342756,-10.457943,-5.239187
12805.0000,-10.041203,-12.583977,-2.568325
12806.0000,-14.046391,-13.435376,-0.340365
12807.0000,-17.975298,-12.684344,-0.476585
12808.0000,-18.627117,-13.572282,-4.472135
12809.0000,-18.449129,-12.950040,-4.320895
12810.0000,-15.108988,-12.938622,-3.835427
12811.0000,-13.289992,-17.680319,-3.254282
12812.0000,-11.497386,-13.692430,-0.621185
12813.0000,-10.636861,-10.964936,-2.912185
12814.0000,-8.073694,-9.032220,-1.867700
12815.0000,-7.073706,-5.463677,-2.773949
12816.0000,-8.807782,-4.055600,-2.869408
12817.0000,-8.305490,-4.761286,-2.351061
12818.0000,-5.679497,-5.230345,-3.277647
12819.0000,-6.727673,-3.505584,-1.818799
12820.0000,-5.519631,-5.364201,-2.950371
12821.0000,-5.253117,-4.257538,-4.214560
12822.0000,-6.787415,-4.977545,-1.363981
12823.0000,-8.422765,-10.583919,-1.824424
12824.0000,-6.990011,-11.463631,-0.401147
12825.0000,-7.609995,-12.285279,0.260332
12826.0000,-9.519472,-11.106538,0.732442
12827.0000,-8.757497,-13.669754,0.518148
12828.0000,-5.605070,-12.560530,0.723738
12829.0000,-8.334383,-13.763961,0.220850
12830.0000,-9.144833,-11.768262,3.114398
12831.0000,-11.106917,-8.793918,5.182363
12832.0000,-8.207130,-8.808791,6.019833
12833.0000,-7.106762,-7.259288,5.621807
12834.0000,-6.673739,-7.278052,7.332684
12835.0000,-9.424493,-9.561261,7.516621
12836.0000,-5.788816,-11.164381,9.158876
12837.0000,-3.308274,-13.034518,7.970429
12838.0000,-0.250202,-14.042331,8.238507
12839.0000,2.180950,-12.419237,7.689756
12840.0000,-0.111552,-9.245739,5.822372
12841.0000,1.042820,-11.558818,4.269870
12842.0000,-0.122658,-13.502113,4.918514
12843.0000,0.252995,-12.423974,2.427423
12844.0000,1.898480,-12.502822,2.376397
12845.0000,0.410104,-12.375867,-1.841097
12846.0000,-1.822540,-10.559921,-6.880344
12847.0000,-5.458245,-5.391648,-3.701931
12848.0000,-6.810190,-9.025441,-4.731622
12849.0000,-11.426446,-11.937665,-3.415940
12850.0000,-11.857804,-9.483533,-1.899045
12851.0000,-15.200309,-12.070497,-3.421977
12852.0000,-14.509327,-9.735751,-4.787608
12853.0000,-11.478370,-5.985773,-2.283252
12854.0000,-8.053241,-6.194268,-0.807543
12855.0000,-9.077688,-7.129801,1.358208
12856.0000,-6.509883,-11.080993,-0.788210
12857.0000,-3.186379,-12.812342,2.114219
12858.0000,-4.566676,-13.006102,0.441490
12859.0000,-2.142211,-12.145474,0.839692
12860.0000,0.410343,-12.196107,1.120327
12861.0000,0.223957,-10.025235,0.804676
12862.0000,-1.181302,-10.664810,0.119874
12863.0000,-0.749100,-12.673381,-0.657600
12864.0000,1.211219,-12.512837,-0.577696
12865.0000,-1.793858,-10.197552,1.676665
12866.0000,-5.512053,-8.658854,1.857287
12867.0000,-8.382612,-8.152684,0.205277
12868.0000,-11.230475,-8.128840,1.222134
12869.0000,-12.671610,-5.480698,-0.187338
12870.0000,-12.450297,-3.222757,-0.955885
12871.0000,-13.115432,-0.175764,-0.559102
12872.0000,-7.671231,1.494137,1.457403
12873.0000,-10.123358,-1.346009,0.729264
12874.0000,-8.722747,-1.336037,1.354410
12875.0000,-10.833405,2.068904,1.533980
12876.0000,-9.384428,5.133392,-2.978839
12877.0000,-9.546088,6.584357,-4.017467
12878.0000,-10.534168,9.952412,-3.823145
12879.0000,-8.072430,7.895444,-1.933744
12880.0000,-11.219090,5.247282,-1.514410
12881.0000,-15.055485,4.605955,-4.703282
12882.0000,-15.851414,-0.129306,-2.520430
12883.0000,-17.083994,-1.657727,-3.376401
12884.0000,-16.415911,-1.032603,-2.401892
12885.0000,-16.929683,-2.208929,-2.026880
12886.0000,-15.920688,-2.929060,-3.412641
12887.0000,-12.959596,-0.988857,-0.989243
12888.0000,-12.070989,-1.318565,-1.538462
12889.0000,-12.228661,-3.199331,-3.334178
12890.0000,-8.909789,-4.084198,-3.887558
12891.0000,-8.607003,-4.334566,-3.678492
12892.0000,-8.499506,-6.270889,-3.368716
12893.0000,-8.048184,-3.598216,-2.477452
12894.0000,-8.213059,-4.895472,-4.251385
12895.0000,-9.736802,-7.082308,-2.802948
12896.0000,-8.386839,-8.530088,0.176908
12897.0000,-9.862257,-8.525202,0.486700
12898.0000,-6.010052,-9.073769,-1.503039
12899.0000,-5.326860,-8.806196,-0.562672
12900.0000,-4.416619,-9.436705,-3.151749
12901.0000,-3.223388,-9.291350,-2.512256
12902.0000,-5.066093,-9.216098,-1.344852
12903.0000,-3.295215,-8.171490,-4.333540
12904.0000,-0.789347,-8.629387,-8.522240
12905.0000,-5.706990,-13.094252,-8.636746
12906.0000,-4.826090,-8.197950,-5.538913
12907.0000,-4.358256,-8.939318,-5.024141
12908.0000,-2.863799,-6.218883,-8.182629
12909.0000,-4.678603,-6.813122,-10.239746
12910.0000,-9.288528,-3.865559,-7.659018
12911.0000,-10.412960,-5.632072,-6.912626
12912.0000,-13.546534,-4.371494,-6.243594
12913.0000,-14.463932,0.424055,-5.077268
12914.0000,-12.937898,0.411377,-2.181690
12915.0000,-13.736086,0.863345,-1.000874
12916.0000,-14.855418,0.631328,-1.386176
12917.0000,-9.490902,-3.692277,0.767271
12918.0000,-6.514464,-3.053069,1.174601
12919.0000,-1.543237,-1.847210,0.082870
12920.0000,-2.691307,-5.741345,0.112395
12921.0000,-7.555443,-5.068274,-0.835084
12922.0000,-8.481405,-6.909956,0.543175
12923.0000,-11.488900,-9.488190,0.306615
12924.0000,-11.193535,-9.827965,1.397231
12925.0000,-11.698004,-13.097470,1.641721
12926.0000,-13.506119,-10.478948,-0.489427
12927.0000,-13.504416,-12.236594,-1.796352
12928.0000,-11.632193,-13.774895,-1.780170
12929.0000,-10.539511,-13.956964,-1.203825
12930.0000,-12.247433,-11.738136,-0.045388
12931.0000,-9.564350,-13.733020,-1.244524
12932.0000,-9.576017,-13.216708,-0.734460
12933.0000,-8.250169,-12.823541,-0.823835
12934.0000,-9.200164,-11.805802,1.014337
12935.0000,-10.638374,-10.988776,2.034160
12936.0000,-13.233199,-9.738092,0.060336
12937.0000,-10.789486,-8.295578,-2.408367
12938.0000,-11.155729,-6.412078,-0.697446
12939.0000,-11.328791,-3.203664,-4.153235
12940.0000,-12.517641,-5.598201,-7.925495
12941.0000,-11.854604,-7.018198,-7.557273
12942.0000,-13.345973,-6.920329,-3.337643
12943.0000,-12.841891,-6.832277,-6.695959
12944.0000,-7.384688,-4.411127,-4.523284
12945.0000,-9.998336,-3.053387,-4.229620
12946.0000,-10.659508,-3.122228,-4.884619
12947.0000,-10.817651,-4.204925,-2.402222
12948.0000,-9.766844,-6.922971,2.622529
12949.0000,-12.555198,-6.797594,4.206176
12950.0000,-14.045683,-6.907422,3.319385
12951.0000,-13.071022,-12.817445,4.219888
12952.0000,-11.955564,-15.075849,2.907140
12953.0000,-12.421005,-11.507570,3.922452
12954.0000,-12.465991,-13.124861,1.200881
12955.0000,-12.042054,-15.157506,0.871266
12956.0000,-11.872095,-15.239709,0.561103
12957.0000,-9.024984,-13.249825,-2.190531
12958.0000,-5.688141,-11.384573,-4.271328
12959.0000,-3.671860,-12.409877,-8.384013
12960.0000,-3.654081,-10.405800,-5.463676
12961.0000,-8.024623,-15.303585,-5.656130
12962.0000,-6.524185,-14.259982,-5.357573
12963.0000,-5.470505,-12.929700,-1.807874
12964.0000,-5.007968,-10.752879,-1.659658
12965.0000,-1.780798,-15.136546,-2.613103
12966.0000,-2.321648,-13.708988,-5.233417
12967.0000,-3.475111,-12.229006,-5.940645
12968.0000,-3.475185,-11.723716,-8.598861
12969.0000,-3.166665,-11.419435,-9.981130
12970.0000,-7.335981,-13.945304,-10.048588
12971.0000,-7.991274,-15.281853,-9.741179
12972.0000,-6.800600,-16.258413,-6.203075
12973.0000,-7.031407,-10.845045,-11.515836
12974.0000,-5.733004,-14.997172,-8.423822
12975.0000,-5.956816,-17.313333,-8.762028
12976.0000,-6.566538,-15.015748,-9.354973
12977.0000,-2.815210,-15.626728,-10.707026
12978.0000,-5.058793,-16.138373,-10.782972
12979.0000,-6.943833,-15.337709,-15.714720
12980.0000,-7.341141,-15.539296,-14.620922
12981.0000,-5.982457,-19.640259,-17.058377
12982.0000,-2.963958,-21.327889,-18.570512
12983.0000,-3.382289,-20.923981,-23.175361
12984.0000,-2.955228,-19.910703,-21.437475
12985.0000,-2.825206,-21.891863,-20.551284
12986.0000,-4.090400,-22.088975,-22.773945
12987.0000,-5.571309,-22.974972,-19.252475
12988.0000,-5.159275,-20.195241,-17.435056
12989.0000,-4.031236,-19.876281,-21.932219
12990.0000,-1.612513,-19.369825,-25.183615
12991.0000,0.536895,-19.171007,-24.288839
12992.0000,-1.491635,-19.339490,-25.971320
12993.0000,-3.046481,-22.188689,-23.490067
12994.0000,0.119854,-22.437665,-25.498675
12995.0000,0.603065,-21.813323,-25.077893
12996.0000,-2.368175,-22.438929,-23.880468
12997.0000,-2.321704,-23.176977,-22.996421
12998.0000,0.284202,-25.606768,-24.840733
12999.0000,1.366166,-26.110147,-23.443727
13000.0000,-2.068330,-25.469532,-23.335247
13001.0000,-2.492078,-27.624070,-24.036356
13002.0000,-4.073590,-30.416138,-23.155372
13003.0000,0.464199,-32.765776,-23.837655
13004.0000,-3.797020,-29.938340,-25.714127
13005.0000,-5.343372,-27.478179,-23.509101
13006.0000,-4.075354,-26.442615,-23.301183
13007.0000,-0.744172,-25.320606,-23.824420
13008.0000,2.104793,-24.728712,-26.994288
13009.0000,3.111865,-26.242041,-28.425697
13010.0000,3.296234,-23.288385,-25.542058
13011.0000,2.080695,-20.255928,-26.107169
13012.0000,3.411697,-24.328315,-25.487508
13013.0000,4.795577,-23.803117,-26.762767
13014.0000,4.935983,-25.427896,-27.042511
13015.0000,5.664633,-28.027276,-25.755923
13016.0000,6.385796,-31.123887,-24.367147
13017.0000,6.394691,-32.336539,-22.410343
13018.0000,4.446889,-29.514693,-21.602406
13019.0000,5.568431,-28.880531,-19.809838
13020.0000,4.503182,-27.612312,-21.856348
13021.0000,6.298398,-26.143769,-20.976354
13022.0000,8.911391,-25.576560,-19.123914
13023.0000,8.343156,-29.372217,-20.473764
13024.0000,8.584272,-28.097458,-18.502188
13025.0000,9.384580,-28.073129,-22.347621
13026.0000,6.572688,-27.045608,-23.525521
13027.0000,4.829699,-25.191379,-17.743066
13028.0000,6.945247,-22.277796,-18.026039
13029.0000,6.237998,-24.252230,-19.169434
13030.0000,9.644604,-18.394537,-18.000516
13031.0000,11.971457,-16.139362,-21.442083
13032.0000,11.939424,-16.730509,-21.538565
13033.0000,10.531636,-17.222166,-19.273615
13034.0000,9.862903,-18.329719,-19.695395
13035.0000,9.633416,-19.482170,-17.561180
13036.0000,7.579970,-21.609085,-21.705856
13037.0000,10.090126,-22.727510,-20.824562
13038.0000,8.002915,-23.575918,-20.874244
13039.0000,3.527388,-22.590912,-19.525419
13040.0000,0.624717,-21.484696,-16.994968
13041.0000,-5.364410,-22.525710,-15.552280
13042.0000,-5.708767,-20.917989,-15.441546
13043.0000,-2.029727,-22.162991,-12.704341
13044.0000,2.202057,-24.585730,-14.214845
13045.0000,4.491268,-26.104671,-16.503531
13046.0000,7.269526,-26.661315,-14.480153
13047.0000,8.721513,-24.538385,-12.794167
13048.0000,13.967130,-21.320603,-15.076612
13049.0000,11.433608,-17.777263,-12.090999
13050.0000,9.241163,-18.087479,-14.721264
13051.0000,8.140073,-19.850429,-14.210086
13052.0000,10.520394,-19.499278,-14.162032
13053.0000,9.490348,-21.734029,-12.148561
13054.0000,5.184942,-23.188296,-11.482683
13055.0000,6.297920,-21.110415,-12.981577
13056.0000,3.372196,-20.974395,-12.576033
13057.0000,3.320608,-20.281053,-14.263287
13058.0000,5.209828,-16.123931,-15.571609
13059.0000,1.278079,-17.826339,-17.341967
13060.0000,3.923355,-19.809324,-18.352343
13061.0000,3.513723,-17.479570,-18.351749
13062.0000,4.203382,-18.320214,-18.424331
13063.0000,4.683143,-18.557746,-16.639146
13064.0000,4.261526,-19.238605,-16.602476
13065.0000,4.268515,-16.826844,-16.282492
13066.0000,3.415649,-17.041171,-15.209292
13067.0000,2.598128,-14.610623,-16.111320
13068.0000,-0.083522,-17.509612,-15.883476
13069.0000,-2.150587,-16.371372,-15.172798
13070.0000,-1.893421,-15.862677,-16.562025
13071.0000,-0.518029,-16.662256,-17.381883
13072.0000,0.317967,-12.415267,-15.207605
13073.0000,-1.085127,-13.502355,-13.443534
13074.0000,0.642221,-9.801448,-15.370660
13075.0000,1.191596,-9.025346,-12.981877
13076.0000,5.375349,-7.376908,-10.033554
13077.0000,6.067749,-11.471956,-12.279701
13078.0000,3.397842,-9.816408,-14.531845
13079.0000,3.930895,-10.245756,-14.346812
13080.0000,6.457314,-9.986450,-12.157671
13081.0000,4.708210,-11.746444,-12.441009
13082.0000,4.213165,-15.654691,-10.232316
13083.0000,2.165586,-12.674589,-14.429153
13084.0000,2.405925,-13.497971,-13.924347
13085.0000,-0.306999,-12.845523,-11.595319
13086.0000,-1.903686,-15.274164,-10.755059
13087.0000,1.762171,-10.679339,-11.913521
13088.0000,4.118129,-13.225721,-9.433953
13089.0000,6.274690,-11.320327,-10.687224
13090.0000,9.893903,-9.021790,-9.103926
13091.0000,5.219273,-10.378228,-9.778051
13092.0000,4.531961,-10.764028,-9.505271
13093.0000,4.751627,-10.304132,-13.786362
13094.0000,4.631167,-12.235512,-14.421490
13095.0000,4.905358,-14.413929,-14.404063
13096.0000,4.932062,-11.395057,-12.764277
13097.0000,6.417070,-11.980060,-10.812240
13098.0000,5.221047,-13.408854,-7.326091
13099.0000,5.024888,-13.497719,-11.460014
13100.0000,4.787932,-13.922092,-10.882919
13101.0000,5.169445,-12.264894,-13.773273
13102.0000,7.631015,-11.630052,-12.606601
13103.0000,6.752742,-12.826536,-11.022871
13104.0000,8.736469,-12.453231,-8.004720
13105.0000,6.069412,-11.585575,-9.176704
13106.0000,4.680099,-11.619276,-7.473717
13107.0000,2.526126,-13.728132,-8.039052
13108.0000,4.022299,-15.431868,-5.621668
13109.0000,3.651049,-17.158761,-4.356035
13110.0000,4.809022,-16.111982,-4.546442
13111.0000,5.820276,-17.089522,-6.587330
13112.0000,8.894812,-14.894737,-7.311006
13113.0000,10.415967,-11.893416,-7.321771
13114.0000,10.765416,-9.235075,-5.604951
13115.0000,11.009888,-7.531882,-5.853582
13116.0000,10.182197,-3.070280,-4.960037
13117.0000,10.996664,-6.150386,-4.289683
13118.0000,10.022045,-6.526164,-3.262574
13119.0000,9.601075,-8.414904,-4.872165
13120.0000,7.974454,-9.005187,-3.390324
13121.0000,7.836310,-12.132421,-4.657756
13122.0000,7.967079,-11.644368,-4.437664
13123.0000,10.186165,-15.106110,-4.540306
13124.0000,11.105100,-15.346086,-5.619028
13125.0000,14.340779,-13.467578,-4.260664
13126.0000,13.960306,-14.101255,-3.120015
13127.0000,10.764639,-11.372643,-1.254527
13128.0000,10.277068,-9.992775,-0.841149
13129.0000,10.393665,-9.727633,2.493662
13130.0000,11.769633,-10.047400,1.714821
13131.0000,13.129530,-9.780361,-0.486431
13132.0000,12.339761,-10.107103,-3.439308
13133.0000,9.781791,-8.046030,-2.215635
13134.0000,9.378061,-8.180492,1.550331
13135.0000,8.053394,-7.165263,0.341344
13136.0000,8.521776,-9.764709,-0.620966
13137.0000,7.852479,-8.844269,5.444301
13138.0000,7.703034,-8.304436,2.613733
13139.0000,6.713235,-6.674646,2.154471
13140.0000,7.416059,-5.638578,2.992635
13141.0000,8.975156,-6.545498,1.674506
13142.0000,11.597880,-8.052519,2.275464
13143.0000,14.010254,-5.834208,3.182291
13144.0000,10.922535,-3.686875,5.079622
13145.0000,11.810916,-4.588368,7.222270
13146.0000,9.206727,-5.544090,6.278549
13147.0000,10.579449,-5.034731,5.373049
13148.0000,11.640318,-2.551135,7.269704
13149.0000,11.804230,-4.319607,5.883318
13150.0000,10.451926,-7.697862,8.649869
13151.0000,9.724519,-6.047995,9.984468
13152.0000,10.848321,-3.867214,5.272695
13153.0000,12.506853,-5.695268,5.299138
13154.0000,12.844466,-5.695588,5.429212
13155.0000,9.844779,-3.555936,6.176752
13156.0000,8.343766,-4.110440,5.279740
13157.0000,7.337761,-5.778993,1.308387
13158.0000,5.809856,-4.941258,0.856334
13159.0000,6.029833,-4.954237,3.218637
13160.0000,8.625742,-6.077051,3.020459
13161.0000,10.349348,-7.952814,4.706703
13162.0000,9.711020,-8.954967,4.561045
13163.0000,10.649858,-8.670033,4.504233
13164.0000,13.044863,-7.988472,5.882568
13165.0000,12.790335,-8.394483,6.108149
13166.0000,12.397926,-8.016840,9.249404
13167.0000,12.810661,-5.598733,9.376281
13168.0000,11.391672,-6.218192,10.397820
13169.0000,12.648716,-8.617624,8.812265
13170.0000,12.470075,-9.289516,4.850526
13171.0000,13.026292,-10.499603,5.022021
13172.0000,10.014451,-12.770138,2.525891
13173.0000,10.307179,-13.938829,4.237050
13174.0000,7.791168,-15.074860,4.036839
13175.0000,8.623741,-12.632550,5.810004
13176.0000,7.178040,-7.761370,7.020821
13177.0000,6.169388,-7.596419,4.530700
13178.0000,6.945032,-6.578309,3.128330
13179.0000,7.977186,-8.902870,3.826111
13180.0000,9.938485,-10.322191,3.777620
13181.0000,10.349170,-9.119974,2.310500
13182.0000,14.943412,-9.271707,2.766026
13183.0000,15.328528,-5.585971,4.687421
13184.0000,11.866319,-7.722224,4.710657
13185.0000,11.358065,-9.812831,5.748495
13186.0000,7.380120,-7.551134,2.824914
13187.0000,7.354243,-8.441344,2.429545
13188.0000,8.470793,-13.038611,3.760550
13189.0000,7.962305,-12.350985,6.558787
13190.0000,2.820232,-12.731322,5.919536
13191.0000,5.787616,-10.968522,7.104343
13192.0000,9.079660,-9.649463,7.027170
13193.0000,9.307945,-9.259864,6.591060
13194.0000,5.827225,-7.818797,8.694083
13195.0000,3.154977,-8.682336,7.402725
13196.0000,2.065931,-6.993543,6.145494
13197.0000,6.073388,-6.508528,5.408350
13198.0000,5.919277,-6.541524,7.040302
13199.0000,3.252060,-7.566160,7.876560
13200.0000,2.240696,-6.707173,7.688190
13201.0000,3.918475,-7.689011,8.086694
13202.0000,5.658028,-7.121653,8.428928
13203.0000,7.867081,-7.526187,5.615601
13204.0000,7.956751,-8.433911,7.302154
13205.0000,7.001315,-7.073738,10.198560
13206.0000,4.983908,-9.382617,10.736967
13207.0000,7.305480,-8.848986,13.507818
13208.0000,7.234086,-8.004218,13.541721
13209.0000,9.766125,-10.087475,15.893607
13210.0000,10.116816,-9.109997,13.297659
13211.0000,7.998093,-8.079682,11.061363
13212.0000,9.260167,-9.725183,13.826186
13213.0000,11.531050,-11.078896,13.414891
13214.0000,10.262855,-11.036426,11.509034
13215.0000,14.786461,-10.291198,12.395806
13216.0000,12.021304,-9.759526,15.530493
13217.0000,10.726873,-15.001204,15.939172
13218.0000,12.272825,-13.792220,12.300355
13219.0000,18.377438,-13.749970,15.224134
13220.0000,14.075123,-14.286262,13.626529
13221.0000,15.245940,-15.410262,11.664474
13222.0000,10.632746,-14.865946,13.834052
13223.0000,7.983294,-11.612766,14.516746
13224.0000,5.747399,-14.072031,11.560043
13225.0000,4.618322,-12.770880,11.614580
13226.0000,5.351263,-9.132310,9.148494
13227.0000,7.318604,-6.133815,9.840145
13228.0000,7.335469,-6.317703,9.299311
13229.0000,7.814841,-6.834357,10.039691
13230.0000,9.712882,-6.189763,5.935113
13231.0000,11.295463,-7.557108,5.795227
13232.0000,12.961902,-6.698977,6.115474
13233.0000,12.807197,-5.736767,8.758260
13234.0000,11.731816,-2.626920,9.794893
13235.0000,15.721591,-2.123825,10.992023
13236.0000,16.902613,-0.798825,7.945157
13237.0000,15.423339,-1.344146,12.928741
13238.0000,17.552069,2.400801,15.128041
13239.0000,14.208487,-0.475140,16.540650
13240.0000,15.167507,-1.298473,13.269713
13241.0000,13.297791,-0.786241,8.781741
13242.0000,11.212757,-3.062416,7.604296
13243.0000,12.671507,-3.620302,5.059056
13244.0000,9.606447,-4.267883,6.145065
13245.0000,9.592266,-6.483329,6.426203
13246.0000,8.576933,-5.793766,8.320960
13247.0000,7.442002,-5.314021,9.291083
13248.0000,5.666562,-5.692049,11.556325
13249.0000,5.626626,-7.409578,10.948095
13250.0000,4.040490,-9.396104,14.824621
13251.0000,5.390493,-8.949497,13.866134
13252.0000,3.577822,-10.256976,15.542603
13253.0000,6.285651,-8.176107,16.270932
13254.0000,7.324386,-8.683964,14.331505
13255.0000,6.920881,-8.797195,16.106094
13256.0000,8.082018,-11.003009,12.736754
13257.0000,6.313856,-12.432753,11.419627
13258.0000,4.903620,-13.247884,8.745494
13259.0000,7.083607,-11.084153,8.736266
13260.0000,9.407593,-8.685716,9.323042
13261.0000,10.676790,-10.794357,7.024287
13262.0000,8.732704,-8.481317,4.790222
13263.0000,9.778963,-9.222614,3.289310
13264.0000,8.197415,-10.052595,3.287523
13265.0000,8.932470,-12.037443,3.281151
13266.0000,8.302561,-13.494592,2.758541
13267.0000,8.506226,-12.342617,3.885380
13268.0000,7.114766,-13.817784,6.977133
13269.0000,5.079013,-15.336728,7.312869
13270.0000,1.010880,-14.473988,8.870232
13271.0000,4.013949,-12.607858,8.657285
13272.0000,2.095143,-10.930242,7.501494
13273.0000,0.506100,-10.035094,9.482553
13274.0000,2.130161,-10.149059,7.019503
13275.0000,2.822572,-8.011973,6.710648
13276.0000,0.334256,-9.273865,5.858059
13277.0000,2.818608,-8.684484,2.717096
13278.0000,3.939033,-8.106125,2.211224
13279.0000,4.792202,-5.424939,0.165010
13280.0000,5.498900,-9.337615,1.870628
13281.0000,5.824066,-8.906496,-3.598220
13282.0000,6.322619,-11.042100,-4.258431
13283.0000,4.188337,-12.936316,-3.102502
13284.0000,6.470286,-13.472203,-2.405922
13285.0000,5.395302,-12.053548,-0.672608
13286.0000,6.534350,-12.192314,-3.124970
13287.0000,10.299853,-11.889792,-3.607443
13288.0000,9.052601,-12.013035,-4.019695
13289.0000,13.901174,-8.742387,-2.576622
13290.0000,15.401321,-12.750464,0.684816
13291.0000,16.901127,-11.840157,0.682029
13292.0000,16.286919,-16.204518,1.543423
13293.0000,16.170076,-18.943006,0.616066
13294.0000,16.449496,-19.217700,1.772667
13295.0000,16.405970,-19.737118,2.821970
13296.0000,16.360330,-18.819748,6.430951
13297.0000,18.150365,-19.724584,8.354080
13298.0000,18.183939,-16.288545,6.577005
13299.0000,15.458911,-16.334231,7.097841
13300.0000,14.008957,-14.717624,6.734338
13301.0000,13.474493,-17.930852,7.187328
13302.0000,12.179682,-16.572670,5.571320
13303.0000,11.402938,-18.682684,4.407690
13304.0000,9.730056,-19.044479,5.619710
13305.0000,7.419778,-15.823025,6.291450
13306.0000,8.022326,-17.945414,8.655445
13307.0000,10.722352,-21.279374,7.520075
13308.0000,11.915976,-20.927559,7.179519
13309.0000,12.946425,-20.575927,10.779508
13310.0000,11.973302,-20.897202,9.679816
13311.0000,10.236730,-19.698600,8.531450
13312.0000,11.579066,-20.685940,9.191527
13313.0000,11.227170,-18.136880,9.060577
13314.0000,10.580198,-23.075955,13.535923
13315.0000,10.377800,-20.205502,16.169513
13316.0000,11.580748,-21.119493,18.902765
13317.0000,10.712042,-22.298631,14.602017
13318.0000,11.101319,-20.623038,13.670570
13319.0000,7.666876,-21.332007,14.480126
13320.0000,7.473880,-20.001007,16.146783
13321.0000,8.684570,-21.222400,15.125085
13322.0000,9.167061,-21.433408,17.079748
13323.0000,10.572510,-18.237695,17.636307
13324.0000,12.851871,-19.474503,20.337353
13325.0000,15.196301,-23.166868,21.552577
13326.0000,15.018983,-21.342127,22.969521
13327.0000,15.858431,-23.376498,21.231650
13328.0000,15.284387,-22.912346,18.892466
13329.0000,17.471535,-22.310166,19.984974
13330.0000,15.637395,-22.358676,18.845579
13331.0000,19.692301,-22.564901,19.801388
13332.0000,17.461818,-20.262664,19.966818
13333.0000,16.444733,-20.888132,16.636475
13334.0000,16.300469,-22.430994,19.291580
13335.0000,13.805860,-21.552634,20.534574
13336.0000,13.690465,-23.213572,22.419699
13337.0000,13.092778,-25.732587,24.410202
13338.0000,13.689565,-23.763114,22.327886
13339.0000,12.396995,-22.738863,20.574337
13340.0000,12.109915,-20.369575,19.318707
13341.0000,10.973873,-18.424629,21.046302
13342.0000,11.201671,-20.079941,21.050610
13343.0000,11.636009,-19.126258,18.542779
13344.0000,10.419073,-21.316598,17.910549
13345.0000,8.435440,-21.266249,14.633553
13346.0000,8.160071,-22.614195,14.021750
13347.0000,6.931949,-22.572969,15.385590
13348.0000,6.942623,-23.499590,14.819039
13349.0000,7.925334,-22.356055,13.297697
13350.0000,9.197245,-22.757891,14.367394
13351.0000,9.017976,-23.680117,16.519376
13352.0000,8.069133,-23.899373,16.307746
13353.0000,7.336213,-22.923420,16.622804
13354.0000,9.532805,-21.358497,17.131187
13355.0000,7.558753,-22.189011,14.882124
13356.0000,7.425437,-20.950357,14.947702
13357.0000,6.238152,-23.401793,14.295164
13358.0000,4.719975,-20.165123,17.086130
13359.0000,2.979697,-22.257966,15.693551
13360.0000,6.439257,-20.626612,14.375959
13361.0000,6.258177,-19.776683,12.736811
13362.0000,9.168529,-20.121242,11.323082
13363.0000,6.840269,-22.808452,12.047079
13364.0000,10.502096,-21.536809,12.010195
13365.0000,9.958216,-24.704315,10.751728
13366.0000,7.557970,-23.145697,12.817789
13367.0000,8.968338,-25.692080,14.283855
13368.0000,5.988798,-24.749494,16.909157
13369.0000,5.081545,-25.047353,18.742663
13370.0000,4.818059,-25.527899,15.352858
13371.0000,6.147035,-26.383398,18.249077
13372.0000,3.489488,-28.478683,16.373455
13373.0000,7.502546,-28.158218,14.749715
13374.0000,9.486376,-28.264936,16.055421
13375.0000,10.602321,-24.781082,20.546346
13376.0000,7.994352,-25.104841,20.806738
13377.0000,7.614119,-26.429023,22.081099
13378.0000,5.107594,-25.528329,22.058234
13379.0000,5.082879,-26.033925,19.802268
13380.0000,3.251168,-24.659641,18.491640
13381.0000,1.062276,-26.852912,17.265028
13382.0000,3.576031,-25.740023,16.685518
13383.0000,0.739669,-26.144265,14.419641
13384.0000,3.025228,-25.052470,15.575515
13385.0000,2.168992,-24.373660,19.675939
13386.0000,3.543545,-24.381297,21.178727
13387.0000,4.305554,-24.614885,16.032003
13388.0000,2.208846,-23.558472,14.888226
13389.0000,0.605075,-25.700129,15.419236
13390.0000,3.993034,-28.540606,15.053256
13391.0000,3.950851,-30.823488,17.406893
13392.0000,2.563452,-29.877147,18.758717
13393.0000,6.119642,-31.991308,20.906501
13394.0000,5.219526,-33.610354,19.354296
13395.0000,3.153874,-33.217983,18.469936
13396.0000,0.106402,-35.476796,15.273335
13397.0000,-5.084096,-33.408410,12.002067
13398.0000,-2.707201,-29.763361,13.837100
13399.0000,-0.580278,-29.940719,13.520784
13400.0000,1.629375,-27.945673,10.112966
13401.0000,0.406489,-28.316976,10.884227
13402.0000,1.538143,-28.412440,12.499876
13403.0000,2.528871,-28.514307,12.570215
13404.0000,4.688388,-26.668650,13.686327
13405.0000,1.722000,-28.404945,11.672125
13406.0000,1.013822,-30.867029,11.562844
13407.0000,3.309398,-30.720343,9.896598
13408.0000,5.717105,-33.202077,11.536619
13409.0000,6.679682,-33.929356,12.034102
13410.0000,8.662488,-31.314645,9.342572
13411.0000,6.668201,-33.351375,9.510307
13412.0000,1.393108,-32.754897,7.818493
13413.0000,4.268046,-33.254810,11.777220
13414.0000,3.474969,-33.542095,12.453628
13415.0000,4.616696,-34.614901,12.197093
13416.0000,5.160549,-38.662084,14.055618
13417.0000,4.900467,-34.769893,12.119931
13418.0000,4.088368,-34.835934,15.774763
13419.0000,6.785485,-34.232910,14.541089
13420.0000,5.128749,-36.078505,17.322359
13421.0000,6.513639,-36.808033,16.225389
13422.0000,2.959429,-35.018518,16.743389
13423.0000,3.552435,-33.900720,17.061711
13424.0000,3.289327,-35.163130,18.440338
13425.0000,3.127382,-35.169767,21.437088
13426.0000,3.889019,-34.716885,21.412651
13427.0000,8.489136,-30.609855,21.800862
13428.0000,8.228114,-30.369383,22.420100
13429.0000,5.615857,-32.151167,20.991972
13430.0000,5.283816,-33.214742,20.405425
13431.0000,2.595498,-32.309142,20.541080
13432.0000,4.170172,-30.389713,18.376401
13433.0000,3.910893,-30.759289,17.964999
13434.0000,1.812219,-32.366489,20.350269
13435.0000,-1.634084,-34.245371,17.963674
13436.0000,-3.264654,-32.915654,19.579411
13437.0000,-0.269191,-32.367759,15.065295
13438.0000,1.945327,-36.358091,11.524674
13439.0000,0.391160,-36.093450,12.102956
13440.0000,-1.416073,-36.563763,10.356709
13441.0000,1.645803,-34.935938,9.251215
13442.0000,-0.544339,-34.813737,8.153709
13443.0000,-0.776311,-33.955127,11.217037
13444.0000,-1.198481,-32.969353,12.105746
13445.0000,-1.898387,-36.114760,10.556791
13446.0000,-1.231804,-38.032908,9.519559
13447.0000,-1.869593,-39.095236,7.839705
13448.0000,-2.853490,-39.528965,9.118947
13449.0000,-0.639375,-39.005567,5.227495
13450.0000,1.186175,-39.547860,2.520895
13451.0000,2.227397,-41.323792,2.281004
13452.0000,1.040967,-42.478979,3.644470
13453.0000,0.765773,-44.555359,5.763373
13454.0000,2.215516,-40.303920,5.308731
13455.0000,4.113950,-38.142424,7.419215
13456.0000,0.896035,-36.880573,7.698488
13457.0000,0.067750,-36.817278,4.919646
13458.0000,0.741896,-34.895857,4.058168
13459.0000,-3.449398,-36.996940,3.735356
13460.0000,-0.488502,-38.519118,6.901264
13461.0000,-5.924067,-41.150906,10.043996
13462.0000,-8.401845,-43.617563,11.999028
13463.0000,-8.334554,-43.493551,10.776575
13464.0000,-10.198959,-43.640292,9.019948
13465.0000,-11.175398,-41.683223,7.960940
13466.0000,-7.578478,-40.745406,8.038447
13467.0000,-5.941060,-37.729981,5.184665
13468.0000,-7.974353,-39.806857,0.322919
13469.0000,-5.723182,-38.898495,0.929310
13470.0000,-7.536852,-39.218834,-0.207041
13471.0000,-5.571559,-40.342793,3.212876
13472.0000,-7.007735,-40.549151,5.043393
13473.0000,-9.039799,-40.159991,5.426597
13474.0000,-12.435764,-39.546282,5.077304
13475.0000,-9.713032,-40.197471,4.132482
13476.0000,-9.999761,-40.609947,9.893960
13477.0000,-9.585618,-40.364287,8.779901
13478.0000,-13.331260,-37.899873,11.831727
13479.0000,-11.978127,-36.999441,14.189263
13480.0000,-11.997921,-35.953063,15.120670
13481.0000,-14.981745,-37.781546,14.618820
13482.0000,-14.492083,-34.699114,12.900409
13483.0000,-14.380378,-33.676691,11.608873
13484.0000,-15.670556,-34.730085,9.664159
13485.0000,-14.272837,-36.160112,12.903716
13486.0000,-11.045217,-32.689512,14.108980
13487.0000,-11.740423,-34.444932,12.216400
13488.0000,-15.087426,-35.338850,12.803129
13489.0000,-15.126638,-34.574487,13.197105
13490.0000,-20.222515,-33.704845,13.262465
13491.0000,-21.821159,-35.522519,10.520118
13492.0000,-22.423064,-39.928552,8.089535
13493.0000,-20.769225,-40.760466,7.732654
13494.0000,-20.109205,-40.557145,7.587900
13495.0000,-23.165100,-41.730102,4.558470
13496.0000,-21.571011,-37.612908,7.141104
13497.0000,-20.206138,-37.214330,7.505803
13498.0000,-20.605258,-38.968892,5.399247
13499.0000,-18.446402,-37.856453,5.741580
13500.0000,-18.738454,-37.269071,7.312106
13501.0000,-20.031789,-39.089876,8.630194
13502.0000,-20.197623,-35.616442,11.177361
13503.0000,-19.465855,-36.975388,11.670370
13504.0000,-20.520527,-37.096356,12.763766
13505.0000,-19.279585,-36.666628,11.546317
13506.0000,-20.291669,-33.105481,11.856442
13507.0000,-18.340098,-37.217584,11.352238
13508.0000,-15.392242,-40.681572,11.619061
13509.0000,-15.489479,-41.158508,8.223278
13510.0000,-14.767060,-44.169278,7.238573
13511.0000,-9.519568,-41.852585,10.097204
13512.0000,-13.349523,-39.791191,8.668103
13513.0000,-13.258456,-40.620210,5.882272
13514.0000,-12.187704,-36.723685,3.129388
13515.0000,-13.451901,-38.513821,2.750413
13516.0000,-12.854656,-33.644959,-0.051204
13517.0000,-11.407845,-33.648835,1.763961
13518.0000,-13.433777,-34.401210,2.165699
13519.0000,-15.408047,-33.730742,3.948705
13520.0000,-15.339081,-34.336774,4.808477
13521.0000,-14.628212,-36.761932,3.869489
13522.0000,-11.025134,-35.848242,1.727067
13523.0000,-11.006341,-36.559259,4.342028
13524.0000,-10.929381,-37.242773,3.955025
13525.0000,-9.118618,-37.889854,4.802627
13526.0000,-12.156224,-37.337246,3.620511
13527.0000,-12.687547,-39.602936,4.355846
13528.0000,-11.693357,-37.885024,1.567422
13529.0000,-10.596381,-36.304623,-0.811887
13530.0000,-8.845113,-35.129944,2.710146
13531.0000,-7.193446,-32.068378,-0.745109
13532.0000,-9.785636,-33.149240,-1.383523
13533.0000,-7.086071,-30.363092,-2.553232
13534.0000,-7.764429,-31.675159,-1.753165
13535.0000,-7.584072,-33.640534,-0.887175
13536.0000,-9.659972,-33.716160,-2.831895
13537.0000,-10.867727,-33.282664,-4.348066
13538.0000,-10.614225,-33.311395,-4.712615
13539.0000,-10.496534,-31.072752,-4.404167
13540.0000,-12.550136,-33.359935,-3.715990
13541.0000,-7.692269,-32.580046,-6.167942
13542.0000,-8.206577,-34.277994,-2.369751
13543.0000,-8.949236,-33.459798,-3.548653
13544.0000,-10.523731,-34.591473,-2.569291
13545.0000,-10.171001,-32.527328,-2.413083
13546.0000,-11.258277,-33.463676,-3.211862
13547.0000,-9.767361,-32.154198,-2.915458
13548.0000,-11.812232,-29.418985,-5.989087
13549.0000,-11.807818,-25.646343,-4.717400
13550.0000,-11.495334,-25.846373,-3.075164
13551.0000,-8.374306,-23.294638,-6.696279
13552.0000,-8.601489,-22.366938,-9.247588
13553.0000,-8.102362,-21.205404,-9.160630
13554.0000,-6.397136,-20.041032,-9.763607
13555.0000,-6.476755,-21.403370,-12.351462
13556.0000,-8.950498,-20.683124,-10.699396
13557.0000,-6.475713,-21.953795,-8.462702
13558.0000,-5.519774,-21.734124,-7.948177
13559.0000,-6.322091,-20.942223,-10.624240
13560.0000,-6.170079,-22.439244,-6.944557
13561.0000,-4.391606,-22.017630,-7.741497
13562.0000,-7.332247,-22.959515,-5.099573
13563.0000,-6.195735,-21.837392,-3.008609
13564.0000,-6.817326,-19.573297,-2.070356
13565.0000,-9.929317,-17.801805,-2.617487
13566.0000,-9.887542,-20.930843,-3.121551
13567.0000,-11.109182,-19.264932,-4.214610
13568.0000,-12.694325,-23.033438,-0.595735
13569.0000,-12.667021,-20.174406,1.541507
13570.0000,-11.106324,-21.663522,1.176878
13571.0000,-12.338199,-21.412212,-0.523132
13572.0000,-12.688159,-18.909844,1.545687
13573.0000,-8.186001,-19.724656,0.993829
13574.0000,-11.859206,-21.026945,1.417758
13575.0000,-9.948229,-21.390830,2.070538
13576.0000,-9.157087,-23.867103,2.975266
13577.0000,-9.072139,-24.048955,5.027873
13578.0000,-7.156865,-20.895164,2.475839
13579.0000,-8.897970,-19.689177,2.975382
13580.0000,-8.440472,-20.506655,4.317323
13581.0000,-6.949474,-19.090429,6.310315
13582.0000,-10.576696,-18.982549,7.992451
13583.0000,-9.821887,-18.333729,6.775570
13584.0000,-9.136924,-19.816241,4.833605
13585.0000,-9.140762,-19.105399,4.237360
13586.0000,-8.201790,-21.003727,2.258300
13587.0000,-8.731794,-22.348562,1.084534
13588.0000,-10.918661,-19.809463,0.061466
13589.0000,-9.683443,-20.853885,-0.424832
13590.0000,-6.328217,-23.805173,-0.755731
13591.0000,-8.307908,-21.394023,2.277661
13592.0000,-12.144183,-22.617083,0.978718
13593.0000,-14.018438,-24.139080,-0.537602
13594.0000,-14.780214,-25.632466,-2.067341
13595.0000,-16.602888,-21.787662,-0.228196
13596.0000,-19.212692,-21.237216,-2.410081
13597.0000,-15.491228,-20.293046,-1.569007
13598.0000,-11.944589,-18.554984,-4.413493
13599.0000,-10.264910,-20.710070,-3.677752
13600.0000,-7.039436,-18.359901,-2.102660
13601.0000,-5.701212,-19.416701,0.649369
13602.0000,-3.678250,-17.791485,-0.453394
13603.0000,-0.874779,-14.666032,2.157362
13604.0000,-0.622296,-16.494880,3.048976
13605.0000,-5.630585,-16.156217,4.293037
13606.0000,-3.436033,-17.811544,2.616488
13607.0000,-6.608710,-18.126373,3.990767
13608.0000,-6.309082,-18.128976,1.862271
13609.0000,-4.952362,-20.608035,2.952065
13610.0000,-5.461652,-21.896216,2.510705
13611.0000,-4.383650,-21.129236,8.135878
13612.0000,-2.575998,-20.494512,9.491672
13613.0000,-5.333782,-18.257925,8.278711
13614.0000,-7.200079,-14.957613,10.854834
13615.0000,-8.297903,-15.878436,12.716561
13616.0000,-8.561696,-17.955290,13.524643
13617.0000,-9.329568,-20.887069,13.347435
13618.0000,-11.063474,-18.211223,12.089986
13619.0000,-12.555210,-18.335320,15.834446
13620.0000,-11.951464,-17.460232,13.958378
13621.0000,-11.798077,-19.595221,13.939227
13622.0000,-12.136677,-22.359676,15.532335
13623.0000,-12.133479,-20.583563,17.088691
13624.0000,-14.309620,-21.383030,18.290324
13625.0000,-14.445340,-25.438439,18.254393
13626.0000,-15.157095,-25.693954,17.345120
13627.0000,-13.148627,-20.583276,18.509823
13628.0000,-13.751185,-18.947833,14.173021
13629.0000,-13.241541,-18.310077,11.891656
13630.0000,-14.123150,-18.208668,14.596737
13631.0000,-17.429435,-17.420333,16.033253
13632.0000,-16.612540,-19.713231,15.814720
13633.0000,-16.112357,-19.413250,16.558477
13634.0000,-11.646688,-23.873487,16.700444
13635.0000,-13.190558,-23.047671,19.518990
13636.0000,-12.976143,-22.496992,14.491159
13637.0000,-11.567431,-22.682681,14.801888
13638.0000,-12.570554,-24.649784,19.061512
13639.0000,-12.348393,-25.158938,20.239141
13640.0000,-13.341140,-24.972025,18.225439
13641.0000,-12.063017,-26.118515,20.557934
13642.0000,-11.777763,-27.236380,22.651407
13643.0000,-12.798440,-25.431982,19.584250
13644.0000,-9.981438,-25.831880,16.266591
13645.0000,-7.611113,-25.070144,16.132744
13646.0000,-11.043990,-24.467718,17.392416
13647.0000,-11.800714,-24.226154,19.140423
13648.0000,-11.383037,-21.025775,16.437958
13649.0000,-10.284124,-21.412442,15.784426
13650.0000,-9.092517,-20.810780,16.353867
13651.0000,-6.444408,-21.225683,13.876733
13652.0000,-5.064412,-20.888039,12.529275
13653.0000,-2.849825,-23.404387,14.247958
13654.0000,-0.344544,-23.738472,9.814108
13655.0000,0.195626,-22.631877,11.894668
13656.0000,0.098562,-23.951525,8.671015
13657.0000,1.016269,-22.750507,8.370947
13658.0000,-0.264279,-21.909686,5.943539
13659.0000,1.074118,-16.446934,5.445870
13660.0000,1.395375,-18.224133,4.593957
13661.0000,-3.635654,-18.348015,7.469071
13662.0000,-5.311308,-19.859411,9.393496
13663.0000,-3.806708,-16.130850,8.135876
13664.0000,-4.065097,-13.985627,11.657439
13665.0000,-5.435524,-16.674857,13.668160
13666.0000,-1.842316,-16.077134,10.275042
13667.0000,0.371216,-17.291511,10.905352
13668.0000,-0.555500,-18.201003,14.285499
13669.0000,-2.088778,-18.525380,12.679496
13670.0000,-0.102373,-18.647422,9.734711
13671.0000,-1.160620,-16.916272,8.924799
13672.0000,2.114193,-19.476836,10.480268
13673.0000,2.732327,-17.158557,9.714841
13674.0000,-1.010368,-17.195186,9.986972
13675.0000,1.407408,-19.009787,10.000022
13676.0000,4.091814,-20.851748,14.012480
13677.0000,5.248015,-21.321507,14.829213
13678.0000,5.822644,-19.831788,14.399981
13679.0000,8.648814,-20.721973,16.454416
13680.0000,9.318544,-19.475375,15.625395
13681.0000,6.426863,-14.476385,16.208655
13682.0000,5.028659,-12.252055,15.142659
13683.0000,6.105419,-12.577893,16.361603
13684.0000,6.816464,-9.892041,16.901612
13685.0000,6.379388,-10.572244,20.715835
13686.0000,6.748847,-11.455063,19.380126
13687.0000,1.369398,-10.652212,22.127258
13688.0000,1.525597,-13.236011,20.025141
13689.0000,3.928665,-13.659651,18.358477
13690.0000,4.291218,-15.341960,16.112923
13691.0000,6.901797,-19.239653,12.133316
13692.0000,7.870768,-17.047586,12.956755
13693.0000,10.099899,-18.038487,11.605060
13694.0000,8.337884,-15.884174,9.921673
13695.0000,6.943010,-13.411312,10.082976
13696.0000,4.066252,-11.661405,10.305053
13697.0000,5.786549,-8.140115,9.733320
13698.0000,4.320002,-9.751661,8.614688
13699.0000,4.640892,-7.882326,9.464481
13700.0000,2.103941,-7.846447,7.123510
13701.0000,5.541096,-8.810626,7.367420
13702.0000,10.078488,-7.047999,7.881775
13703.0000,8.378039,-7.515156,7.917517
13704.0000,1.826187,-7.956174,5.699259
13705.0000,3.569807,-7.666000,6.742734
13706.0000,5.396506,-6.069278,6.352607
13707.0000,2.360851,-8.798511,6.411413
13708.0000,5.855663,-10.353881,8.537857
13709.0000,8.391387,-15.967661,9.056283
13710.0000,4.982370,-18.607838,5.767391
13711.0000,4.999268,-21.692599,7.606103
13712.0000,2.906202,-22.047807,10.049531
13713.0000,8.305234,-26.866065,13.150016
13714.0000,10.968993,-28.582163,14.580277
13715.0000,11.053627,-24.377712,12.141583
13716.0000,10.548795,-24.430402,9.274632
13717.0000,9.324733,-21.597552,8.386276
13718.0000,8.848139,-19.028600,6.508097
13719.0000,10.818289,-17.182801,1.374216
13720.0000,7.610477,-13.710736,1.805587
13721.0000,7.928079,-15.163655,1.686169
13722.0000,5.952384,-12.699528,2.571454
13723.0000,5.815287,-8.132755,3.482009
13724.0000,7.890159,-5.845848,1.682036
13725.0000,5.758560,-5.033390,0.457697
13726.0000,7.414045,-6.773943,-2.086384
13727.0000,5.683325,-12.137190,-1.572168
13728.0000,2.525671,-9.838554,1.439111
13729.0000,4.563649,-8.413652,1.905677
13730.0000,3.554075,-11.508188,2.339447
13731.0000,7.675660,-13.309912,1.915430
13732.0000,8.429086,-11.482375,3.381892
13733.0000,9.112664,-10.347895,0.176372
13734.0000,8.963998,-10.392932,0.049772
13735.0000,11.226715,-8.146816,-1.456726
13736.0000,9.017765,-4.947898,-1.504073
13737.0000,12.128368,-3.799507,0.360356
13738.0000,13.314099,-3.071936,1.485160
13739.0000,13.158771,-5.388531,3.668694
13740.0000,13.149224,-6.727408,2.435817
13741.0000,17.733997,-4.527630,5.708183
13742.0000,18.380197,-0.225991,8.542814
13743.0000,16.493184,0.250252,9.838964
13744.0000,13.647574,-3.560225,10.605344
13745.0000,13.007189,-2.958767,8.304618
13746.0000,13.137076,-5.906257,8.440849
13747.0000,17.216181,-6.919477,10.160209
13748.0000,14.463277,-6.916551,7.512544
13749.0000,15.998670,-4.524086,9.177737
13750.0000,13.072845,-5.537928,7.686566
13751.0000,15.083952,-8.729799,13.403348
13752.0000,15.454533,-12.979048,14.271922
13753.0000,14.954550,-11.030364,10.745640
13754.0000,15.015228,-12.360497,8.587452
13755.0000,13.823018,-11.847006,12.319307
13756.0000,15.115225,-7.987404,8.864093
13757.0000,14.832874,-8.095448,6.058435
13758.0000,16.097586,-9.326563,6.556666
13759.0000,15.598456,-9.554832,3.666698
13760.0000,14.972631,-7.974711,5.479115
13761.0000,13.270514,-6.789858,4.125042
13762.0000,14.436400,-5.558260,4.845778
13763.0000,15.968371,-7.563149,5.528896
13764.0000,15.846770,-9.514192,7.695813
13765.0000,17.218343,-10.889923,7.353381
13766.0000,21.367264,-11.255460,6.517867
13767.0000,21.239733,-9.600828,5.080883
13768.0000,22.037453,-11.501251,5.783896
13769.0000,20.733351,-14.119544,10.278088
13770.0000,15.994088,-11.932816,9.394844
13771.0000,13.963325,-10.666966,7.904991
13772.0000,17.021221,-12.035026,8.857609
13773.0000,16.502035,-14.609109,10.229824
13774.0000,17.666309,-13.409909,6.173245
13775.0000,18.558896,-9.809887,3.510790
13776.0000,17.237836,-10.336986,0.975544
13777.0000,16.472634,-10.579688,3.212860
13778.0000,19.643391,-9.293254,0.281407
13779.0000,19.771325,-6.096492,0.692168
13780.0000,14.880182,-3.791781,0.196166
13781.0000,14.222914,-9.067410,-0.411131
13782.0000,14.990210,-10.962749,0.658613
13783.0000,12.081740,-9.612338,0.052252
13784.0000,14.590109,-6.953623,0.029277
13785.0000,15.357894,-8.298955,-4.009342
13786.0000,14.777546,-8.016300,-4.152589
13787.0000,14.159213,-11.655572,-4.514959
13788.0000,14.216841,-9.653016,-2.964754
13789.0000,13.882436,-12.313039,-0.827969
13790.0000,14.115342,-13.524817,-3.288958
13791.0000,10.885738,-11.406940,-1.603677
13792.0000,13.480350,-14.827151,-2.706676
13793.0000,14.840953,-15.967751,-1.058213
13794.0000,14.921343,-16.067363,-3.063003
13795.0000,17.643684,-14.087803,-3.309679
13796.0000,15.620621,-14.075320,-2.067759
13797.0000,16.852778,-13.271270,0.293861
13798.0000,14.866950,-13.824380,1.961870
13799.0000,13.344473,-9.741494,0.999954
13800.0000,13.399923,-11.810736,-1.402936
13801.0000,13.302850,-11.839787,0.934576
13802.0000,10.904561,-12.189945,4.348002
13803.0000,10.715858,-11.926524,5.919899
13804.0000,12.538641,-8.972598,6.606238
13805.0000,11.652699,-6.386175,3.787735
13806.0000,10.170800,-3.725754,2.383360
13807.0000,10.190189,-2.593185,-1.939961
13808.0000,11.425201,-2.275257,-4.804407
13809.0000,13.102289,-5.261190,-6.741900
13810.0000,11.899076,-5.302050,-4.299489
13811.0000,13.744248,-4.044605,-4.372992
13812.0000,12.630128,-1.115576,-8.054917
13813.0000,10.751547,-0.605766,-8.029726
13814.0000,13.448167,-1.465339,-9.334907
13815.0000,10.785373,-3.373905,-8.619111
13816.0000,9.182756,-3.557685,-9.299477
13817.0000,8.058901,-2.573947,-5.978521
13818.0000,8.229677,-0.787557,-7.834659
13819.0000,10.251434,-3.572726,-8.707613
13820.0000,6.864726,-5.135420,-10.862633
13821.0000,3.643417,-3.962463,-8.985514
13822.0000,6.660084,-4.816676,-10.863612
13823.0000,4.423373,-0.722311,-10.297472
13824.0000,4.686307,-1.401431,-11.519392
13825.0000,7.733770,1.557059,-13.027201
13826.0000,8.422622,-2.065348,-11.393308
13827.0000,9.944027,-3.791391,-9.609009
13828.0000,7.858711,-5.775202,-11.430105
13829.0000,9.617361,-4.789876,-9.314188
13830.0000,13.558480,-5.922081,-5.485612
13831.0000,15.514491,-4.271548,-5.592750
13832.0000,13.828844,-3.491103,-8.603959
13833.0000,11.348187,-1.942502,-8.258457
13834.0000,13.276427,2.145855,-6.471407
13835.0000,11.576803,1.983227,-10.122871
13836.0000,11.281385,2.589887,-9.301951
13837.0000,11.371754,3.731213,-12.808408
13838.0000,12.833565,-1.542815,-11.163860
13839.0000,11.248395,-2.608484,-14.376769
13840.0000,11.273281,-4.256325,-15.842959
13841.0000,12.911631,-2.104389,-14.106906
13842.0000,15.499880,-4.640351,-14.624337
13843.0000,15.054249,-5.231158,-13.980756
13844.0000,13.723562,-1.516941,-15.917170
13845.0000,14.231593,-2.731600,-13.195940
13846.0000,9.397655,-1.223704,-13.392245
13847.0000,10.708306,1.088385,-7.735239
13848.0000,9.966209,1.921593,-7.599204
13849.0000,9.029802,0.457389,-5.383748
13850.0000,12.137984,-0.213323,-8.943537
13851.0000,12.908462,-1.873679,-6.431718
13852.0000,14.658965,0.842158,-7.209240
13853.0000,16.257051,1.875729,-8.264538
13854.0000,12.755781,4.193124,-8.089720
13855.0000,13.906316,5.107389,-9.207702
13856.0000,13.539553,4.502192,-12.962003
13857.0000,13.782187,1.416413,-11.367799
13858.0000,16.170343,-0.117249,-9.593426
13859.0000,18.803270,0.998746,-8.012797
13860.0000,18.984722,-0.377354,-8.701683
13861.0000,18.535805,-2.091821,-11.036153
13862.0000,17.655724,-3.137318,-10.801655
13863.0000,18.211428,-7.490447,-11.221570
13864.0000,19.177928,-5.245876,-12.460460
13865.0000,14.302255,-3.208349,-11.644829
13866.0000,15.545839,-2.468510,-9.106108
13867.0000,18.183783,-3.254148,-9.973467
13868.0000,14.735345,-2.310381,-6.579648
13869.0000,12.170176,-3.288516,-6.716217
13870.0000,14.350593,-0.156203,-3.718429
13871.0000,17.204301,2.033695,-0.449823
13872.0000,17.033409,3.037855,-2.192627
13873.0000,15.258019,3.992782,0.245440
13874.0000,15.713305,6.862542,0.501811
13875.0000,18.287327,4.973614,-2.552956
13876.0000,16.322314,-0.133454,-5.431495
13877.0000,17.932049,2.919498,-3.758301
13878.0000,18.558805,4.796635,-5.849225
13879.0000,20.505307,5.292006,-9.084060
13880.0000,19.187348,4.060021,-10.107950
13881.0000,19.142572,5.019417,-12.545380
13882.0000,16.669889,4.479989,-12.307486
13883.0000,14.644863,4.057408,-11.129561
13884.0000,17.096535,5.818031,-11.428477
13885.0000,18.347474,6.926197,-15.018967
13886.0000,19.271587,8.765767,-18.035656
13887.0000,16.923471,7.802656,-17.216844
13888.0000,12.546619,4.865686,-16.718257
13889.0000,15.403835,4.807324,-14.499029
13890.0000,15.223785,4.933360,-14.073488
13891.0000,12.898634,6.700309,-13.777544
13892.0000,13.689745,7.622980,-13.420695
13893.0000,14.243592,8.439037,-9.711802
13894.0000,14.108251,8.358512,-9.551660
13895.0000,14.048869,8.047432,-7.869297
13896.0000,13.248399,6.995905,-6.513080
13897.0000,16.929084,6.827348,-5.402338
13898.0000,16.608457,10.369318,-3.872942
13899.0000,16.869337,10.814674,-5.148027
13900.0000,14.527531,12.745071,-4.455251
13901.0000,13.517060,9.368467,-5.187706
13902.0000,11.118909,6.945615,-7.273756
13903.0000,13.544310,8.347539,-5.888330
13904.0000,10.922997,2.776866,-5.506191
13905.0000,10.889445,4.922823,-7.921437
13906.0000,9.861373,6.133637,-8.636312
13907.0000,12.924721,6.158328,-11.363182
13908.0000,12.575327,6.685747,-8.577358
13909.0000,13.544553,6.379045,-11.439634
13910.0000,12.038600,8.208781,-12.228742
13911.0000,16.389411,8.347207,-9.755773
13912.0000,19.134930,7.750335,-12.593685
13913.0000,20.642262,7.366910,-11.622449
13914.0000,18.504965,5.730707,-11.436163
13915.0000,19.135174,6.726296,-10.834312
13916.0000,18.085981,6.691309,-14.565195
13917.0000,17.178423,7.880692,-14.916334
13918.0000,14.237751,7.910861,-18.224753
13919.0000,14.397065,8.351259,-16.539804
13920.0000,15.545629,7.059760,-17.800106
13921.0000,17.237417,9.538768,-15.163408
13922.0000,17.989797,8.409325,-14.813766
13923.0000,20.723699,8.399931,-14.149420
13924.0000,21.874496,6.694071,-13.089091
13925.0000,19.636864,6.933435,-14.843887
13926.0000,20.999188,4.009558,-16.309059
13927.0000,21.223395,5.123847,-16.083739
13928.0000,19.749020,5.344438,-14.445652
13929.0000,21.232615,4.448080,-13.115033
13930.0000,19.055005,1.951791,-13.702111
13931.0000,19.016085,-0.421693,-12.668301
13932.0000,16.807388,-3.632071,-13.913515
13933.0000,15.248368,-1.847156,-11.663833
13934.0000,12.045331,1.309643,-12.022796
13935.0000,10.607571,1.040833,-9.782818
13936.0000,9.215578,2.333933,-9.829240
13937.0000,6.466389,1.487984,-12.172547
13938.0000,8.253771,2.397516,-13.311634
13939.0000,8.705294,-0.203908,-11.069707
13940.0000,10.102632,2.037757,-13.697542
13941.0000,11.574260,-0.641358,-12.257913
13942.0000,13.846511,0.335883,-10.581290
13943.0000,16.529228,-0.869521,-10.380115
13944.0000,20.940467,-3.125284,-11.184423
13945.0000,18.612629,-1.842510,-11.690345
13946.0000,19.598821,-1.231078,-9.485918
13947.0000,19.052588,-4.633739,-9.271238
13948.0000,18.236310,-4.323786,-7.797262
13949.0000,20.136127,-3.828943,-9.667850
13950.0000,19.526404,-4.005181,-10.093415
13951.0000,15.489163,-3.409787,-8.977463
13952.0000,13.536159,-1.196015,-8.259329
13953.0000,13.469699,2.260082,-7.658968
13954.0000,16.285405,0.329506,-9.282251
13955.0000,17.234509,3.037456,-9.994545
13956.0000,17.394874,1.556315,-7.083243
13957.0000,13.639149,0.827425,-6.963667
13958.0000,9.763462,-0.186255,-7.628971
13959.0000,9.130917,-0.025583,-7.810872
13960.0000,10.495469,1.625275,-6.358680
13961.0000,12.678433,5.139412,-6.192420
13962.0000,11.041145,4.950347,-8.407519
13963.0000,10.088052,5.052911,-11.273598
13964.0000,13.176965,3.268826,-13.836843
13965.0000,10.640602,0.625325,-13.156341
13966.0000,8.852084,-0.117964,-13.258730
13967.0000,7.128059,-1.980107,-16.763496
13968.0000,8.757195,-2.504816,-13.451111
13969.0000,10.677595,0.371726,-12.895704
13970.0000,12.586807,-0.565113,-13.329923
13971.0000,7.907694,-3.399104,-12.992872
13972.0000,7.680985,-4.011077,-11.809010
13973.0000,6.262300,-6.113271,-12.343435
13974.0000,8.617251,-6.261074,-11.521161
13975.0000,4.063349,-6.163396,-9.461112
13976.0000,2.246394,-6.729585,-7.500980
13977.0000,1.495280,-6.890720,-7.340085
13978.0000,3.347910,-6.564054,-6.378808
13979.0000,-2.504850,-6.816193,-9.447271
13980.0000,-2.931507,-5.167411,-9.107112
13981.0000,-1.028045,-5.007838,-11.994662
13982.0000,-1.345733,-5.878682,-9.830909
13983.0000,0.583763,-5.751061,-11.120246
13984.0000,2.567739,-5.044470,-12.715492
13985.0000,3.241730,-4.253252,-11.832034
13986.0000,5.527757,-4.272627,-9.456728
13987.0000,3.900975,-3.842091,-10.103151
13988.0000,4.937700,-0.113735,-9.513063
13989.0000,7.978213,0.931422,-8.990482
13990.0000,3.996681,1.375761,-12.446935
13991.0000,2.808100,0.015874,-12.063673
13992.0000,4.715845,0.991564,-11.084837
13993.0000,4.013902,1.735821,-5.796072
13994.0000,5.720420,0.168418,-7.744159
13995.0000,5.082329,-1.014697,-6.991365
13996.0000,7.571810,-3.003545,-9.170022
13997.0000,8.953224,-4.666363,-8.673795
13998.0000,8.936192,-7.576468,-10.695697
13999.0000,10.067984,-7.128991,-11.206001
14000.0000,10.163952,-3.697109,-12.675088
14001.0000,10.820483,-3.227319,-11.137683
14002.0000,12.124630,-4.242378,-9.883614
14003.0000,12.165746,-6.852621,-12.337037
14004.0000,16.799187,-9.490454,-11.179138
14005.0000,16.531048,-13.120944,-14.745796
14006.0000,18.855664,-15.495970,-12.911557
14007.0000,18.253046,-18.021773,-10.378153
14008.0000,17.699491,-18.586920,-5.463667
14009.0000,15.090684,-14.390069,-8.370247
14010.0000,15.340692,-12.966413,-8.471912
14011.0000,12.038627,-9.265030,-7.068466
14012.0000,13.349079,-12.628193,-4.800142
14013.0000,14.293533,-12.056647,-5.531441
14014.0000,15.056646,-13.887850,-5.530200
14015.0000,13.152369,-14.741932,-5.740577
14016.0000,8.319048,-14.551437,-8.943354
14017.0000,7.081496,-13.164787,-7.931839
14018.0000,8.723456,-13.668484,-11.905832
14019.0000,7.986239,-10.754712,-12.167262
14020.0000,7.975759,-11.372716,-15.624935
14021.0000,8.029747,-8.342324,-16.620089
14022.0000,7.399379,-8.990995,-16.177594
14023.0000,4.520702,-7.987962,-17.239478
14024.0000,3.150979,-3.086313,-13.855583
14025.0000,3.478544,-4.479219,-10.973506
14026.0000,5.663197,-6.245354,-11.168019
14027.0000,8.791289,-8.322355,-12.071520
14028.0000,10.956404,-7.105906,-13.172002
14029.0000,9.419093,-5.018649,-12.857358
14030.0000,11.742878,-5.915519,-12.516915
14031.0000,13.944002,-1.620805,-9.563523
14032.0000,13.297903,2.956135,-9.496290
14033.0000,13.657837,3.962591,-8.860799
14034.0000,13.326233,1.381043,-7.229185
14035.0000,13.544379,1.814838,-8.488908
14036.0000,15.027751,-1.403554,-7.709055
14037.0000,13.175669,0.855042,-10.310728
14038.0000,14.681829,2.642237,-10.285309
14039.0000,14.446930,2.113371,-10.442214
14040.0000,12.564990,2.977518,-10.558329
14041.0000,16.413782,1.824541,-12.653893
14042.0000,15.843978,2.417961,-12.586752
14043.0000,18.013556,3.840752,-11.385395
14044.0000,16.352452,4.788265,-13.538261
14045.0000,14.661323,3.961973,-13.097763
14046.0000,13.720160,4.208698,-11.854368
14047.0000,15.874805,2.601730,-12.124390
14048.0000,14.973174,4.556714,-13.326843
14049.0000,14.074565,5.952314,-10.228760
14050.0000,14.819201,7.102532,-8.032703
14051.0000,17.173874,4.877629,-11.266819
14052.0000,18.753869,7.558885,-13.486143
14053.0000,16.412295,8.579574,-10.544778
14054.0000,14.852016,8.014349,-8.001879
14055.0000,14.831051,5.263421,-9.570222
14056.0000,12.806326,8.061664,-7.830449
14057.0000,10.194230,7.675682,-4.953604
14058.0000,6.727177,7.636117,-5.521814
14059.0000,8.413600,10.966964,-7.151180
14060.0000,10.076983,9.007751,-6.045874
14061.0000,9.748125,7.328800,-8.397087
14062.0000,11.485918,7.276709,-5.374853
14063.0000,11.665647,9.646874,-6.414917
14064.0000,14.009925,8.033281,-6.196348
14065.0000,14.593006,10.004891,-1.541817
14066.0000,13.389862,12.834906,-0.056340
14067.0000,12.079643,16.810275,3.352636
14068.0000,13.058394,13.155868,4.183693
14069.0000,12.374702,10.775997,6.715081
14070.0000,9.468652,12.118490,7.122474
14071.0000,9.987176,9.814502,5.775012
14072.0000,7.979806,11.037036,5.831964
14073.0000,7.481366,12.793191,7.389698
14074.0000,7.085877,11.764257,3.522832
14075.0000,6.100830,10.816416,2.995152
14076.0000,9.708668,10.490421,-1.168462
14077.0000,5.561153,8.961018,-4.512789
14078.0000,6.053701,5.968653,-2.560118
14079.0000,4.772515,6.733887,-2.822139
14080.0000,4.060737,6.442042,-4.553003
14081.0000,4.937109,6.960626,-4.481333
14082.0000,4.104176,3.936772,-7.136058
14083.0000,2.771559,2.815500,-6.031821
14084.0000,2.015712,6.003335,-5.742139
14085.0000,2.448012,6.955678,-3.791991
14086.0000,0.959506,6.431710,-2.189127
14087.0000,1.309149,8.271212,-1.951799
14088.0000,1.330296,8.399191,-1.806912
14089.0000,0.108007,5.000398,-2.000033
14090.0000,0.547910,5.501461,-2.313088
14091.0000,-0.811081,7.785702,-3.119875
14092.0000,0.200601,9.237228,-5.040170
14093.0000,-1.861671,3.774649,-5.131319
14094.0000,-1.695392,2.803450,-4.182790
14095.0000,0.023621,2.743611,-0.301044
14096.0000,-0.002863,0.135702,-3.157622
14097.0000,1.611379,-2.711578,-5.902113
14098.0000,-0.238105,-4.125886,-5.278244
14099.0000,0.984608,-3.141093,-6.854380
14100.0000,-0.533417,-1.479372,-7.768389
14101.0000,0.262863,-1.086305,-6.754911
14102.0000,2.057062,-3.832554,-7.720864
14103.0000,0.196120,-0.679576,-9.884422
14104.0000,0.257491,0.730555,-12.296160
14105.0000,0.381876,-0.925559,-12.431556
14106.0000,3.352395,0.007364,-10.424688
14107.0000,2.258535,1.123185,-8.501376
14108.0000,0.955513,2.611155,-6.380554
14109.0000,-0.110507,1.696527,-6.466033
14110.0000,2.239617,3.330279,-6.860724
14111.0000,1.813203,2.998246,-6.510429
14112.0000,-0.138641,0.903397,-7.455477
14113.0000,0.818136,-1.430455,-4.636877
14114.0000,6.222871,1.659235,-7.149601
14115.0000,8.365759,0.299294,-5.287569
14116.0000,6.608297,-4.055322,-4.167323
14117.0000,9.535069,-3.069588,-4.083798
14118.0000,7.935123,0.251692,-0.891408
14119.0000,6.077151,-0.122459,-0.808116
14120.0000,6.303098,1.224771,-0.671791
14121.0000,9.677375,2.852911,1.156463
14122.0000,10.785836,2.621882,-2.641784
14123.0000,7.450272,1.089377,-1.679869
14124.0000,7.481175,1.342085,1.323586
14125.0000,10.422636,-0.891464,1.807112
14126.0000,7.337196,-0.553368,1.933906
14127.0000,7.651683,-2.933129,1.988382
14128.0000,7.279899,-2.764632,0.439903
14129.0000,3.128666,1.135913,-1.026788
14130.0000,4.229538,-1.760060,2.145167
14131.0000,0.202205,-3.019922,4.673507
14132.0000,2.486416,-2.532976,9.269780
14133.0000,1.671609,-1.429283,9.596595
14134.0000,0.824278,0.130193,6.335326
14135.0000,1.833344,0.477487,5.656824
14136.0000,3.203048,3.171575,7.086313
14137.0000,2.805197,2.598466,5.675240
14138.0000,4.834601,0.443552,4.046122
14139.0000,3.916572,-1.504788,4.685730
14140.0000,5.062617,-2.950234,6.148432
14141.0000,5.437335,-2.057833,2.670139
14142.0000,7.238810,-1.980126,5.732146
14143.0000,8.301681,-0.335624,6.363733
14144.0000,4.204481,0.317987,7.744637
14145.0000,1.074373,1.211935,7.955015
14146.0000,1.555208,5.746762,7.768277
14147.0000,0.784034,5.604961,8.138424
14148.0000,2.088062,2.012579,8.422231
14149.0000,0.758651,0.231152,7.050228
14150.0000,1.043143,0.730941,6.509343
14151.0000,-0.434627,-1.251058,5.668796
14152.0000,-0.396400,4.059896,4.603663
14153.0000,2.864850,2.305493,4.209347
14154.0000,1.874978,1.774324,5.307925
14155.0000,1.478139,2.771039,5.486440
14156.0000,1.225021,5.507392,2.369367
14157.0000,1.730239,5.983719,3.049226
14158.0000,3.412303,4.024845,1.790311
14159.0000,5.048504,3.674283,1.857679
14160.0000,5.152522,4.192238,0.266786
14161.0000,3.602121,2.739827,-0.583378
14162.0000,5.516003,1.256374,-2.594822
14163.0000,5.042722,0.829443,-1.991211
14164.0000,3.187675,2.929517,-0.797989
14165.0000,-1.738561,2.750958,-2.750157
14166.0000,-6.506696,2.628152,-3.310574
14167.0000,-5.216962,6.046342,-5.108407
14168.0000,-4.671247,4.484684,-7.746259
14169.0000,-3.909474,4.589804,-7.359214
14170.0000,-4.623426,5.193564,-3.913958
14171.0000,-5.095448,4.071473,0.296453
14172.0000,-2.136746,6.497073,1.259897
14173.0000,-2.294868,7.873070,-1.608978
14174.0000,-3.440118,9.855878,-1.521473
14175.0000,-3.422108,11.342676,1.332912
14176.0000,-5.184479,12.174434,2.671770
14177.0000,-3.329729,10.442358,4.944937
14178.0000,-1.930838,9.413711,4.833677
14179.0000,1.744484,6.740049,4.121086
14180.0000,2.340175,6.844218,3.312225
14181.0000,2.118119,8.274277,4.024947
14182.0000,5.990147,9.056084,1.772634
14183.0000,6.520046,7.398856,0.891169
14184.0000,5.103099,5.665429,-3.648347
14185.0000,8.242126,7.621267,-7.943442
14186.0000,6.219543,5.732133,-6.977117
14187.0000,4.887673,6.029772,-6.029321
14188.0000,5.525633,6.871108,-3.534006
14189.0000,5.442342,5.831311,-6.246379
14190.0000,6.238411,5.458987,-3.436369
14191.0000,5.751360,3.432319,-3.087454
14192.0000,3.371092,2.934756,-3.488040
14193.0000,2.836356,0.979644,-3.729699
14194.0000,0.955983,1.817374,-3.381364
14195.0000,1.740965,0.584161,-4.588035
14196.0000,-0.656194,0.350500,-8.152905
14197.0000,-1.525064,1.866902,-8.622769
14198.0000,-1.836953,2.195406,-9.060260
14199.0000,-1.383690,5.152005,-6.026253
14200.0000,-3.440264,5.484039,-4.703824
14201.0000,-1.631410,4.082519,-2.283781
14202.0000,-4.463875,3.159486,-5.747966
14203.0000,-4.370134,2.128238,-5.189710
14204.0000,-1.532623,1.016631,-6.153837
14205.0000,0.219123,4.005229,-5.917801
14206.0000,0.332898,7.729762,-3.497765
14207.0000,3.180191,6.887012,-6.290848
14208.0000,2.704715,8.835026,-3.988083
14209.0000,1.788248,9.460063,-3.947590
14210.0000,1.333052,3.840664,-5.884378
14211.0000,3.266127,3.691214,-5.708830
14212.0000,3.589670,4.554421,-5.322041
14213.0000,5.374441,-0.916207,-5.505092
14214.0000,8.128385,2.653606,-6.272668
14215.0000,8.109638,2.778407,-5.373082
14216.0000,7.625962,1.385928,-5.099667
14217.0000,7.074775,-0.069352,-4.814879
14218.0000,6.884507,-1.241751,-4.002696
14219.0000,3.776613,-1.547125,-1.215180
14220.0000,8.218070,-2.564357,-3.318761
14221.0000,10.943589,-0.268285,-2.871673
14222.0000,6.386024,-3.867725,2.872775
14223.0000,4.304820,-2.319905,0.840128
14224.0000,4.542952,-4.310948,3.132586
14225.0000,4.699190,-5.208663,5.971832
14226.0000,4.001996,-6.027576,4.512390
14227.0000,4.919123,-4.944902,6.508198
14228.0000,9.658343,-5.666573,6.334985
14229.0000,11.704302,-3.171889,6.185351
14230.0000,8.756458,-1.149356,3.734294
14231.0000,9.341426,-2.345846,4.074155
14232.0000,7.781224,-0.407678,0.747715
14233.0000,6.675762,-1.137803,0.216798
14234.0000,6.952782,0.301867,-0.389394
14235.0000,7.453962,1.009693,-0.203495
14236.0000,5.869638,4.346247,1.036816
14237.0000,3.981483,4.684182,-0.195429
14238.0000,3.097220,4.891689,1.890138
14239.0000,1.364039,3.439565,1.437609
14240.0000,-0.177944,1.744184,1.441064
14241.0000,1.839100,1.125869,-0.322956
14242.0000,0.000794,-0.880182,1.370935
14243.0000,-0.364217,-2.900045,-1.730735
14244.0000,1.839657,-0.424844,4.865975
14245.0000,0.923941,-0.873313,0.882112
14246.0000,-3.740958,2.367430,-1.695401
14247.0000,-5.114933,-2.667068,-2.042004
14248.0000,-6.323302,-4.457559,-0.991829
14249.0000,-4.204272,-4.125979,-2.976346
14250.0000,-2.852877,-6.393202,-2.554161
14251.0000,-0.574374,-10.374283,-3.435522
14252.0000,1.768976,-11.765828,-5.498880
14253.0000,2.804686,-12.138097,-6.501174
14254.0000,1.245908,-11.874502,-6.797600
14255.0000,1.051040,-9.687852,-7.435710
14256.0000,-0.376501,-5.849158,-7.105294
14257.0000,0.219769,-8.530601,-5.085258
14258.0000,0.693125,-10.516116,-3.660054
14259.0000,-1.392397,-12.328650,-2.376950
14260.0000,0.388276,-13.603724,-2.950386
14261.0000,0.545516,-12.337437,-2.461152
14262.0000,3.387160,-13.117374,-1.533262
14263.0000,4.892786,-14.217586,-2.321781
14264.0000,5.489953,-14.138632,-0.839564
14265.0000,4.694923,-14.155004,0.593887
14266.0000,5.191882,-11.196158,2.079902
14267.0000,7.810784,-9.026464,0.977724
14268.0000,3.156392,-7.523672,-1.184508
14269.0000,5.753354,-5.705417,0.060188
14270.0000,8.144104,-1.527223,-3.325093
14271.0000,3.674633,-5.055574,-5.885951
14272.0000,1.491988,-7.516386,-4.325827
14273.0000,-0.879532,-4.623732,-3.747297
14274.0000,-0.749423,-5.468710,-3.309551
14275.0000,-2.067059,-8.868858,-5.721883
14276.0000,-2.980469,-5.980158,-5.748872
14277.0000,-4.874879,-3.584476,-6.635686
14278.0000,-7.405269,-4.589298,-4.990480
14279.0000,-6.986286,-2.930189,-6.681856
14280.0000,-3.946760,0.972353,-4.996665
14281.0000,-5.927877,2.182078,-5.579442
14282.0000,-5.726606,2.151820,-5.974316
14283.0000,-4.566373,1.912533,-6.306058
14284.0000,-3.669995,1.607829,-7.476151
14285.0000,-5.296559,1.763420,-4.669547
14286.0000,-4.495720,1.375856,-4.246348
14287.0000,-0.407948,-0.608829,-5.353149
14288.0000,-0.799729,0.073102,-9.337757
14289.0000,-0.811181,1.393523,-9.586702
14290.0000,-2.668516,3.336789,-13.119119
14291.0000,-2.586932,5.855203,-11.389265
14292.0000,-1.469816,9.876617,-10.994972
14293.0000,2.458753,10.732184,-10.728728
14294.0000,3.330274,11.257415,-7.828855
14295.0000,3.294583,11.707931,-5.893827
14296.0000,1.665761,12.702093,-2.880065
14297.0000,5.889886,13.784195,-5.053665
14298.0000,8.768192,13.724030,-5.149568
14299.0000,7.439933,10.635058,-6.510626
14300.0000,7.150240,7.823133,-7.415126
14301.0000,7.488821,3.753908,-10.102734
14302.0000,10.319628,3.759249,-6.589968
14303.0000,13.284994,1.417518,-9.903565
14304.0000,12.075463,1.424266,-9.669024
14305.0000,10.413933,0.634229,-7.895601
14306.0000,10.209180,-1.209976,-8.902935
14307.0000,9.912740,0.782296,-11.265818
14308.0000,5.461432,3.474644,-11.498356
14309.0000,4.455146,3.650317,-14.351956
14310.0000,6.915625,2.451527,-13.754056
14311.0000,9.781571,0.502689,-13.931301
14312.0000,9.006061,1.669109,-15.198929
14313.0000,4.980921,1.485718,-15.688326
14314.0000,6.414691,3.128902,-18.145616
14315.0000,8.691747,4.754171,-16.814869
14316.0000,12.216096,2.449663,-15.766587
14317.0000,9.654846,-1.650061,-16.359467
14318.0000,8.347076,-4.753868,-21.535986
14319.0000,8.410737,-7.184019,-20.241973
14320.0000,9.456019,-5.306302,-21.340989
14321.0000,7.743167,-2.939210,-17.183786
14322.0000,10.293726,-1.393118,-18.683379
14323.0000,9.846455,0.263084,-19.338637
14324.0000,8.853458,3.133229,-16.767683
14325.0000,11.189632,0.808128,-14.987111
14326.0000,11.438069,-0.996454,-14.443192
14327.0000,8.997666,1.947679,-12.806315
14328.0000,10.563708,1.341355,-11.451962
14329.0000,9.868377,2.931839,-11.769597
14330.0000,11.412308,5.493474,-8.629051
14331.0000,12.279729,6.797729,-8.061082
14332.0000,11.055405,10.671653,-8.313588
14333.0000,11.745306,12.651139,-9.303615
14334.0000,12.707143,14.050271,-10.997058
14335.0000,14.893076,15.059878,-12.628545
14336.0000,15.348155,15.066346,-11.168783
14337.0000,14.786306,12.586016,-13.576693
14338.0000,16.218070,13.047144,-15.451771
14339.0000,16.934892,13.511985,-15.830294
14340.0000,16.489720,9.880417,-14.851532
14341.0000,16.839419,9.396527,-15.692122
14342.0000,14.611608,10.897960,-11.501753
14343.0000,12.245264,9.190918,-12.896285
14344.0000,11.812975,8.219308,-12.782006
14345.0000,11.513333,5.113452,-11.230374
14346.0000,10.488995,4.244280,-10.364541
14347.0000,9.549593,2.789496,-10.973660
14348.0000,7.065959,3.012570,-10.226400
14349.0000,5.741315,0.967912,-6.169821
14350.0000,6.277169,4.121930,-6.622319
14351.0000,6.243013,1.270511,-6.093904
14352.0000,4.260166,1.444671,-6.078207
14353.0000,5.990590,-1.289496,-6.018700
14354.0000,6.693701,-0.691643,-7.708957
14355.0000,6.762292,2.779827,-10.361324
14356.0000,6.433896,-1.090655,-6.584175
14357.0000,4.676550,-0.344291,-7.103615
14358.0000,4.713055,0.149000,-6.756658
14359.0000,5.429184,2.177835,-4.314971
14360.0000,2.344222,1.411642,-2.141735
14361.0000,0.380447,3.671557,-1.228405
14362.0000,0.924023,5.138702,1.822634
14363.0000,2.675448,5.310065,2.395841
14364.0000,4.591587,7.944055,3.968208
14365.0000,3.253168,8.943903,9.308151
14366.0000,0.496765,7.382039,7.315714
14367.0000,1.577757,4.899343,4.482528
14368.0000,0.111107,1.813371,7.412493
14369.0000,3.227351,-0.333531,7.611981
14370.0000,2.485037,-2.204914,5.475897
14371.0000,-1.621769,-6.248194,4.692566
14372.0000,-3.539075,-3.040365,4.431835
14373.0000,-2.443600,-5.509604,7.235059
14374.0000,-2.923763,-5.860592,7.613502
14375.0000,-1.177953,-7.119503,10.197035
14376.0000,-3.646949,-4.025154,12.087505
14377.0000,-1.570206,-3.042876,7.010292
14378.0000,-0.282943,-3.791444,5.298383
14379.0000,-2.109070,-5.109852,5.173499
14380.0000,-0.351889,-3.131475,5.145010
14381.0000,1.213268,2.467816,2.712359
14382.0000,1.755323,0.262658,1.904657
14383.0000,1.347777,0.682428,-0.805251
14384.0000,0.280748,2.245661,0.854279
14385.0000,2.060268,4.552514,-1.021514
14386.0000,0.741820,4.535310,-3.592993
14387.0000,1.855659,3.930934,-8.218906
14388.0000,1.240045,0.860113,-8.101787
14389.0000,3.479374,-1.934442,-10.642753
14390.0000,4.711258,-3.842620,-11.161606
14391.0000,7.452495,-4.104825,-9.305427
14392.0000,5.710339,-4.090392,-9.693327
14393.0000,4.716214,-3.688918,-4.958150
14394.0000,5.783272,-1.640925,-2.947710
14395.0000,3.997175,-6.144874,-1.879783
14396.0000,4.309307,-8.043232,0.125810
14397.0000,5.896153,-10.012950,0.463368
14398.0000,7.388557,-10.368376,-1.208204
14399.0000,7.191554,-5.197397,-2.835349
14400.0000,5.011377,-3.923974,-0.974024
14401.0000,4.325468,-5.627605,0.427867
14402.0000,6.177069,-2.311348,0.459977
14403.0000,4.594681,-1.681917,0.003888
14404.0000,2.825131,-0.677332,0.893744
14405.0000,2.035957,1.586470,1.080755
14406.0000,1.121778,2.911638,0.257899
14407.0000,2.692299,6.420367,-2.491227
14408.0000,4.047860,8.034596,-0.976489
14409.0000,2.537828,7.444402,1.834049
14410.0000,1.864527,6.113308,2.764990
14411.0000,4.858013,4.562263,0.604372
14412.0000,4.502901,3.160032,-1.320532
14413.0000,4.478283,2.228544,-0.427048
14414.0000,1.630049,-0.508985,-2.009465
14415.0000,1.609421,-0.161130,-0.658534
14416.0000,-0.338095,1.635269,-2.328487
14417.0000,0.157319,2.223472,1.726381
14418.0000,1.000646,0.970396,2.391824
14419.0000,0.346604,5.605906,0.539278
14420.0000,-0.235159,4.589552,1.695653
14421.0000,1.385929,7.919300,-1.938925
14422.0000,2.096309,10.080797,-3.966087
14423.0000,-0.386625,10.674537,-0.941056
14424.0000,-0.882376,10.865295,-1.863535
14425.0000,-0.489722,10.738162,-2.938806
14426.0000,-3.750791,12.658370,0.634793
14427.0000,-0.714412,12.409987,1.179636
14428.0000,-2.359052,8.706372,-1.800663
14429.0000,-3.977576,5.460249,-4.279747
14430.0000,-5.908642,2.446565,-5.320552
14431.0000,-5.743875,5.255844,-1.557254
14432.0000,-6.314235,7.838885,-2.960993
14433.0000,-4.555272,5.561582,-4.423415
14434.0000,-5.603699,8.154885,-5.362199
14435.0000,-7.358040,4.275240,-6.175240
14436.0000,-8.751911,4.104195,-6.816185
14437.0000,-7.566755,2.386406,-4.590755
14438.0000,-9.080266,5.431857,-5.700787
14439.0000,-11.532726,3.000290,-2.880605
14440.0000,-10.699507,1.585824,-3.003236
14441.0000,-7.385146,0.235729,-3.945648
14442.0000,-5.455003,-1.713219,-1.745638
14443.0000,-3.348004,-2.615263,-2.701492
14444.0000,-4.539675,-5.794342,-0.065424
14445.0000,-4.489457,-3.707391,1.499987
14446.0000,-2.615817,-6.750961,0.827506
14447.0000,-3.336198,-4.647580,0.201274
14448.0000,-1.350895,-5.927946,0.287769
14449.0000,-2.326594,-6.343109,-0.340473
14450.0000,-3.030326,-7.519669,2.024729
14451.0000,-4.172407,-6.244142,0.007146
14452.0000,0.192076,-9.842571,-0.370969
14453.0000,0.321676,-8.383107,-4.267382
14454.0000,1.673322,-11.147473,-5.399180
14455.0000,-0.277447,-9.339646,-0.284679
14456.0000,-1.221334,-8.939450,-0.663746
14457.0000,-3.904241,-9.759465,-0.552908
14458.0000,-2.044916,-11.084021,-1.567197
14459.0000,-4.063855,-10.149771,-5.638642
14460.0000,-5.156588,-7.504992,-4.724663
14461.0000,-6.096658,-9.047159,-5.542143
14462.0000,-4.416387,-7.982859,-6.853988
14463.0000,-4.089243,-5.297443,-7.051535
14464.0000,-7.268484,-5.392346,-9.896752
14465.0000,-9.575339,-4.907839,-12.493843
14466.0000,-12.099823,-2.712042,-12.366063
14467.0000,-12.954280,-4.251354,-13.303447
14468.0000,-12.350834,-4.315364,-12.630708
14469.0000,-12.402721,-5.838552,-13.443532
14470.0000,-16.603140,-8.165395,-12.946202
14471.0000,-13.849679,-6.197427,-12.180641
14472.0000,-12.083270,-4.767555,-12.654147
14473.0000,-9.487959,-9.112133,-11.976642
14474.0000,-11.252682,-8.744709,-13.227432
14475.0000,-13.718461,-10.073498,-12.921875
14476.0000,-8.986694,-8.426924,-13.330068
14477.0000,-7.576699,-9.820211,-9.778588
14478.0000,-6.755819,-9.676573,-11.461396
14479.0000,-6.568240,-10.189342,-10.432438
14480.0000,-7.929043,-12.127731,-9.108801
14481.0000,-6.181344,-10.661968,-9.011836
14482.0000,-5.570856,-11.331849,-9.071504
14483.0000,-9.879498,-12.598594,-9.056132
14484.0000,-7.021405,-12.690890,-6.704116
14485.0000,-5.697145,-9.067272,-7.973845
14486.0000,-6.185403,-9.156965,-5.348076
14487.0000,-5.940689,-10.613705,-6.506413
14488.0000,-7.386438,-9.264944,-3.373861
14489.0000,-9.955815,-6.325017,-6.588931
14490.0000,-8.831737,-7.249547,-11.146603
14491.0000,-11.275883,-5.789224,-12.826682
14492.0000,-14.858002,-6.093187,-15.247827
14493.0000,-13.685769,-8.579915,-16.868587
14494.0000,-12.367843,-7.831932,-15.792323
14495.0000,-13.626759,-10.034477,-10.949737
14496.0000,-13.529728,-7.990866,-10.747487
14497.0000,-13.497228,-10.724529,-12.748923
14498.0000,-13.399411,-12.296865,-12.950009
14499.0000,-13.191058,-15.749453,-12.560149
14500.0000,-13.965624,-16.349613,-14.527277
14501.0000,-17.539073,-17.157964,-15.825985
14502.0000,-15.994232,-17.251171,-14.212591
14503.0000,-17.074163,-19.265325,-13.468408
14504.0000,-16.574480,-15.169952,-13.011710
14505.0000,-16.794760,-13.952664,-10.560380
14506.0000,-18.806110,-15.530605,-8.311813
14507.0000,-16.211065,-13.507309,-10.363846
14508.0000,-20.308789,-13.913322,-11.134865
14509.0000,-19.728267,-13.321768,-11.338298
14510.0000,-19.087215,-16.213960,-12.796973
14511.0000,-18.816418,-15.863991,-14.579809
14512.0000,-18.475647,-15.099738,-11.149052
14513.0000,-17.350815,-16.004913,-8.784360
14514.0000,-18.994576,-17.596736,-7.700673
14515.0000,-18.406270,-19.439460,-6.206363
14516.0000,-21.435927,-19.809782,-8.299706
14517.0000,-20.836827,-17.419031,-9.967542
14518.0000,-20.524513,-15.684553,-9.189319
14519.0000,-18.934166,-14.203408,-6.055385
14520.0000,-18.204307,-14.291758,-5.388507
14521.0000,-17.913165,-11.198747,-6.062344
14522.0000,-18.914846,-12.024881,-3.337566
14523.0000,-18.147013,-11.781746,-3.785744
14524.0000,-13.927263,-6.851007,-1.814191
14525.0000,-12.827980,-10.833703,-3.087725
14526.0000,-13.384851,-12.204257,-3.213799
14527.0000,-14.983019,-10.899998,-6.000749
14528.0000,-13.525535,-9.904108,-7.997992
14529.0000,-13.571487,-7.804546,-8.009956
14530.0000,-15.338907,-9.691057,-7.605433
14531.0000,-10.925380,-8.682577,-8.267248
14532.0000,-10.655556,-11.583035,-9.875110
14533.0000,-11.648638,-11.559103,-7.894356
14534.0000,-16.147839,-12.003212,-8.892185
14535.0000,-13.710974,-10.206101,-10.926399
14536.0000,-12.740452,-10.747056,-9.756734
14537.0000,-13.170699,-9.265762,-10.942602
14538.0000,-13.114392,-8.446996,-7.928018
14539.0000,-12.354203,-7.997772,-7.847692
14540.0000,-11.748557,-7.299891,-9.930284
14541.0000,-11.035026,-6.124192,-9.365517
14542.0000,-10.790679,-7.814404,-7.831696
14543.0000,-10.092932,-8.151789,-8.116792
14544.0000,-9.386236,-9.828901,-8.770774
14545.0000,-7.022264,-9.176826,-9.821781
14546.0000,-4.813605,-7.096199,-11.674987
14547.0000,-3.942199,-9.018398,-9.171013
14548.0000,-2.027739,-13.040887,-6.937036
14549.0000,-5.261501,-14.283399,-8.766886
14550.0000,-6.306169,-10.236893,-5.586363
14551.0000,-7.521716,-14.598009,-8.853770
14552.0000,-7.069596,-15.638506,-7.632646
14553.0000,-2.668058,-13.570006,-8.254627
14554.0000,-1.750380,-15.844681,-5.306088
14555.0000,-1.616997,-14.374990,-6.436278
14556.0000,-4.459743,-15.119646,-6.709354
14557.0000,-3.079001,-13.499329,-8.509140
14558.0000,-5.562475,-12.367550,-7.530032
14559.0000,-6.102804,-11.857726,-5.478953
14560.0000,-5.297282,-11.815590,-3.333617
14561.0000,-5.122404,-11.267157,-4.343604
14562.0000,-3.626522,-13.532428,-3.785025
14563.0000,-1.984366,-14.551864,-1.003419
14564.0000,-1.468493,-13.969627,-3.672455
14565.0000,-1.328808,-11.381732,-1.384595
14566.0000,-2.311190,-10.819798,-2.014735
14567.0000,-4.357514,-11.731175,-2.849662
14568.0000,-7.552982,-14.173301,-3.228396
14569.0000,-9.146755,-12.094568,-2.360024
14570.0000,-8.811596,-12.295948,-0.246271
14571.0000,-9.146566,-13.869143,-0.073565
14572.0000,-5.243077,-13.313536,3.005099
14573.0000,-3.981790,-15.929826,-1.071201
14574.0000,-3.684203,-16.493305,-2.844064
14575.0000,-3.009622,-14.799755,-3.077785
14576.0000,-5.334880,-17.642545,-4.314942
14577.0000,-4.851374,-15.147458,-4.190752
14578.0000,-6.915381,-16.795552,-5.020408
14579.0000,-7.821728,-15.982493,-2.709555
14580.0000,-10.549362,-14.791420,-0.602235
14581.0000,-9.786600,-16.317899,-0.072939
14582.0000,-13.623017,-15.043677,-0.096439
14583.0000,-13.825187,-17.156304,0.840644
14584.0000,-13.532949,-16.079738,0.543307
14585.0000,-9.427060,-15.166610,2.075423
14586.0000,-10.042796,-15.942632,-0.464069
14587.0000,-6.620770,-14.372123,1.507565
14588.0000,-5.915273,-12.240750,2.120165
14589.0000,-2.757037,-8.301613,1.698735
14590.0000,-7.247419,-9.133760,1.233153
14591.0000,-2.367019,-10.122471,2.124556
14592.0000,-4.947196,-11.495462,5.693237
14593.0000,-3.175574,-9.732219,6.819157
14594.0000,-0.368907,-9.324310,4.898275
14595.0000,1.396400,-6.180212,4.233614
14596.0000,-0.212224,-5.487907,2.590636
14597.0000,0.624741,-7.443188,-0.720067
14598.0000,1.375148,-6.816088,0.954742
14599.0000,-1.134578,-7.651128,1.264565
14600.0000,-0.523156,-6.338285,1.959268
14601.0000,0.071662,-8.178716,1.936298
14602.0000,-0.681910,-7.479618,-0.875649
14603.0000,-1.368627,-4.090662,-1.904493
14604.0000,-2.068529,-5.915161,-0.244524
14605.0000,-3.749952,-6.120360,-0.274704
14606.0000,-1.412716,-5.445440,-3.297940
14607.0000,-2.459051,-5.057420,-4.696373
14608.0000,0.236703,-4.100112,-3.843480
14609.0000,-0.748916,-6.589286,-2.750934
14610.0000,-0.185076,-8.151018,-5.868206
14611.0000,-0.369787,-7.556607,-5.332025
14612.0000,-0.412520,-7.936618,-8.427294
14613.0000,-0.242651,-7.132806,-8.162245
14614.0000,-2.250209,-10.897875,-9.008028
14615.0000,-4.062595,-11.870282,-8.690372
14616.0000,-7.593839,-15.383850,-6.734689
14617.0000,-6.085935,-16.992148,-7.559433
14618.0000,-5.790400,-15.672010,-8.122382
14619.0000,-5.929462,-11.738564,-8.686507
14620.0000,-6.385864,-11.376333,-9.977643
14621.0000,-7.939046,-10.976266,-10.154897
14622.0000,-7.532962,-10.198440,-9.026290
14623.0000,-7.329592,-8.836584,-5.269158
14624.0000,-8.319801,-11.594330,-4.236544
14625.0000,-8.605418,-12.422648,-2.470292
14626.0000,-11.547719,-11.699732,-1.087882
14627.0000,-12.687538,-13.340590,-0.564225
14628.0000,-12.039561,-13.852444,-1.329980
14629.0000,-11.969004,-13.274394,-3.785931
14630.0000,-11.151663,-14.195803,-4.121396
14631.0000,-9.590877,-18.597286,-7.167831
14632.0000,-6.381712,-17.797433,-7.019797
14633.0000,-8.119121,-19.574588,-7.186213
14634.0000,-5.059794,-16.007218,-6.940214
14635.0000,-5.498834,-15.793189,-10.174422
14636.0000,-3.677181,-18.790948,-10.955568
14637.0000,-3.649601,-20.124136,-5.874290
14638.0000,-1.955106,-21.149671,-3.629901
14639.0000,-4.003451,-20.976647,-5.684056
14640.0000,-5.081805,-21.839645,-3.581872
14641.0000,-5.663391,-25.176643,-0.724410
14642.0000,-6.440057,-24.818205,-1.911529
14643.0000,-4.010705,-23.592825,-2.817432
14644.0000,-5.785070,-25.750080,-3.337457
14645.0000,-3.970723,-24.952207,-3.000468
14646.0000,-3.872570,-23.696451,-3.716383
14647.0000,-3.884944,-25.134476,-0.506569
14648.0000,-4.127320,-25.269045,-4.281959
14649.0000,-7.601824,-25.283473,-4.985238
14650.0000,-8.510128,-23.647247,-2.532815
14651.0000,-11.182418,-24.460633,-3.467425
14652.0000,-8.904736,-25.091479,-2.434271
14653.0000,-6.093778,-24.483981,2.079353
14654.0000,-5.304728,-23.240476,2.081207
14655.0000,-1.561078,-20.706347,-0.527161
14656.0000,1.123506,-19.289208,-1.733188
14657.0000,1.638406,-18.914842,0.456485
14658.0000,2.637193,-17.625709,-1.379632
14659.0000,2.439346,-17.754953,0.030966
14660.0000,1.801419,-17.375605,0.078089
14661.0000,-2.968754,-16.154235,-2.868416
14662.0000,-4.387071,-16.439450,-0.625564
14663.0000,-1.408824,-19.079481,-2.284240
14664.0000,-1.110591,-18.287310,-1.110450
14665.0000,-1.455911,-19.530515,-4.600170
14666.0000,-0.965834,-16.547494,-5.118395
14667.0000,-2.970807,-20.309562,-4.132661
14668.0000,1.168828,-22.273665,-5.665261
14669.0000,1.980461,-21.394280,-7.487316
14670.0000,1.663558,-21.094887,-8.394099
14671.0000,1.507315,-19.647757,-13.595177
14672.0000,1.786908,-19.373589,-14.874127
14673.0000,3.887703,-17.352294,-16.010422
14674.0000,2.058773,-15.171791,-14.432216
14675.0000,1.242695,-12.514820,-16.590458
14676.0000,0.163928,-14.370568,-14.767630
14677.0000,-0.574868,-17.966197,-14.741237
14678.0000,-1.187035,-18.461325,-14.908400
14679.0000,-1.077330,-18.670682,-15.445593
14680.0000,-0.574731,-17.846362,-12.939163
14681.0000,-2.678087,-21.757438,-13.010259
14682.0000,-0.742321,-24.923201,-8.502698
14683.0000,-0.170229,-25.013886,-7.573093
14684.0000,1.201901,-22.125883,-8.932132
14685.0000,2.089329,-20.886421,-8.653221
14686.0000,3.307114,-24.140116,-6.027364
14687.0000,2.848418,-21.937246,-2.451861
14688.0000,0.364639,-21.569481,-0.485851
14689.0000,0.817396,-21.365728,-2.958015
14690.0000,-0.040135,-19.568841,-1.654614
14691.0000,-0.726886,-20.290225,-5.049592
14692.0000,-2.140026,-22.794187,-2.684673
14693.0000,-1.988632,-21.676815,-2.500402
14694.0000,-2.790309,-20.698272,-2.707016
14695.0000,-4.642119,-18.759562,-4.007899
14696.0000,-4.715641,-17.100786,-4.763736
14697.0000,-5.378403,-18.118936,-8.397303
14698.0000,-6.537222,-17.042324,-10.369328
14699.0000,-6.913628,-16.365452,-8.317056
14700.0000,-7.024228,-15.577363,-11.257102
14701.0000,-6.632034,-14.190616,-6.172070
14702.0000,-1.877347,-14.925823,-6.423115
14703.0000,0.173143,-16.278747,-6.715340
14704.0000,2.167851,-16.890043,-5.929673
14705.0000,-0.695838,-17.314397,-3.179604
14706.0000,1.307442,-18.125318,-2.230116
14707.0000,2.573012,-17.945465,-5.169884
14708.0000,2.106995,-20.536486,-3.316356
14709.0000,2.115767,-23.595310,-4.568235
14710.0000,4.630825,-26.063404,-3.788682
14711.0000,7.027239,-26.106349,-5.383072
14712.0000,5.684186,-25.425760,-6.481121
14713.0000,3.891365,-26.443584,-4.906409
14714.0000,0.091687,-23.518239,-7.321227
14715.0000,2.904660,-22.126153,-5.869502
14716.0000,-0.346701,-21.966572,-5.236057
14717.0000,1.037583,-21.207160,-6.148966
14718.0000,0.453809,-22.375752,-6.181813
14719.0000,0.052279,-21.970134,-8.315673
14720.0000,1.815295,-20.457427,-7.956082
14721.0000,-0.221710,-22.048070,-4.816223
14722.0000,1.484920,-23.417829,-8.387793
14723.0000,-1.118704,-26.367803,-6.943470
14724.0000,-1.193822,-23.434362,-4.719939
14725.0000,0.905928,-23.721224,-5.485472
14726.0000,4.615289,-26.226773,-5.392881
14727.0000,4.532250,-25.233269,-5.998589
14728.0000,7.813669,-28.132710,-3.703967
14729.0000,10.694067,-27.602971,-5.446439
14730.0000,8.903072,-27.384202,-9.192346
14731.0000,9.530129,-27.517634,-8.912588
14732.0000,8.641258,-24.261064,-7.593140
14733.0000,9.069003,-22.482817,-5.943977
14734.0000,11.026376,-21.899367,-8.887759
14735.0000,11.994211,-23.969665,-9.161392
14736.0000,12.708414,-20.165188,-11.491025
14737.0000,11.235559,-20.101096,-15.669027
14738.0000,10.390909,-19.110842,-15.227793
14739.0000,9.937108,-20.730692,-17.032071
14740.0000,8.829591,-20.897070,-16.332265
14741.0000,7.871124,-19.850218,-13.718953
14742.0000,3.741681,-19.820209,-15.719781
14743.0000,3.919329,-18.799276,-10.596487
14744.0000,6.864416,-18.729781,-8.896987
14745.0000,8.262215,-16.824830,-9.674934
14746.0000,6.736857,-16.317553,-9.144864
14747.0000,6.964427,-13.050130,-8.936621
14748.0000,8.635654,-13.598414,-5.065315
14749.0000,9.153432,-16.296202,-0.243738
14750.0000,10.013409,-15.231620,-1.068133
14751.0000,9.987195,-16.482801,2.404322
14752.0000,9.415599,-14.354475,3.322503
14753.0000,5.115774,-14.962157,1.286644
14754.0000,3.517068,-9.864328,6.076319
14755.0000,1.658251,-11.719902,4.726224
14756.0000,4.197181,-9.288109,2.851704
14757.0000,6.793620,-9.857416,4.131445
14758.0000,9.363523,-10.087514,4.625633
14759.0000,9.990441,-9.422047,3.726467
14760.0000,10.868516,-7.776496,5.972733
14761.0000,13.283760,-6.002259,2.079637
14762.0000,14.020413,-4.820886,1.055610
14763.0000,14.945882,-6.694782,4.150179
14764.0000,17.068414,-7.542001,0.990043
14765.0000,15.243342,-10.089190,-0.683785
14766.0000,15.695599,-10.331491,-4.316066
14767.0000,18.732278,-9.762199,-7.463916
14768.0000,20.185221,-7.885160,-9.734505
14769.0000,22.298478,-7.208168,-9.373464
14770.0000,20.457609,-8.683299,-9.149559
14771.0000,21.430352,-9.405996,-6.971872
14772.0000,20.613011,-8.763024,-5.705958
14773.0000,19.787600,-7.499260,-6.213603
14774.0000,19.532830,-11.981321,-7.876820
14775.0000,18.259051,-16.426536,-5.692843
14776.0000,16.453154,-12.618295,-5.781153
14777.0000,20.718605,-11.780405,-6.447917
14778.0000,21.684103,-15.248811,-5.323645
14779.0000,26.414869,-17.275159,-5.303310
14780.0000,28.725023,-13.845873,-6.486427
14781.0000,25.163419,-15.485707,-8.976304
14782.0000,23.835676,-15.645940,-9.282922
14783.0000,23.272210,-15.463034,-10.094065
14784.0000,22.355851,-12.907747,-11.960484
14785.0000,18.170739,-12.794187,-11.342234
14786.0000,16.238596,-12.606186,-15.742628
14787.0000,14.820152,-11.862493,-16.864131
14788.0000,17.886066,-7.886428,-15.537242
14789.0000,17.913543,-6.113031,-17.989931
14790.0000,20.529922,-6.401110,-17.802636
14791.0000,22.922675,-4.614096,-18.441614
14792.0000,22.648104,-4.263288,-16.076617
14793.0000,21.491921,-5.549870,-15.081056
14794.0000,22.490921,-6.699944,-13.606688
14795.0000,20.624437,-8.311996,-13.094925
14796.0000,21.465753,-8.010449,-14.229884
14797.0000,18.640724,-5.971873,-13.528961
14798.0000,19.132889,-9.092071,-10.759553
14799.0000,15.758030,-9.571460,-11.862307
14800.0000,20.058390,-6.268227,-15.010963
14801.0000,17.400279,-4.385130,-15.104229
14802.0000,16.345786,-5.132930,-14.256736
14803.0000,14.703361,-4.250496,-12.422743
14804.0000,10.931113,-5.039502,-10.767396
14805.0000,9.792591,-3.237046,-12.008511
14806.0000,11.213227,-2.828289,-7.582015
14807.0000,10.946223,-3.473780,-10.391453
14808.0000,11.952475,-0.910453,-10.556179
14809.0000,14.081762,-4.619170,-10.888186
14810.0000,12.866929,-9.718558,-6.459408
14811.0000,12.534020,-10.514752,-10.047328
14812.0000,12.979103,-13.636229,-7.456074
14813.0000,13.821059,-16.427730,-9.979350
14814.0000,13.429449,-17.373987,-11.657339
14815.0000,12.976762,-15.675976,-12.679215
14816.0000,10.162117,-15.787962,-10.288989
14817.0000,12.491981,-16.819752,-11.005808
14818.0000,13.272269,-18.761296,-11.324671
14819.0000,10.938442,-16.003136,-9.818201
14820.0000,12.918328,-17.541140,-9.739790
14821.0000,12.064189,-17.769794,-7.054225
14822.0000,9.283355,-18.213863,-5.789618
14823.0000,7.705853,-16.955236,-4.716096
14824.0000,7.815911,-14.994177,-4.322416
14825.0000,7.387873,-18.030841,-6.880431
14826.0000,7.986303,-15.741174,-8.526976
14827.0000,10.470265,-15.537696,-4.083819
14828.0000,7.643562,-20.302801,-3.545861
14829.0000,7.384104,-20.408652,-3.365074
14830.0000,7.217569,-21.919912,-3.923259
14831.0000,7.614328,-19.170566,-5.869665
14832.0000,7.241266,-16.433360,-6.424464
14833.0000,5.517580,-15.492124,-1.470242
14834.0000,6.646946,-16.224205,-1.077375
14835.0000,8.292453,-18.625102,3.820150
14836.0000,6.398765,-18.025307,5.570928
14837.0000,7.722072,-16.886785,5.715983
14838.0000,3.504312,-14.877030,6.934421
14839.0000,2.964257,-12.574449,7.571565
14840.0000,3.652422,-13.656651,4.775350
14841.0000,5.414457,-13.160859,6.994670
14842.0000,5.087841,-13.410062,6.685746
14843.0000,7.395151,-11.943646,8.914734
14844.0000,5.868120,-13.142684,10.194683
14845.0000,3.837170,-14.826249,11.017132
14846.0000,7.576776,-19.541972,11.728902
14847.0000,5.692119,-19.900688,10.558215
14848.0000,4.885924,-18.808546,11.400654
14849.0000,4.796765,-18.056611,12.661067
14850.0000,4.240530,-18.995412,11.997142
14851.0000,4.824071,-17.806189,10.781169
14852.0000,4.767764,-18.894840,8.221034
14853.0000,4.521446,-17.753118,5.812446
14854.0000,6.195245,-19.308560,4.174023
14855.0000,2.152544,-20.436032,4.704935
14856.0000,3.062593,-15.308730,0.952796
14857.0000,3.264039,-17.619394,3.320153
14858.0000,2.206401,-19.241447,1.620871
14859.0000,3.219319,-22.027209,3.192002
14860.0000,1.829071,-23.014760,6.486311
14861.0000,0.339834,-24.609499,6.412467
14862.0000,0.797370,-26.425937,5.996207
14863.0000,0.807737,-22.032013,6.035538
14864.0000,2.585509,-20.001916,5.520769
14865.0000,6.575780,-18.317089,9.557609
14866.0000,7.475771,-16.436851,7.299752
14867.0000,7.095989,-15.727327,7.025062
14868.0000,8.221757,-16.096746,6.103646
14869.0000,7.771333,-17.244082,8.060610
14870.0000,9.477131,-18.230475,9.077900
14871.0000,7.878565,-18.650387,9.948744
14872.0000,5.658044,-21.864962,10.689289
14873.0000,6.604049,-17.413751,10.458515
14874.0000,10.161221,-18.905304,10.912656
14875.0000,8.515506,-14.715770,11.931835
14876.0000,11.482688,-13.869809,10.518021
14877.0000,10.520998,-12.869703,7.732773
14878.0000,8.573115,-16.649868,7.539102
14879.0000,7.795548,-18.355282,9.713630
14880.0000,5.530363,-17.361374,9.552824
14881.0000,4.849702,-14.969907,11.140572
14882.0000,1.923832,-16.817493,11.549543
14883.0000,1.196838,-15.669564,12.431170
14884.0000,2.876325,-15.053807,10.145646
14885.0000,5.335182,-17.282950,10.320593
14886.0000,9.273516,-18.587702,7.652696
14887.0000,11.755483,-15.555702,7.163510
14888.0000,12.124799,-17.725120,8.580469
14889.0000,11.264752,-18.409431,10.447161
14890.0000,10.699047,-17.544831,10.141993
14891.0000,10.573808,-15.924407,12.660596
14892.0000,11.368821,-13.449691,12.400520
14893.0000,8.771925,-15.220804,9.234209
14894.0000,9.413593,-18.098806,6.101217
14895.0000,9.500402,-20.464036,5.660570
14896.0000,11.869344,-19.634414,3.764548
14897.0000,12.167858,-15.529254,3.830202
14898.0000,9.628699,-15.339576,4.869246
14899.0000,7.545045,-15.305131,5.552720
14900.0000,5.550990,-10.813891,7.946675
14901.0000,5.892546,-13.791005,8.521098
14902.0000,4.559452,-12.360580,7.712107
14903.0000,3.479508,-12.458264,13.169465
14904.0000,3.539324,-11.933466,18.043553
14905.0000,2.698812,-11.604321,20.097384
14906.0000,2.039631,-8.979235,19.317512
14907.0000,-0.690714,-4.711543,18.754364
14908.0000,-0.313324,-3.749709,18.881049
14909.0000,-0.399596,-3.549862,16.082180
14910.0000,-1.116661,-4.372532,14.800595
14911.0000,0.016848,-4.627383,13.696716
14912.0000,-2.746376,-8.282959,14.457880
14913.0000,-3.748616,-9.379632,15.806720
14914.0000,-2.423819,-8.636570,17.824842
14915.0000,-1.445133,-8.217441,20.706573
14916.0000,0.021036,-6.446695,22.704776
14917.0000,-1.719400,-6.344687,22.623294
14918.0000,-0.543668,-7.210437,22.965670
14919.0000,-4.566499,-3.552024,24.305040
14920.0000,-6.080570,-1.495685,23.667988
14921.0000,-7.811762,2.855617,22.604393
14922.0000,-6.361138,4.440414,21.279010
14923.0000,-7.323222,5.836538,23.518306
14924.0000,-7.635610,7.816479,22.073540
14925.0000,-5.676751,7.860366,21.395695
14926.0000,-9.210788,4.978209,23.701677
14927.0000,-10.500307,1.342064,22.339358
14928.0000,-8.554181,1.639693,22.451268
14929.0000,-8.451267,3.445611,22.658097
14930.0000,-9.352739,1.241459,22.236701
14931.0000,-8.536919,1.166811,19.958061
14932.0000,-3.689285,2.289682,19.831281
14933.0000,-5.372150,4.726745,19.545900
14934.0000,-3.172667,1.847340,18.140935
14935.0000,-6.889997,-0.311740,17.446926
14936.0000,-2.137714,-4.121989,19.557742
14937.0000,-3.186343,-5.789961,14.945993
14938.0000,-4.339326,-8.080624,11.559505
14939.0000,-1.559266,-4.226913,11.996347
14940.0000,-2.763271,-3.345882,14.547346
14941.0000,-2.859972,-1.672434,13.614739
14942.0000,-0.885795,-0.636932,18.964123
14943.0000,0.705531,-0.968808,19.575542
14944.0000,2.011738,-1.518128,20.753021
14945.0000,4.034619,-3.298924,17.078440
14946.0000,3.190760,-4.497385,15.496074
14947.0000,3.218274,-3.781146,15.110329
14948.0000,3.869996,-5.896692,12.853057
14949.0000,6.832409,-4.819227,11.029658
14950.0000,4.484022,-3.193700,11.745900
14951.0000,5.908465,-5.276335,14.624332
14952.0000,7.077364,-4.666275,12.814055
14953.0000,9.735299,-2.105299,17.703653
14954.0000,8.491095,-1.637337,15.326884
14955.0000,7.218621,0.367167,15.148591
14956.0000,8.632101,-1.298455,12.013974
14957.0000,8.569806,-0.410197,12.720466
14958.0000,8.917837,2.097563,15.371559
14959.0000,9.443684,1.014239,17.570533
14960.0000,10.788819,0.864126,20.405532
14961.0000,11.157940,2.731530,17.875921
14962.0000,10.942577,2.544080,18.749402
14963.0000,9.551094,2.172595,14.654065
14964.0000,4.673083,-0.032919,12.552284
14965.0000,4.296812,-0.821188,6.861932
14966.0000,7.373198,0.376491,5.531778
14967.0000,8.131766,-1.014025,4.051676
14968.0000,8.560597,-0.912510,4.293878
14969.0000,9.404158,-0.133659,2.393029
14970.0000,10.673008,-0.151681,2.933331
14971.0000,11.690710,2.173496,3.841747
14972.0000,9.710627,2.517241,4.478573
14973.0000,8.131080,2.297425,3.269817
14974.0000,11.750402,1.163541,7.172827
14975.0000,13.284267,2.025916,8.022001
14976.0000,13.764684,3.378546,7.713567
14977.0000,13.522861,0.016025,8.774986
14978.0000,12.480402,2.818984,9.957546
14979.0000,14.289181,3.853052,7.270750
14980.0000,13.210369,0.914975,4.873394
14981.0000,12.154217,5.145239,6.972489
14982.0000,15.430530,5.265603,5.936132
14983.0000,13.704020,6.955572,4.639243
14984.0000,14.604296,7.338730,4.996226
14985.0000,15.957887,8.356840,6.870297
14986.0000,14.382523,7.989063,6.275378
14987.0000,14.484770,7.341868,0.162833
14988.0000,14.264136,9.536451,1.866443
14989.0000,9.308408,9.692549,1.357831
14990.0000,6.852023,14.665246,3.296921
14991.0000,4.183680,14.446347,2.001182
14992.0000,2.602722,14.087364,4.467138
14993.0000,2.785143,16.653027,2.881756
14994.0000,3.761712,18.206963,3.909790
14995.0000,1.893752,16.368139,2.124551
14996.0000,5.427433,17.335168,1.850433
14997.0000,6.141360,15.614153,3.424018
14998.0000,9.322977,14.371857,2.010282
14999.0000,10.805197,16.641265,1.393954
15000.0000,8.999920,12.475338,2.122882
15001.0000,13.581597,12.611280,4.001463
15002.0000,12.007661,11.029465,1.953571
15003.0000,13.291780,10.172185,1.424639
15004.0000,17.126962,7.736303,0.747271
15005.0000,15.697649,8.891362,3.394171
15006.0000,14.992184,5.987940,1.233809
15007.0000,16.862946,9.360463,-0.276610
15008.0000,18.647551,6.519168,-0.273319
15009.0000,17.369074,8.551496,2.342338
15010.0000,18.389269,10.387975,-0.206956
15011.0000,18.867810,9.117813,-0.815944
15012.0000,16.211452,8.739743,-2.158392
15013.0000,17.722880,8.566630,-1.803732
15014.0000,16.339425,6.674089,-3.008469
15015.0000,14.893346,8.710957,-1.365376
15016.0000,15.283786,9.557531,-1.741960
15017.0000,13.406293,16.505994,-2.661778
15018.0000,10.433925,15.711218,-2.903659
15019.0000,13.530626,15.063710,0.230198
15020.0000,14.281862,12.093006,2.153633
15021.0000,17.761019,10.341312,2.577922
15022.0000,19.749278,11.309643,-0.520113
15023.0000,17.372114,10.137996,-1.620459
15024.0000,19.526064,8.681811,-2.042253
15025.0000,18.127663,8.881846,-2.350874
15026.0000,18.896453,5.258553,-7.763220
15027.0000,16.195027,6.918121,-6.825099
15028.0000,13.953256,7.289607,-7.483257
15029.0000,12.291445,6.436643,-4.630867
15030.0000,11.977112,5.813116,-6.027413
15031.0000,12.517474,4.352781,-6.554455
15032.0000,11.364604,5.273553,-8.475913
15033.0000,7.112399,7.900066,-10.799481
15034.0000,4.070905,6.068339,-9.236637
15035.0000,3.265116,7.699207,-7.708330
15036.0000,3.645776,7.436175,-3.525630
15037.0000,3.635005,7.540931,-2.540748
15038.0000,3.482588,5.293943,-5.357079
15039.0000,4.688535,9.602431,-5.429159
15040.0000,4.507990,11.838365,-3.004249
15041.0000,5.754877,14.932473,-2.225457
15042.0000,6.382042,14.570439,-2.740346
15043.0000,6.622675,16.000643,-4.529123
15044.0000,5.528935,19.366405,-4.272398
15045.0000,4.841238,16.009348,-1.029341
15046.0000,7.614427,17.025686,-6.227222
15047.0000,5.275053,17.823102,-5.273915
15048.0000,6.463481,19.370908,-3.734400
15049.0000,6.734184,18.188477,-2.698427
15050.0000,7.170958,16.197626,-2.904475
15051.0000,4.214430,17.176547,-2.332935
15052.0000,6.238356,17.236545,-1.544791
15053.0000,4.393973,18.044143,-3.817761
15054.0000,3.525798,17.956957,-4.445563
15055.0000,2.062912,18.295881,-5.496749
15056.0000,1.215786,17.592879,-7.450839
15057.0000,0.485026,17.527246,-6.919206
15058.0000,-0.156519,19.886256,-3.481432
15059.0000,3.157284,17.817668,-0.367207
15060.0000,2.097843,17.821464,-0.268823
15061.0000,-0.291367,18.605405,-1.581042
15062.0000,1.088252,15.927209,-3.249915
15063.0000,-0.634496,16.900266,-1.831870
15064.0000,-0.806538,18.974188,-3.021342
15065.0000,-0.696670,19.299060,-5.069626
15066.0000,-1.961745,19.889765,-5.497637
15067.0000,-1.515099,16.315405,-5.850117
15068.0000,-2.048486,17.343128,-4.625782
15069.0000,1.166410,18.382316,-6.196587
15070.0000,3.132167,21.181420,-9.138102
15071.0000,3.742136,21.029811,-8.217730
15072.0000,0.870659,20.623823,-9.943031
15073.0000,-1.770675,19.624906,-8.736044
15074.0000,-1.115597,19.213021,-4.536233
15075.0000,-0.261247,19.714952,-3.998013
15076.0000,4.176714,21.463388,-2.825948
15077.0000,6.541260,20.982532,-2.554638
15078.0000,5.963298,19.617716,-4.869708
15079.0000,6.707633,20.708671,-7.131202
15080.0000,8.320081,22.085762,-4.897249
15081.0000,7.399327,22.838869,-1.875366
15082.0000,6.408917,20.790605,-3.541864
15083.0000,5.260045,21.152579,-4.933564
15084.0000,3.762560,23.524002,-7.169952
15085.0000,2.326907,25.593596,-7.724147
15086.0000,2.803574,23.571876,-8.643769
15087.0000,1.459781,23.014756,-7.507624
15088.0000,1.314654,23.725452,-6.762897
15089.0000,2.074219,22.812068,-4.889904
15090.0000,-0.530008,21.332855,-4.080630
15091.0000,-0.427674,20.832726,-3.989026
15092.0000,-1.432817,19.972650,-0.973278
15093.0000,0.065382,21.653492,-0.471170
15094.0000,0.380270,18.859769,4.429058
15095.0000,0.557523,19.959443,1.381520
15096.0000,1.380623,19.655801,4.678889
15097.0000,-1.659982,18.866502,6.410421
15098.0000,-3.249641,19.162777,7.005136
15099.0000,-6.955235,21.939266,9.423281
15100.0000,-10.147873,23.066836,8.657621
15101.0000,-10.320275,23.043949,3.501497
15102.0000,-8.580844,22.254391,0.774446
15103.0000,-10.939771,24.281436,0.800239
15104.0000,-7.347525,21.527827,3.409182
15105.0000,-6.733226,22.424370,-0.027386
15106.0000,-5.655333,20.534341,0.169098
15107.0000,-4.992537,20.193791,1.767119
15108.0000,-1.409478,18.825770,2.872401
15109.0000,-3.010131,17.757359,2.432608
15110.0000,-3.069530,14.627594,-0.968755
15111.0000,-1.530389,15.260375,0.923820
15112.0000,-3.049241,14.176660,0.027608
15113.0000,-2.056049,14.032485,-0.758335
15114.0000,-0.448881,10.042164,-0.149891
15115.0000,-2.123018,9.694056,1.245937
15116.0000,-1.187375,14.496503,1.493866
15117.0000,-0.488444,13.286817,2.084343
15118.0000,1.277027,13.667390,6.517035
15119.0000,-0.873020,17.404710,8.563512
15120.0000,0.225307,20.086387,5.050779
15121.0000,1.976745,23.425659,0.141979
15122.0000,1.258198,27.299039,4.466069
15123.0000,2.229587,25.465297,4.963766
15124.0000,3.775056,24.046282,6.667729
15125.0000,2.276389,24.676926,6.303075
15126.0000,0.020532,24.142511,8.179780
15127.0000,-2.084119,24.571042,7.951821
15128.0000,-1.701383,23.949653,11.195001
15129.0000,2.886866,23.342513,10.278211
15130.0000,0.842321,22.033187,5.957648
15131.0000,-0.604186,20.786349,10.005460
15132.0000,2.246283,19.240611,10.572791
15133.0000,0.805957,18.676880,6.286986
15134.0000,0.025263,16.046804,7.730461
15135.0000,-1.724703,16.457526,7.232510
15136.0000,-3.651889,14.004337,8.705922
15137.0000,-3.300382,14.108106,10.126970
15138.0000,-1.951721,13.391316,9.025486
15139.0000,0.822285,13.432368,9.594922
15140.0000,1.350088,11.821894,11.160701
15141.0000,1.108034,12.169052,11.884285
15142.0000,-0.095573,14.220612,15.702836
15143.0000,1.216826,13.840827,15.989303
15144.0000,0.012873,12.292906,13.721570
15145.0000,2.774397,14.140719,17.744935
15146.0000,2.248025,13.921897,14.480114
15147.0000,3.844729,16.347350,13.947691
15148.0000,2.854810,17.007020,13.755235
15149.0000,3.192824,16.348400,17.089115
15150.0000,6.065589,13.385909,17.763891
15151.0000,2.106814,15.383888,19.352227
15152.0000,1.871051,13.958588,22.691803
15153.0000,3.450688,12.933763,20.211181
15154.0000,1.090094,12.265757,21.735485
15155.0000,0.197424,12.634773,23.669146
15156.0000,0.196522,14.444508,23.407195
15157.0000,-2.749306,18.719896,21.333136
15158.0000,1.179573,17.221297,22.441768
15159.0000,0.387015,20.120651,20.590093
15160.0000,1.143504,19.536454,22.847339
15161.0000,2.294884,17.629370,25.749237
15162.0000,3.444001,16.263086,28.732933
15163.0000,1.642926,16.103225,28.844928
15164.0000,1.594858,15.031337,29.440166
15165.0000,0.042256,14.923470,34.694874
15166.0000,-0.172584,13.422054,35.603875
15167.0000,-4.305380,12.634043,35.521991
15168.0000,-2.901056,9.180432,32.889284
15169.0000,-5.843887,10.047495,35.562969
15170.0000,-3.675143,8.308159,36.354800
15171.0000,-4.126326,6.777181,35.871362
15172.0000,-5.245662,6.183746,34.200364
15173.0000,-6.813952,2.486424,31.829430
15174.0000,-5.700393,5.633641,28.881475
15175.0000,-1.910615,2.702474,31.022154
15176.0000,-0.438722,0.570877,31.057595
15177.0000,-1.374261,0.490794,26.683749
15178.0000,-3.087337,-1.663484,30.371759
15179.0000,-0.921513,-1.840624,26.886597
15180.0000,1.523388,-2.490379,29.000291
15181.0000,3.039613,-3.837575,26.958880
15182.0000,1.134388,-1.911931,28.355509
15183.0000,2.032885,-0.632717,25.501341
15184.0000,-1.730612,3.222501,22.593536
15185.0000,-2.944614,3.877563,22.372396
15186.0000,-0.413825,4.831151,23.509617
15187.0000,-0.339730,6.777511,23.740588
15188.0000,-2.746127,7.787792,22.869472
15189.0000,-1.007430,5.425990,20.044942
15190.0000,0.287472,6.620903,19.689033
15191.0000,-1.715312,4.859137,22.353860
15192.0000,-4.905341,4.537132,20.705108
15193.0000,-7.224845,5.627034,22.151923
15194.0000,-8.809542,6.558406,23.666626
15195.0000,-10.350809,7.437528,23.766249
15196.0000,-11.384812,7.949548,24.059531
15197.0000,-11.705767,7.738335,24.058173
15198.0000,-12.284225,7.703662,26.487664
15199.0000,-10.917584,4.495668,25.220574
15200.0000,-13.200156,1.562345,23.032101
15201.0000,-11.207734,5.246586,21.532965
15202.0000,-9.841421,2.935299,18.311207
15203.0000,-10.074067,3.006737,17.971484
15204.0000,-13.485030,2.957454,17.062325
15205.0000,-15.388598,2.185961,19.365948
15206.0000,-15.426119,4.169007,18.760873
15207.0000,-13.715167,5.470007,18.244219
15208.0000,-11.251174,5.325004,16.073032
15209.0000,-14.578034,4.447897,16.083317
15210.0000,-13.886863,4.279660,17.467314
15211.0000,-13.618900,1.475276,17.007042
15212.0000,-11.442514,-2.021034,13.766852
15213.0000,-12.137642,-0.826821,14.163653
15214.0000,-11.880210,-1.044877,13.665390
15215.0000,-12.253091,1.405285,15.690356
15216.0000,-12.263406,2.338163,11.908447
15217.0000,-14.840640,4.264194,10.918575
15218.0000,-15.809158,4.491867,8.811258
15219.0000,-15.976919,4.377898,8.120345
15220.0000,-13.340423,5.015968,9.643180
15221.0000,-16.550124,5.114457,6.779836
15222.0000,-18.682819,6.265701,8.448412
15223.0000,-20.614610,10.179688,4.011669
15224.0000,-18.541018,11.295347,5.139244
15225.0000,-14.309452,12.256253,8.015312
15226.0000,-17.228063,12.853394,9.456395
15227.0000,-16.033741,15.018623,8.836485
15228.0000,-13.842153,13.349928,5.567799
15229.0000,-17.013648,13.754139,5.970048
15230.0000,-17.421131,12.346810,2.823219
15231.0000,-16.220794,15.776425,1.553014
15232.0000,-18.210203,12.758597,-0.923680
15233.0000,-13.998362,7.954919,-5.085024
15234.0000,-14.107674,10.232966,-4.718033
15235.0000,-16.137279,6.382963,-4.060571
15236.0000,-17.588814,7.404298,-0.886427
15237.0000,-15.879432,5.502576,2.034967
15238.0000,-15.707590,8.869171,3.423561
15239.0000,-15.999471,7.783426,6.187240
15240.0000,-15.363224,8.116625,7.599104
15241.0000,-18.735245,5.943843,6.662402
15242.0000,-17.997334,6.958950,6.912427
15243.0000,-17.595052,12.568894,8.034790
15244.0000,-15.737623,13.898911,7.863706
15245.0000,-14.751762,14.084762,9.455806
15246.0000,-17.018791,16.605065,7.952381
15247.0000,-16.872856,16.655582,6.860000
15248.0000,-15.484590,16.883906,7.768129
15249.0000,-16.707551,15.314006,7.614517
15250.0000,-17.852475,15.545702,9.993462
15251.0000,-17.949586,18.558522,9.106041
15252.0000,-20.982637,17.374594,11.337595
15253.0000,-19.964262,16.548409,12.654676
15254.0000,-18.694130,19.240441,13.264317
15255.0000,-19.651737,21.352773,11.033043
15256.0000,-21.760849,20.399123,9.506224
15257.0000,-23.805437,16.266059,12.538005
15258.0000,-23.897992,19.977835,9.994623
15259.0000,-23.369050,19.303073,10.939365
15260.0000,-19.340823,20.831309,8.955011
15261.0000,-20.232855,22.911636,11.156637
15262.0000,-18.956947,23.132543,13.678848
15263.0000,-15.942002,19.305263,12.137635
15264.0000,-14.537738,15.064028,9.424613
15265.0000,-12.759730,15.687928,11.257299
15266.0000,-14.711664,17.540955,9.144143
15267.0000,-18.418112,17.802839,9.942330
15268.0000,-14.960028,18.655591,7.373386
15269.0000,-14.988156,15.691316,7.796762
15270.0000,-14.321573,16.397074,7.645917
15271.0000,-8.193276,18.032848,11.157166
15272.0000,-5.953514,21.518484,10.860484
15273.0000,-7.962978,22.267861,10.368651
15274.0000,-7.352047,18.464426,9.894477
15275.0000,-3.153737,19.751090,10.538398
15276.0000,-3.813779,18.438140,12.206952
15277.0000,-2.766992,17.593124,10.647828
15278.0000,-2.992911,18.390623,10.246865
15279.0000,-1.587289,17.984690,11.484940
15280.0000,-2.654332,14.467919,13.260816
15281.0000,-2.465642,13.691399,10.766126
15282.0000,-4.238019,13.570072,11.029824
15283.0000,-3.378626,11.431905,9.371355
15284.0000,-4.340251,9.659885,9.090615
15285.0000,-1.370065,9.715617,5.931943
15286.0000,-0.826911,7.224632,7.517236
15287.0000,1.137799,7.069531,9.542065
15288.0000,1.142770,8.058306,8.601975
15289.0000,0.028031,7.360718,11.392301
15290.0000,2.338098,6.698618,9.239253
15291.0000,-1.471482,7.588249,12.174518
15292.0000,-1.607778,7.650118,12.963874
15293.0000,-3.163949,5.496142,11.783765
15294.0000,-5.456916,3.137821,8.144611
15295.0000,-4.190986,5.439887,4.966616
15296.0000,-4.442870,5.500921,3.353693
15297.0000,-3.291601,4.145931,5.457839
15298.0000,-5.709064,6.055514,8.209767
15299.0000,-5.784144,9.017486,7.710766
15300.0000,-3.321495,8.517059,5.152368
15301.0000,-2.516417,7.413387,5.538774
15302.0000,-6.314481,8.123165,3.394212
15303.0000,-5.181438,6.343081,1.966963
15304.0000,-6.409425,8.065865,1.060373
15305.0000,-5.744632,4.340479,2.296438
15306.0000,-9.561458,2.471837,5.087411
15307.0000,-9.661102,3.402693,5.661954
15308.0000,-8.101360,3.561942,6.977847
15309.0000,-8.000686,3.013112,6.840886
15310.0000,-8.303944,4.895179,7.054677
15311.0000,-6.293652,7.532918,5.600898
15312.0000,-4.347292,11.308725,0.874393
15313.0000,-7.992523,12.608967,3.000495
15314.0000,-7.835688,12.352264,5.886859
15315.0000,-8.568391,13.903392,7.645391
15316.0000,-9.431993,12.220879,10.224651
15317.0000,-8.466476,12.405400,7.982729
15318.0000,-10.526501,12.724029,9.346066
15319.0000,-8.429772,12.050363,12.204991
15320.0000,-6.788758,12.810434,14.563535
15321.0000,-6.258590,14.508783,9.976100
15322.0000,-4.634338,13.037032,6.934631
15323.0000,-4.647393,10.224706,9.614197
15324.0000,-5.931775,10.658482,5.593513
15325.0000,-5.284447,11.643660,4.619288
15326.0000,-4.956026,12.097361,4.958802
15327.0000,-5.558849,12.619438,3.647387
15328.0000,-4.900114,10.793757,3.440625
15329.0000,-2.854920,10.930213,3.190290
15330.0000,-5.319196,12.669599,3.468851
15331.0000,-0.773637,11.133603,2.832228
15332.0000,-0.874401,8.010317,1.632909
15333.0000,-0.745297,5.840917,0.528476
15334.0000,0.043568,3.900530,0.617465
15335.0000,2.278184,0.250200,0.369259
15336.0000,2.695881,-0.616086,-3.749889
15337.0000,2.014396,-2.229512,-2.283046
15338.0000,0.306177,-3.883469,-4.373056
15339.0000,-1.994117,-3.157877,-1.220281
15340.0000,-2.139542,-2.866245,0.154039
15341.0000,-0.532049,1.168283,1.858676
15342.0000,-2.297915,1.804839,1.061273
15343.0000,0.166978,2.111234,-1.584926
15344.0000,-0.746521,-0.356478,-3.309587
15345.0000,-0.305619,0.446846,0.385485
15346.0000,2.646104,3.343224,-0.374681
15347.0000,3.168631,2.033636,3.488331
15348.0000,3.135727,1.277413,-0.872196
15349.0000,3.326669,-0.451401,-3.251370
15350.0000,4.040091,2.828506,-5.348496
15351.0000,3.127637,3.341297,-3.213709
15352.0000,3.137332,-0.190560,-1.306317
15353.0000,3.444475,-1.506279,-0.873093
15354.0000,4.324781,-0.841361,-2.615343
15355.0000,-0.449633,-1.120035,-1.470202
15356.0000,-2.030392,-0.557697,-2.449559
15357.0000,-2.031424,2.464768,-4.498091
15358.0000,0.334197,3.999818,-7.288956
15359.0000,0.718073,5.399732,-10.789950
15360.0000,-0.678838,5.802625,-10.782960
15361.0000,-3.030929,4.054484,-11.570349
15362.0000,-4.847193,3.703493,-12.844268
15363.0000,-3.952105,3.411353,-14.990328
15364.0000,-3.716561,2.196216,-14.663190
15365.0000,-4.138341,-0.924851,-13.398262
15366.0000,-3.841725,-4.302997,-11.873542
15367.0000,-2.299627,-2.540651,-10.278348
15368.0000,-2.156507,2.055365,-10.790872
15369.0000,-1.373616,6.039880,-10.333145
15370.0000,-2.412456,6.513304,-8.305789
15371.0000,-2.947313,8.847773,-9.448158
15372.0000,-1.988191,7.868769,-7.792151
15373.0000,-0.623408,8.501607,-8.948852
15374.0000,-3.721018,6.798976,-9.916432
15375.0000,-3.031083,7.593657,-7.477265
15376.0000,-5.700306,7.666284,-5.447147
15377.0000,-7.028000,5.725832,-5.225855
15378.0000,-6.586102,4.313267,-5.106929
15379.0000,-8.078037,4.806205,-3.918066
15380.0000,-10.210539,4.557750,-6.978403
15381.0000,-6.864421,3.546458,-8.398298
15382.0000,-3.964736,1.905425,-11.880380
15383.0000,-1.388981,2.740030,-14.033113
15384.0000,2.664194,3.014481,-13.621061
15385.0000,2.830951,3.135999,-9.828934
15386.0000,3.418703,4.442051,-10.530507
15387.0000,1.790251,2.861092,-9.602396
15388.0000,0.286704,5.866604,-11.844834
15389.0000,-4.120482,7.542483,-6.957297
15390.0000,-4.860401,6.882024,-7.986396
15391.0000,-7.579116,4.353125,-4.678944
15392.0000,-7.440731,4.004651,-3.790563
15393.0000,-9.226902,6.106875,-3.073228
15394.0000,-7.749366,8.300292,-4.678670
15395.0000,-10.159193,7.790068,-3.395432
15396.0000,-9.241784,7.432741,-4.162693
15397.0000,-10.247663,6.918820,-3.368862
15398.0000,-8.362412,6.028430,-3.031197
15399.0000,-9.705196,3.169696,-1.219903
15400.0000,-8.764408,2.512672,-2.009007
15401.0000,-10.234938,3.265114,-1.563798
15402.0000,-13.595920,2.113211,-3.274923
15403.0000,-13.462993,-0.219973,-0.730341
15404.0000,-13.327094,-0.487808,-2.117067
15405.0000,-16.139589,-1.892257,-1.526994
15406.0000,-18.272605,-4.353391,-0.779142
15407.0000,-16.691550,-3.085811,-0.988321
15408.0000,-14.064703,-5.294481,-2.691258
15409.0000,-12.436285,-5.748845,-1.182258
15410.0000,-13.017831,-7.465120,-2.011057
15411.0000,-12.993567,-8.062391,-2.454716
15412.0000,-12.575177,-10.899763,-3.455898
15413.0000,-10.691634,-10.780979,-4.145284
15414.0000,-9.896663,-13.579220,-4.332138
15415.0000,-10.915762,-16.113866,-6.563915
15416.0000,-8.601471,-17.553135,-8.958487
15417.0000,-8.502239,-14.800422,-8.088587
15418.0000,-8.950853,-13.341163,-8.503684
15419.0000,-8.290370,-14.603756,-8.787504
15420.0000,-10.002267,-16.660493,-7.981964
15421.0000,-6.794601,-14.914969,-10.118253
15422.0000,-6.265755,-15.757122,-12.140453
15423.0000,-8.327030,-12.738127,-13.283088
15424.0000,-7.365577,-14.123929,-14.948804
15425.0000,-6.538428,-16.679203,-17.707145
15426.0000,-4.187551,-15.638814,-18.533882
15427.0000,-3.416593,-14.258805,-20.080505
15428.0000,-5.996498,-14.393984,-18.634085
15429.0000,-5.011598,-13.540006,-19.572648
15430.0000,-1.914720,-16.901515,-23.341171
15431.0000,-4.605106,-13.931266,-23.820890
15432.0000,-1.587689,-10.942123,-22.659022
15433.0000,-1.749043,-14.819332,-24.099576
15434.0000,-0.078591,-15.255119,-20.647713
15435.0000,-0.425899,-15.355813,-21.201518
15436.0000,-2.389605,-14.463832,-18.519031
15437.0000,-1.497591,-11.339188,-17.979458
15438.0000,2.135738,-7.193987,-18.672958
15439.0000,3.941839,-12.036722,-19.478712
15440.0000,6.075775,-8.470699,-22.108944
15441.0000,4.158708,-8.013418,-23.325021
15442.0000,3.772835,-10.027982,-21.105110
15443.0000,2.104180,-8.930909,-22.804329
15444.0000,0.434533,-7.769906,-22.935716
15445.0000,1.806462,-8.362320,-24.241773
15446.0000,2.088516,-8.697213,-19.526661
15447.0000,2.100666,-8.845078,-19.300702
15448.0000,3.999891,-8.946736,-21.925371
15449.0000,4.491643,-7.169681,-23.156930
15450.0000,2.036266,-7.195522,-24.245762
15451.0000,0.972735,-6.306755,-24.458126
15452.0000,2.335721,-9.458692,-25.025401
15453.0000,0.027717,-6.118287,-25.433040
15454.0000,-4.328768,-6.250485,-23.304568
15455.0000,-5.073095,-5.863898,-22.708985
15456.0000,-8.845745,-8.259510,-21.796609
15457.0000,-8.595320,-11.703506,-24.045474
15458.0000,-7.070163,-15.922191,-21.163952
15459.0000,-6.804019,-15.917934,-20.645185
15460.0000,-6.642117,-14.573931,-21.003871
15461.0000,-7.038533,-16.410811,-19.417002
15462.0000,-7.363136,-16.834507,-20.907514
15463.0000,-7.131344,-14.498079,-18.105971
15464.0000,-4.536656,-12.718486,-15.559804
15465.0000,-5.376832,-13.884356,-13.087369
15466.0000,-9.325849,-15.785475,-13.694325
15467.0000,-8.929235,-16.049603,-11.514175
15468.0000,-10.251876,-16.944159,-12.795930
15469.0000,-10.709595,-18.356799,-10.787237
15470.0000,-7.736449,-18.702971,-13.924682
15471.0000,-6.147592,-19.366322,-15.494556
15472.0000,-0.997274,-20.434465,-14.517446
15473.0000,1.741948,-19.984932,-15.157932
15474.0000,2.818861,-18.543665,-14.393642
15475.0000,-1.321231,-18.185819,-13.899882
15476.0000,-0.293784,-20.979864,-11.688849
15477.0000,-0.691749,-21.976523,-9.990049
15478.0000,0.318849,-19.341976,-11.009816
15479.0000,1.868571,-20.937049,-16.633213
15480.0000,-1.189215,-19.874776,-17.179386
15481.0000,-0.643478,-18.618877,-19.115445
15482.0000,0.508936,-20.007040,-19.159722
15483.0000,3.937427,-21.705488,-18.585536
15484.0000,3.619917,-24.020190,-20.261979
15485.0000,1.221034,-25.402633,-18.660825
15486.0000,3.155461,-26.071325,-18.792625
15487.0000,3.117904,-22.433198,-17.352719
15488.0000,4.170103,-24.520943,-15.992282
15489.0000,6.067561,-22.804242,-15.771847
15490.0000,7.362111,-22.260914,-16.135090
15491.0000,6.969504,-21.659312,-17.070913
15492.0000,4.970756,-18.995320,-17.086184
15493.0000,5.144407,-20.592973,-14.818274
15494.0000,6.113785,-21.886002,-13.522661
15495.0000,4.287750,-17.904290,-10.413973
15496.0000,3.343528,-14.746469,-13.541449
15497.0000,3.534480,-18.015046,-12.354134
15498.0000,3.610591,-18.903965,-11.609025
15499.0000,2.066052,-16.681700,-14.156738
15500.0000,-0.505873,-16.228120,-14.855369
15501.0000,-3.069469,-17.485425,-18.372171
15502.0000,-3.393982,-15.815473,-18.271449
15503.0000,-0.497533,-12.999468,-19.239758
15504.0000,1.741466,-14.016371,-18.485405
15505.0000,0.157912,-15.106590,-19.430820
15506.0000,1.361667,-15.648760,-21.185951
15507.0000,5.187057,-14.913343,-19.238829
15508.0000,2.660908,-14.985273,-19.472689
15509.0000,-0.210596,-16.824969,-22.379359
15510.0000,1.786154,-12.920863,-22.481617
15511.0000,2.877210,-11.832749,-21.960690
15512.0000,2.309965,-13.561530,-21.376600
15513.0000,4.324640,-16.786456,-23.010227
15514.0000,2.676851,-16.135502,-22.956634
15515.0000,2.069148,-14.902085,-21.732681
15516.0000,0.117528,-18.459549,-25.730983
15517.0000,1.585750,-17.661840,-28.164932
15518.0000,-1.130988,-17.977166,-29.001786
15519.0000,-2.710858,-18.862499,-28.259841
15520.0000,-5.440379,-15.967692,-24.903196
15521.0000,-6.738386,-15.222016,-22.587204
15522.0000,-3.274335,-16.698621,-21.837711
15523.0000,-1.552431,-17.829524,-24.191553
15524.0000,-3.777808,-18.282854,-25.471561
15525.0000,-6.670930,-15.422383,-26.790100
15526.0000,-8.801694,-14.754680,-29.549442
15527.0000,-11.447550,-16.115161,-28.496152
15528.0000,-6.596212,-15.422598,-30.979019
15529.0000,-4.738492,-14.546740,-32.709480
15530.0000,-10.303711,-11.870150,-30.670453
15531.0000,-10.345572,-12.930679,-29.119111
15532.0000,-9.163685,-13.204000,-25.500122
15533.0000,-11.541826,-12.183024,-26.163713
15534.0000,-12.108039,-12.193554,-29.136636
15535.0000,-11.737654,-12.694978,-27.372298
15536.0000,-13.515538,-12.183233,-31.010524
15537.0000,-11.343268,-9.673381,-33.015899
15538.0000,-11.371973,-9.238438,-31.536740
15539.0000,-9.404402,-7.449697,-30.228390
15540.0000,-8.984040,-5.827269,-28.327357
15541.0000,-8.612738,-2.970640,-30.304143
15542.0000,-10.612911,-3.965058,-29.211040
15543.0000,-14.474315,-2.262071,-27.212892
15544.0000,-10.745878,-2.157013,-27.941907
15545.0000,-8.283431,-4.346522,-26.886622
15546.0000,-7.319338,-5.981134,-27.644406
15547.0000,-7.616731,-3.787571,-24.911222
15548.0000,-7.908247,-5.972725,-22.887005
15549.0000,-6.440323,-7.561680,-23.975306
15550.0000,-6.595438,-9.859059,-24.099459
15551.0000,-7.829018,-10.491362,-26.248651
15552.0000,-10.808473,-10.573974,-29.704259
15553.0000,-10.736244,-11.563718,-29.786377
15554.0000,-7.560371,-13.928506,-28.907531
15555.0000,-7.447416,-13.342000,-29.712344
15556.0000,-9.078239,-15.130473,-27.356322
15557.0000,-6.115875,-13.721206,-25.633157
15558.0000,-4.341305,-13.259416,-23.453173
15559.0000,-4.590413,-11.377778,-22.795720
15560.0000,-5.849621,-11.830087,-21.494430
15561.0000,-5.782295,-11.433465,-20.300075
15562.0000,-3.823921,-11.841980,-20.161531
15563.0000,-4.784447,-10.600810,-24.073929
15564.0000,-5.728979,-11.549943,-25.250997
15565.0000,-3.293305,-8.725314,-24.846631
15566.0000,2.690285,-10.811554,-26.625355
15567.0000,2.969050,-13.028478,-28.352394
15568.0000,1.142345,-13.912141,-26.388803
15569.0000,2.042561,-17.509647,-26.992169
15570.0000,3.708525,-14.073729,-26.968556
15571.0000,0.870434,-11.656452,-27.485493
15572.0000,4.391209,-13.180219,-25.328923
15573.0000,3.622345,-12.546746,-27.150957
15574.0000,3.505972,-11.903179,-29.276796
15575.0000,-2.588557,-10.180171,-23.938734
15576.0000,-2.055535,-9.758522,-25.815128
15577.0000,-6.364991,-10.262257,-24.458212
15578.0000,-1.587056,-8.278192,-25.351894
15579.0000,4.355566,-6.868556,-24.512306
15580.0000,6.286413,-6.642168,-19.540301
15581.0000,4.718970,-6.581741,-19.562518
15582.0000,2.312819,-6.504678,-20.804091
15583.0000,0.332151,-6.046319,-23.810129
15584.0000,-1.042129,-1.701542,-23.692323
15585.0000,-1.077187,-1.595417,-23.721690
15586.0000,-2.372613,-3.416841,-25.385966
15587.0000,-1.737746,-1.950719,-23.232127
15588.0000,0.143210,3.179303,-24.890274
15589.0000,-0.518252,3.135835,-21.738195
15590.0000,-1.995674,9.911130,-20.831515
15591.0000,-1.071954,7.380099,-20.112229
15592.0000,0.145501,7.286524,-19.001255
15593.0000,2.383469,7.759359,-22.783421
15594.0000,3.659415,9.775272,-22.333531
15595.0000,-0.520447,10.341671,-20.069634
15596.0000,-1.990439,8.849603,-24.347237
15597.0000,-2.376674,9.861473,-26.621395
15598.0000,-5.791013,8.820907,-22.497011
15599.0000,-5.895179,5.532456,-24.028464
15600.0000,-5.919893,3.613882,-25.051597
15601.0000,-4.020530,6.351368,-29.800003
15602.0000,-4.683815,5.020305,-28.340169
15603.0000,-4.882192,7.560926,-26.629409
15604.0000,-7.039951,6.111100,-26.708300
15605.0000,-7.379382,7.724480,-28.413982
15606.0000,-8.881395,7.741489,-28.328583
15607.0000,-11.684978,10.255042,-27.645156
15608.0000,-11.397702,11.309119,-28.137545
15609.0000,-9.089867,12.672712,-27.857365
15610.0000,-9.478573,11.769283,-27.806097
15611.0000,-8.725331,12.941330,-24.969524
15612.0000,-8.876152,14.214641,-24.214767
15613.0000,-7.037660,12.152938,-21.561043
15614.0000,-6.668377,9.517404,-20.023699
15615.0000,-5.815784,9.681716,-23.614780
15616.0000,-2.281058,7.416971,-23.191234
15617.0000,-2.180817,7.690708,-23.135882
15618.0000,-0.673745,4.146572,-20.905103
15619.0000,-1.002936,5.920698,-20.044776
15620.0000,-0.438510,6.400519,-20.834944
15621.0000,-1.687922,7.765448,-20.130445
15622.0000,-1.121892,3.170433,-22.871759
15623.0000,-1.329974,3.619948,-22.421772
15624.0000,-4.773222,4.310232,-23.690445
15625.0000,-4.177315,6.206009,-23.679117
15626.0000,-1.740257,8.184998,-25.072265
15627.0000,-1.712454,10.539829,-26.352273
15628.0000,-1.075874,11.497983,-24.770536
15629.0000,-0.803535,8.782383,-21.213476
15630.0000,-0.913213,6.762748,-22.664558
15631.0000,3.088094,6.784347,-24.336533
15632.0000,1.777033,7.457179,-23.742309
15633.0000,-0.840122,6.002520,-23.547261
15634.0000,-0.282638,7.129831,-23.518814
15635.0000,-0.707718,12.248481,-24.786190
15636.0000,-0.620063,11.132377,-22.770736
15637.0000,-1.321430,10.628319,-22.928892
15638.0000,-2.304162,7.825770,-20.715934
15639.0000,0.746032,6.478925,-22.264179
15640.0000,1.322707,6.611586,-20.369392
15641.0000,2.818154,7.152044,-20.676556
15642.0000,3.823728,7.078318,-20.352662
15643.0000,1.401684,7.119650,-21.519830
15644.0000,2.548879,7.278013,-20.014822
15645.0000,3.743894,10.745705,-16.839940
15646.0000,6.939745,12.391351,-13.849265
15647.0000,10.465600,8.677397,-12.596372
15648.0000,9.820546,8.439801,-10.322827
15649.0000,13.683668,7.517792,-10.729995
15650.0000,11.341939,8.536829,-8.184966
15651.0000,8.763067,5.814332,-10.606654
15652.0000,8.374167,4.173431,-8.287035
15653.0000,5.433252,3.001892,-9.806637
15654.0000,5.125763,2.179829,-9.181199
15655.0000,4.892235,3.469050,-5.482092
15656.0000,5.618904,4.203986,-8.423073
15657.0000,5.371262,1.666306,-8.317303
15658.0000,2.687706,-0.222724,-8.497628
15659.0000,0.316074,-1.291217,-8.335243
15660.0000,0.075899,-2.825544,-7.270154
15661.0000,0.457477,-1.753863,-10.105894
15662.0000,0.360641,3.123492,-10.836371
15663.0000,2.656522,0.300127,-9.432812
15664.0000,2.960363,-1.965226,-9.404885
15665.0000,2.118892,-2.666480,-10.468197
15666.0000,1.879735,-2.038474,-9.971427
15667.0000,-0.221986,1.884458,-14.529427
15668.0000,-0.764315,2.591022,-14.543312
15669.0000,-2.850989,1.360054,-13.590365
15670.0000,-2.654639,2.031601,-12.482133
15671.0000,-0.039042,2.552674,-14.265118
15672.0000,-1.299149,2.150807,-13.673067
15673.0000,-1.663167,1.822765,-9.214432
15674.0000,-0.422865,1.517213,-9.830899
15675.0000,-2.873160,2.078806,-11.141389
15676.0000,-3.265521,-1.687893,-11.895724
15677.0000,-5.394264,-3.120566,-12.354307
15678.0000,-5.709579,-1.597143,-13.629175
15679.0000,-2.617991,-1.717737,-13.639316
15680.0000,-1.377219,0.462068,-12.578772
15681.0000,-0.182823,3.723442,-10.058268
15682.0000,-2.115758,2.874227,-12.141832
15683.0000,-7.310967,2.866956,-10.893740
15684.0000,-5.411474,3.853623,-9.215925
15685.0000,-2.343288,3.222275,-9.680951
15686.0000,0.864151,4.137098,-9.443169
15687.0000,1.868517,2.742088,-10.339233
15688.0000,2.009520,6.098337,-10.553315
15689.0000,1.060309,5.015402,-11.910717
15690.0000,-0.978392,5.017703,-13.242825
15691.0000,-1.479671,3.359348,-12.105715
15692.0000,-2.676821,2.371473,-9.777621
15693.0000,-4.929242,2.463876,-8.250106
15694.0000,-7.297117,2.039945,-10.320074
15695.0000,-12.830719,-0.364148,-9.993455
15696.0000,-13.526627,0.260059,-11.130929
15697.0000,-16.037452,-1.064189,-10.669844
15698.0000,-16.684770,-0.153714,-11.627249
15699.0000,-15.583712,-2.328524,-14.370884
15700.0000,-13.509111,-2.282377,-12.467335
15701.0000,-13.670212,-3.987940,-13.180379
15702.0000,-15.296059,-5.873154,-14.418329
15703.0000,-13.070605,-2.104692,-14.245946
15704.0000,-12.472316,-4.790140,-12.345886
15705.0000,-12.146396,-1.876836,-14.600001
15706.0000,-11.289231,-1.471326,-17.129463
15707.0000,-12.439701,1.016813,-17.610065
15708.0000,-11.356537,1.268860,-16.689529
15709.0000,-8.945694,2.748787,-18.405116
15710.0000,-10.382525,2.742994,-18.405731
15711.0000,-10.550757,3.493806,-18.573502
15712.0000,-7.959394,5.377426,-21.715355
15713.0000,-8.389970,2.859107,-19.129723
15714.0000,-8.581231,-1.679846,-14.606172
15715.0000,-6.318589,0.439407,-17.604772
15716.0000,-5.164722,1.896037,-16.996109
15717.0000,-7.049588,-2.360600,-19.120357
15718.0000,-9.405232,-3.099168,-15.628023
15719.0000,-6.296830,-4.788862,-14.480754
15720.0000,-3.649031,-4.962913,-14.107835
15721.0000,-3.179666,-3.363885,-14.266080
15722.0000,-3.684873,-2.319050,-10.898258
15723.0000,-3.575539,-0.679287,-12.353234
15724.0000,-5.511947,-0.251754,-14.332534
15725.0000,-6.841319,-1.391396,-13.334963
15726.0000,-4.569696,-0.484605,-12.133823
15727.0000,-2.620136,1.895961,-10.515728
15728.0000,0.075066,0.358715,-5.795024
15729.0000,-1.642120,2.282668,-5.460900
15730.0000,-0.759574,6.291302,-3.517580
15731.0000,-2.692193,8.122370,-3.130757
15732.0000,-0.724733,9.313169,-4.766710
15733.0000,-0.440007,10.772110,-4.495594
15734.0000,-2.701605,11.683610,-8.311945
15735.0000,-3.696615,11.578216,-6.460024
15736.0000,-1.787058,14.781314,-5.796161
15737.0000,-3.683004,15.087080,-7.953285
15738.0000,-4.271553,14.694083,-9.203961
15739.0000,-4.063153,15.222024,-8.332316
15740.0000,-3.687726,17.786876,-6.820718
15741.0000,-4.496081,13.521937,-4.526726
15742.0000,-7.277886,14.227921,-2.623833
15743.0000,-8.082027,15.686572,-1.659248
15744.0000,-6.084302,15.095901,-3.292150
15745.0000,-4.938547,15.605741,-0.399202
15746.0000,-3.490456,15.200837,-1.928937
15747.0000,-2.745995,15.526361,-2.998203
15748.0000,-3.980812,16.232339,-3.576806
15749.0000,-4.061235,14.016646,-7.905469
15750.0000,-1.749734,10.954004,-6.532417
15751.0000,-2.019426,9.660610,-2.489795
15752.0000,-2.397902,13.426450,-3.607213
15753.0000,-3.316542,12.849259,-1.900954
15754.0000,-3.686382,10.591127,-2.686737
15755.0000,-3.664509,11.702404,-3.561976
15756.0000,-4.910803,14.185025,-2.842102
15757.0000,-3.945773,9.245770,-6.218935
15758.0000,-1.739585,8.575800,-4.055732
15759.0000,-0.316199,7.384886,-2.255028
15760.0000,2.129903,10.977597,-3.532751
15761.0000,0.345177,9.317590,-3.320021
15762.0000,1.185060,9.466713,-3.789205
15763.0000,1.642398,7.990081,0.579843
15764.0000,0.569858,6.846837,0.910976
15765.0000,2.222138,9.436885,0.724922
15766.0000,4.559384,10.862983,-1.091880
15767.0000,3.260656,11.454915,-1.696912
15768.0000,4.291249,13.779115,-4.124302
15769.0000,3.354405,11.828640,-3.004133
15770.0000,4.513838,8.372651,-4.371082
15771.0000,0.971713,10.643269,-4.034458
15772.0000,0.182868,10.379460,-6.165151
15773.0000,1.996610,10.020273,-6.789287
15774.0000,1.320322,7.221423,-8.671703
15775.0000,1.696381,6.782933,-10.299435
15776.0000,0.853300,8.709143,-6.859319
15777.0000,3.772472,7.240148,-4.194242
15778.0000,3.178789,8.592401,-7.008505
15779.0000,-0.024892,7.666587,-9.033900
15780.0000,0.908149,6.395165,-7.829583
15781.0000,1.864136,5.015628,-7.781438
15782.0000,-0.034186,2.811481,-5.615846
15783.0000,0.134645,4.616450,-5.222465
15784.0000,1.977932,2.761969,-5.251008
15785.0000,1.719648,4.384345,-4.260505
15786.0000,-1.557686,6.207013,-6.467602
15787.0000,1.362408,5.870433,-6.693755
15788.0000,1.289697,2.566257,-5.887820
15789.0000,2.529235,0.304696,-7.706983
15790.0000,6.076539,-2.333582,-4.639289
15791.0000,8.860448,-2.167191,-4.739767
15792.0000,11.117645,-2.688528,-6.077402
15793.0000,13.253882,-0.778524,-5.377566
15794.0000,11.633665,1.171771,-6.143382
15795.0000,13.459170,-0.363978,-3.738300
15796.0000,12.782437,3.095192,-7.464284
15797.0000,9.986540,3.769985,-5.973007
15798.0000,10.418434,2.567684,-6.171882
15799.0000,13.288779,4.578484,-6.808584
15800.0000,14.797563,4.188193,-3.315966
15801.0000,13.291961,4.729983,-2.943315
15802.0000,13.264342,1.850602,-4.123702
15803.0000,16.272759,-0.518959,-1.349332
15804.0000,17.085951,-2.210337,-2.330623
15805.0000,16.495856,-2.604141,-3.486354
15806.0000,17.181568,-1.951631,-2.637832
15807.0000,20.477183,-4.819474,-2.374493
15808.0000,20.871771,-6.273435,-4.840835
15809.0000,19.091798,-4.202877,-5.424117
15810.0000,21.824471,0.193352,-8.943746
15811.0000,21.291213,-0.176951,-8.488237
15812.0000,21.235676,-0.235426,-6.423161
15813.0000,20.065874,3.239495,-5.227501
15814.0000,20.329955,7.260034,-2.395484
15815.0000,19.591753,6.878313,-2.256547
15816.0000,20.626773,6.188275,-1.750051
15817.0000,19.014415,5.707187,-0.579069
15818.0000,17.569009,3.077800,-2.663983
15819.0000,19.201419,2.236765,-3.993122
15820.0000,21.709646,1.662082,-5.872246
15821.0000,21.828115,5.173960,-5.732891
15822.0000,23.676258,4.820214,-4.721426
15823.0000,24.520353,2.637400,-0.959657
15824.0000,29.230292,2.698438,-1.300943
15825.0000,28.128303,0.621854,-2.284708
15826.0000,27.219629,2.043991,-7.388710
15827.0000,26.543060,1.594258,-9.548897
15828.0000,22.101944,4.215863,-8.630954
15829.0000,21.865698,1.203185,-9.294823
15830.0000,21.525972,-1.311461,-3.785706
15831.0000,20.756478,-2.188758,-1.881869
15832.0000,20.947957,-0.781576,-5.531315
15833.0000,21.362867,1.312222,-5.063238
15834.0000,20.214653,1.532258,0.037362
15835.0000,16.531273,1.189587,-4.631933
15836.0000,19.312742,0.279767,-1.906189
15837.0000,17.989125,-1.598582,-1.315244
15838.0000,17.662472,-2.001485,1.551352
15839.0000,20.355507,-5.598873,-2.166398
15840.0000,21.920812,-5.207460,-0.997358
15841.0000,20.115639,-6.166209,-0.431547
15842.0000,20.430407,-5.634624,-0.083595
15843.0000,18.449229,-3.365191,1.283555
15844.0000,17.409152,-4.278773,2.349515
15845.0000,15.630731,-2.391159,1.303868
15846.0000,14.588826,-0.271562,-4.464728
15847.0000,16.798269,-1.529357,-4.962998
15848.0000,16.666169,-1.383596,-2.385784
15849.0000,17.195849,-1.654031,0.546523
15850.0000,15.513375,-1.637119,0.711049
15851.0000,14.775620,0.549882,-0.027436
15852.0000,18.085442,-2.561317,-1.463370
15853.0000,16.322929,1.471733,0.952921
15854.0000,18.016466,1.128398,0.280832
15855.0000,18.742469,-3.324783,3.420963
15856.0000,19.288314,0.406087,3.438345
15857.0000,18.147474,1.380852,3.305785
15858.0000,14.880768,3.362555,3.816760
15859.0000,11.788707,2.831736,1.707471
15860.0000,14.403199,4.732969,1.708521
15861.0000,14.361491,4.984611,-1.251042
15862.0000,12.303411,3.485969,-3.338513
15863.0000,12.355963,7.643849,0.352497
15864.0000,13.427709,6.304278,-0.076180
15865.0000,13.266653,5.508295,3.131226
15866.0000,13.123728,6.702378,1.845147
15867.0000,15.743114,5.646592,3.738801
15868.0000,17.370170,1.756668,1.924943
15869.0000,16.703239,2.936976,5.085997
15870.0000,16.770183,1.720858,7.435889
15871.0000,17.202274,2.317523,7.363016
15872.0000,16.869948,1.990329,7.104325
15873.0000,17.631937,-0.627473,6.930220
15874.0000,16.694758,0.798225,9.301693
15875.0000,15.106382,0.813577,10.636810
15876.0000,12.199146,-0.602797,13.457165
15877.0000,13.359415,-1.588836,12.765930
15878.0000,11.558235,-1.392912,12.857815
15879.0000,9.495736,-5.186529,12.938480
15880.0000,8.653087,-4.184695,10.599247
15881.0000,10.014662,-2.545535,12.735438
15882.0000,11.062221,-1.854623,10.029428
15883.0000,8.262649,-3.157513,7.997955
15884.0000,7.588723,-0.016798,9.434295
15885.0000,9.892108,-1.071336,11.098416
15886.0000,8.852507,0.620517,10.836677
15887.0000,8.986387,-1.309649,12.017079
15888.0000,12.333290,-5.390192,11.115424
15889.0000,11.521802,-7.364077,9.551391
15890.0000,12.663530,-9.421350,10.036863
15891.0000,11.844472,-11.140025,9.849469
15892.0000,11.197189,-11.816616,5.643779
15893.0000,9.895059,-8.550965,4.677713
15894.0000,8.976416,-10.532122,2.920554
15895.0000,6.662007,-7.241309,4.044981
15896.0000,4.656788,-5.300843,7.072281
15897.0000,2.546260,-7.486531,6.717185
15898.0000,5.054587,-9.399959,4.473134
15899.0000,4.659931,-8.788076,4.641313
15900.0000,3.852868,-8.259887,7.504642
15901.0000,4.670403,-5.842638,12.232873
15902.0000,0.899940,-6.786479,13.722385
15903.0000,1.470087,-6.544481,14.291813
15904.0000,5.444454,-4.274991,15.453486
15905.0000,3.849076,-7.234988,13.371151
15906.0000,1.064239,-8.058782,13.917632
15907.0000,3.104008,-4.353431,14.375663
15908.0000,5.365903,-4.420588,13.420351
15909.0000,6.923895,-5.176669,11.616722
15910.0000,5.702917,-4.299169,12.114557
15911.0000,5.218116,-1.686485,14.231779
15912.0000,5.839323,-4.835442,15.008238
15913.0000,6.341556,-3.733016,14.833271
15914.0000,4.968338,-6.334766,15.213260
15915.0000,5.530456,-4.907323,18.809052
15916.0000,5.982565,-4.692054,16.324255
15917.0000,5.735608,-2.915938,17.061576
15918.0000,7.749410,-0.949930,19.143251
15919.0000,8.598166,-2.999490,16.494493
15920.0000,9.529193,-2.271154,17.258373
15921.0000,7.376379,-4.111309,15.689525
15922.0000,6.440528,-6.962209,19.939256
15923.0000,10.427204,-5.177310,18.813657
15924.0000,13.540678,-4.110316,15.926958
15925.0000,12.562988,-4.633685,15.824429
15926.0000,13.615262,-5.258108,13.794732
15927.0000,14.785376,-4.974155,13.812785
15928.0000,15.931056,-5.125907,14.308004
15929.0000,18.757181,-3.214165,18.308666
15930.0000,15.997994,-3.123142,17.381890
15931.0000,16.157626,-4.237184,15.569101
15932.0000,13.088010,-3.509032,17.019364
15933.0000,11.716944,1.434362,19.840722
15934.0000,10.877846,1.101047,22.326245
15935.0000,11.343119,-1.199874,21.814717
15936.0000,6.413948,0.391005,24.236781
15937.0000,6.358032,1.325916,23.080811
15938.0000,4.824898,2.159299,23.230976
15939.0000,4.539428,1.943925,24.154427
15940.0000,3.295443,0.037293,25.476677
15941.0000,5.156865,1.018066,22.724631
15942.0000,6.833138,-0.416237,24.232314
15943.0000,4.801059,-0.581144,23.283611
15944.0000,3.120895,-3.122911,23.398031
15945.0000,4.557159,-4.871984,27.008370
15946.0000,6.306163,-5.907343,25.612739
15947.0000,7.340844,-10.492527,22.675400
15948.0000,9.595667,-8.024413,24.908771
15949.0000,9.959372,-7.901379,22.919719
15950.0000,9.326162,-10.586145,18.636429
15951.0000,6.274233,-11.246143,20.463144
15952.0000,7.933690,-13.439163,22.110276
15953.0000,10.384225,-13.549375,23.305310
15954.0000,12.197666,-17.836210,20.367566
15955.0000,11.183944,-15.967701,24.365645
15956.0000,8.536276,-13.190272,24.390779
15957.0000,9.555104,-15.880160,25.458921
15958.0000,9.022165,-14.257244,25.058568
15959.0000,11.051993,-14.928696,27.647992
15960.0000,7.999875,-15.002915,30.509253
15961.0000,7.894035,-15.955652,31.967378
15962.0000,6.843642,-16.362869,35.193316
15963.0000,2.370980,-18.235872,31.720273
15964.0000,4.077569,-17.487056,30.592200
15965.0000,4.239286,-17.004922,31.725893
15966.0000,4.984678,-18.229914,32.617116
15967.0000,4.335644,-16.968490,30.530611
15968.0000,3.183336,-17.427642,31.843973
15969.0000,6.202416,-16.723172,33.792594
15970.0000,6.631136,-12.986042,29.945341
15971.0000,1.788219,-13.591618,31.719008
15972.0000,2.261123,-13.984467,31.244605
15973.0000,-0.018815,-14.375587,30.175532
15974.0000,3.617656,-11.156435,27.744034
15975.0000,1.323462,-11.233457,25.791960
15976.0000,4.066632,-13.390824,26.149266
15977.0000,3.679895,-13.446167,23.895939
15978.0000,4.383242,-13.563924,23.299864
15979.0000,1.596561,-13.232846,21.593308
15980.0000,-1.521084,-17.103270,20.688340
15981.0000,-3.637025,-16.541666,20.043900
15982.0000,-4.799947,-17.289465,20.090592
15983.0000,-8.704443,-19.322770,19.722096
15984.0000,-10.031634,-20.215751,18.644487
15985.0000,-8.419019,-21.848943,18.758629
15986.0000,-7.889421,-19.644837,15.199242
15987.0000,-7.241987,-15.567733,14.622502
15988.0000,-6.303193,-14.476392,13.304823
15989.0000,-5.105726,-13.504326,13.693876
15990.0000,-6.687329,-9.790946,15.021332
15991.0000,-5.919574,-10.721598,13.345040
15992.0000,-2.894389,-14.315352,14.746902
15993.0000,-3.475618,-13.929762,14.522194
15994.0000,-5.819361,-12.161113,16.763575
15995.0000,-0.588925,-10.639624,17.353811
15996.0000,-0.442692,-11.577031,15.189470
15997.0000,-1.285651,-12.911180,13.819700
15998.0000,-0.110979,-11.681223,15.916428
15999.0000,-0.488448,-8.205996,18.784698
16000.0000,-0.722939,-12.890189,24.355872
16001.0000,-1.037375,-10.661628,27.403204
16002.0000,-0.060998,-12.957926,26.180842
16003.0000,-0.975739,-10.593499,27.490101
16004.0000,-0.279292,-10.376404,21.714028
16005.0000,0.424164,-8.057605,17.158976
16006.0000,1.850889,-8.125463,17.370082
16007.0000,0.371049,-7.605523,16.535033
16008.0000,1.562284,-7.067179,15.355724
16009.0000,1.294556,-9.311313,13.230744
16010.0000,-0.371278,-6.933127,14.213896
16011.0000,2.590497,-3.548738,19.892941
16012.0000,3.794450,-3.491551,17.728988
16013.0000,4.045104,-2.181870,17.899650
16014.0000,4.384374,-3.239103,14.507452
16015.0000,3.109499,-2.159555,15.096057
16016.0000,5.944977,1.040943,17.821512
16017.0000,6.093795,1.804533,19.629199
16018.0000,6.254741,3.075349,21.183121
16019.0000,7.969842,2.358164,20.165989
16020.0000,8.578134,0.782198,18.824129
16021.0000,8.729471,1.556198,18.094736
16022.0000,8.695073,0.332730,17.370157
16023.0000,9.780339,-0.845956,15.762011
16024.0000,7.884470,-3.006740,16.867030
16025.0000,9.345874,-5.538721,18.757890
16026.0000,10.376630,-6.089710,16.846294
16027.0000,13.357081,-3.559785,20.734558
16028.0000,16.695537,-3.191151,19.848718
16029.0000,19.245679,-4.393647,18.776371
16030.0000,17.307811,-4.952691,18.872912
16031.0000,20.049352,-6.181639,18.979473
16032.0000,15.748636,-7.179345,21.556975
16033.0000,17.461278,-7.960220,19.296396
16034.0000,18.240648,-6.671429,18.967683
16035.0000,18.523156,-3.572354,18.022001
16036.0000,19.289155,-0.896467,15.948188
16037.0000,18.776979,-3.129193,12.774685
16038.0000,21.770569,-2.803740,13.766919
16039.0000,20.839183,0.356182,11.957773
16040.0000,20.668891,0.391103,13.954811
16041.0000,18.787853,0.295632,12.772169
16042.0000,15.707198,-0.491246,15.426848
16043.0000,12.848328,0.608348,14.298062
16044.0000,10.972549,1.209436,15.587512
16045.0000,9.181336,3.728107,13.321474
16046.0000,11.663987,-0.011319,13.779698
16047.0000,11.132725,-1.639138,14.473923
16048.0000,12.895618,-2.064133,16.045432
16049.0000,12.918802,-2.901334,15.053952
16050.0000,12.736438,-2.516988,15.775561
16051.0000,11.688104,-2.149736,18.075771
16052.0000,11.462330,0.450301,17.658044
16053.0000,8.854567,-2.542042,21.244080
16054.0000,10.889546,-1.431325,18.412714
16055.0000,8.580123,-2.519957,16.820904
16056.0000,7.337959,-3.835712,18.298149
16057.0000,7.137159,-3.946668,16.406066
16058.0000,5.791644,-4.596212,21.273601
16059.0000,7.977898,-2.233214,23.878053
16060.0000,5.783452,-5.503823,21.957454
16061.0000,10.580529,-5.511768,27.576456
16062.0000,6.656256,-8.225375,27.640749
16063.0000,8.608203,-8.219130,28.057016
16064.0000,8.420415,-5.977217,27.112977
16065.0000,8.807185,-6.736306,23.510606
16066.0000,9.711391,-8.231134,24.783591
16067.0000,8.978904,-8.114054,23.544413
16068.0000,10.595634,-13.543767,26.619707
16069.0000,7.874545,-13.364014,26.850797
16070.0000,11.034907,-11.086114,25.468833
16071.0000,8.398957,-8.934124,24.293173
16072.0000,6.894698,-7.354520,22.473932
16073.0000,9.172563,-8.601200,22.541681
16074.0000,8.768868,-7.651110,20.739467
16075.0000,10.432926,-6.846739,19.311150
16076.0000,14.147150,-7.565529,19.716015
16077.0000,12.945104,-6.840191,20.440069
16078.0000,13.758407,-6.295264,22.255324
16079.0000,11.302834,-6.185984,22.824211
16080.0000,11.511993,-5.391743,23.835021
16081.0000,9.132107,-3.395817,24.282186
16082.0000,9.295195,-5.663144,22.525078
16083.0000,8.197625,-3.914942,20.003774
16084.0000,9.278526,-7.187965,18.154504
16085.0000,8.273198,-7.473436,16.213744
16086.0000,8.875099,-4.974389,14.622332
16087.0000,6.010739,-5.741221,16.189739
16088.0000,4.261529,-9.378630,19.784224
16089.0000,3.219410,-11.086115,21.286518
16090.0000,3.647756,-9.541057,21.048013
16091.0000,3.160755,-6.525767,19.840435
16092.0000,2.987852,-6.274492,16.777120
16093.0000,4.025950,-5.549492,17.256382
16094.0000,4.682632,-5.383874,16.973403
16095.0000,2.763690,-3.896110,19.844057
16096.0000,2.446740,-5.247665,18.167143
16097.0000,2.881854,-5.952200,16.252099
16098.0000,1.969484,-7.769497,13.655555
16099.0000,0.196661,-11.486321,12.472212
16100.0000,-1.228906,-12.944393,13.973688
16101.0000,0.143030,-14.849378,9.799543
16102.0000,-1.653504,-12.609625,9.958779
16103.0000,2.382997,-16.745449,9.697981
16104.0000,-0.844099,-13.548303,7.924908
16105.0000,-2.683856,-15.639956,9.947015
16106.0000,-2.381426,-15.068944,9.608354
16107.0000,-0.178223,-12.290525,10.088910
16108.0000,-1.814815,-15.573816,11.960716
16109.0000,-3.667642,-14.078557,10.172930
16110.0000,-4.665417,-13.384567,8.720025
16111.0000,-2.182052,-12.575765,11.187273
16112.0000,-3.444962,-12.814087,9.487201
16113.0000,-4.420996,-13.765707,7.862835
16114.0000,-5.719343,-11.554965,6.224827
16115.0000,-7.774391,-13.694024,7.375004
16116.0000,-7.574803,-17.195841,13.128164
16117.0000,-6.688649,-16.465756,14.413250
16118.0000,-5.524371,-16.829008,16.929885
16119.0000,-2.120946,-16.342751,16.466185
16120.0000,-1.852707,-14.113028,15.667277
16121.0000,-4.573518,-12.048739,17.783426
16122.0000,-2.222966,-11.156517,17.262102
16123.0000,-1.803215,-9.675133,18.714721
16124.0000,-0.237429,-12.076822,17.974262
16125.0000,-1.295812,-9.589976,21.222813
16126.0000,-2.344954,-9.887201,19.640062
16127.0000,-4.822698,-7.105787,23.851943
16128.0000,-3.115169,-7.165186,20.868376
16129.0000,-6.485833,-5.471507,20.586026
16130.0000,-4.787186,-3.677837,20.218189
16131.0000,-6.043543,-4.587157,22.445883
16132.0000,-9.338123,-10.278936,22.363855
16133.0000,-8.641010,-7.846280,23.984828
16134.0000,-9.787087,-6.723626,24.284992
16135.0000,-9.187039,-8.133892,25.042995
16136.0000,-11.771633,-8.325178,22.982318
16137.0000,-15.605869,-8.433152,20.804034
16138.0000,-16.151276,-9.494008,19.297322
16139.0000,-17.067058,-10.761859,18.310354
16140.0000,-16.257914,-9.070397,19.123230
16141.0000,-15.200645,-9.784133,18.795400
16142.0000,-14.663726,-9.531965,20.339290
16143.0000,-16.188254,-10.241442,21.055752
16144.0000,-16.702333,-12.440586,21.647027
16145.0000,-15.549209,-15.443073,22.596723
16146.0000,-15.721382,-14.023032,24.667695
16147.0000,-11.928279,-12.707473,22.764513
16148.0000,-10.045947,-11.801019,20.251843
16149.0000,-11.150737,-12.501088,21.653943
16150.0000,-9.706238,-11.184438,18.965154
16151.0000,-8.916880,-9.046229,20.856840
16152.0000,-3.680447,-6.633645,21.630530
16153.0000,-7.023564,-10.066531,20.281728
16154.0000,-4.954166,-7.513631,20.062054
16155.0000,-7.111826,-5.800332,21.174730
16156.0000,-9.390637,-7.696288,19.054432
16157.0000,-5.874698,-9.529052,21.755198
16158.0000,-6.360462,-7.805417,22.461971
16159.0000,-10.421782,-8.883775,17.689149
16160.0000,-9.129891,-8.883350,18.760542
16161.0000,-9.047275,-9.884258,20.246320
16162.0000,-11.981734,-12.150202,21.346878
16163.0000,-13.834982,-8.483830,20.643460
16164.0000,-14.373237,-9.582994,18.043377
16165.0000,-14.943501,-9.152994,19.234888
16166.0000,-12.505765,-7.223602,19.972556
16167.0000,-8.239931,-6.898107,18.420490
16168.0000,-11.355210,-7.461573,20.086244
16169.0000,-9.510422,-3.646049,18.836419
16170.0000,-9.839148,-1.169020,19.105599
16171.0000,-5.581518,0.380251,16.757564
16172.0000,-3.394719,-1.802616,15.534088
16173.0000,-4.324899,0.361685,17.910605
16174.0000,-6.907535,-0.011138,22.300491
16175.0000,-4.334282,1.763762,21.598379
16176.0000,-4.884053,1.640232,18.441522
16177.0000,-3.600459,0.228872,17.854388
16178.0000,-2.950729,-4.260753,19.727532
16179.0000,-5.466169,-3.068966,13.371058
16180.0000,-3.216045,-4.830830,11.275499
16181.0000,-4.279279,-8.351923,10.270894
16182.0000,-6.269118,-5.532662,12.406187
16183.0000,-5.103416,-4.324260,13.689108
16184.0000,-4.358479,-3.318129,14.284744
16185.0000,3.717245,-3.423747,15.391737
16186.0000,4.244513,-6.290931,17.294530
16187.0000,7.332113,-6.333354,15.745804
16188.0000,4.165414,-2.951394,17.017402
16189.0000,6.006062,-3.279288,16.250463
16190.0000,6.240048,-4.950736,14.351708
16191.0000,8.535708,-4.987797,10.260805
16192.0000,7.046574,0.876817,9.047323
16193.0000,8.766103,-1.105031,9.167667
16194.0000,11.692609,-0.934666,7.633864
16195.0000,9.643034,0.172056,7.912973
16196.0000,8.430024,-0.275911,8.526051
16197.0000,6.434351,-3.608430,8.249531
16198.0000,3.917552,-3.438299,6.019806
16199.0000,4.878511,-2.961907,7.090371
16200.0000,6.242523,-0.758689,7.656511
16201.0000,6.764194,0.144130,9.662562
16202.0000,5.650904,-0.648725,12.065378
16203.0000,2.703171,-5.321361,13.377814
16204.0000,0.941702,-4.027689,10.735117
16205.0000,3.463570,0.500420,10.933841
16206.0000,2.321491,-0.862452,11.715077
16207.0000,4.688939,-4.762764,10.585469
16208.0000,6.452815,-6.943723,9.199906
16209.0000,5.933467,-6.845517,6.167905
16210.0000,2.751998,-6.074980,8.236716
16211.0000,2.390486,-6.779642,8.745480
16212.0000,5.499708,-6.041312,8.122752
16213.0000,4.806394,-4.859653,11.014567
16214.0000,3.066623,-0.986381,12.590609
16215.0000,8.010135,0.336555,10.285189
16216.0000,7.780495,2.688192,13.219413
16217.0000,7.875765,0.733287,10.885506
16218.0000,6.735456,5.121309,13.566866
16219.0000,6.071869,3.855403,10.784836
16220.0000,3.452185,1.627145,9.863838
16221.0000,1.975580,0.493911,10.969757
16222.0000,0.307385,2.540252,8.644437
16223.0000,2.334776,3.861744,8.783219
16224.0000,0.935166,3.860686,9.768061
16225.0000,-0.231763,5.989241,12.750543
16226.0000,2.396991,0.690972,12.114724
16227.0000,4.424038,2.706306,13.311447
16228.0000,7.915683,0.517098,12.856158
16229.0000,7.149227,2.036930,12.312694
16230.0000,8.374770,-2.566687,11.344811
16231.0000,11.494867,-2.867332,12.311828
16232.0000,11.078038,-4.142916,12.809768
16233.0000,13.537157,-4.546048,12.216953
16234.0000,12.571113,-4.269934,11.321039
16235.0000,10.886155,-3.070788,13.855278
16236.0000,10.445343,-3.773203,15.954323
16237.0000,12.158384,-2.888201,16.697097
16238.0000,13.268870,-1.525134,14.166170
16239.0000,14.506985,-1.882353,13.476217
16240.0000,14.241704,-1.662608,13.425639
16241.0000,11.241788,-1.810689,13.702578
16242.0000,9.016085,-2.829771,11.755844
16243.0000,10.593142,-4.557503,11.071702
16244.0000,9.944093,-6.489984,11.241312
16245.0000,11.321901,-10.601567,11.847299
16246.0000,10.446301,-12.402949,9.933632
16247.0000,11.158672,-11.231181,7.939051
16248.0000,11.315084,-10.617880,6.306279
16249.0000,13.959638,-8.015440,7.216006
16250.0000,14.280031,-9.176801,9.758549
16251.0000,14.353864,-7.914360,12.193870
16252.0000,12.895846,-10.254218,14.309323
16253.0000,13.143208,-9.465735,13.532017
16254.0000,11.924010,-8.728927,12.565892
16255.0000,13.666127,-7.227281,10.018405
16256.0000,13.532105,-8.646645,11.035362
16257.0000,14.851073,-12.084693,9.442805
16258.0000,17.251671,-12.008966,5.852133
16259.0000,16.200268,-12.644739,5.338296
16260.0000,13.691715,-12.502199,8.010961
16261.0000,13.911656,-11.448346,8.240158
16262.0000,15.326236,-12.619919,8.473273
16263.0000,13.644558,-11.291624,5.181457
16264.0000,11.748598,-13.647466,3.939825
16265.0000,8.404734,-14.260539,6.247259
16266.0000,6.576773,-12.967788,10.470242
16267.0000,9.933680,-14.460949,8.903204
16268.0000,8.617629,-16.052531,8.573181
16269.0000,12.184255,-14.189242,5.102962
16270.0000,8.820532,-12.403367,3.393631
16271.0000,8.232644,-13.699928,3.235190
16272.0000,6.641345,-13.360664,1.664949
16273.0000,7.980652,-14.851504,2.290259
16274.0000,8.139985,-13.530772,1.638589
16275.0000,7.953319,-11.510918,0.529002
16276.0000,6.890410,-12.984247,-3.310777
16277.0000,8.020457,-11.576297,-1.898350
16278.0000,7.001178,-10.723881,0.966686
16279.0000,5.626531,-12.432685,0.896814
16280.0000,7.090731,-7.775884,2.787122
16281.0000,7.757002,-5.432915,0.891531
16282.0000,8.765107,-2.637993,-4.751395
16283.0000,8.615117,-4.443780,-3.115031
16284.0000,6.484488,-8.421158,0.390914
16285.0000,4.940196,-4.819716,2.750573
16286.0000,4.829328,-3.649154,-1.621395
16287.0000,3.314790,-3.226788,-2.189870
16288.0000,0.281229,-1.712262,1.630504
16289.0000,-0.662685,-4.095185,3.217223
16290.0000,-1.566889,-0.270588,5.996917
16291.0000,-3.157729,1.502931,5.481541
16292.0000,-3.647003,5.338757,5.334967
16293.0000,-2.813486,6.600506,2.900797
16294.0000,-4.912283,6.857795,-1.308586
16295.0000,-2.987108,6.827053,-1.203602
16296.0000,-3.823810,6.202159,-5.823593
16297.0000,-4.750576,7.639367,-6.021173
16298.0000,-3.816140,10.021987,-2.198614
16299.0000,-1.064687,6.831925,0.835143
16300.0000,3.800090,7.347603,1.409801
16301.0000,4.965591,4.244043,2.824682
16302.0000,4.108484,5.090340,3.555467
16303.0000,4.613657,6.882838,5.870291
16304.0000,2.775736,8.723208,3.656565
16305.0000,5.226612,7.284174,7.861079
16306.0000,7.686392,7.236032,8.097355
16307.0000,9.253627,9.408948,8.671382
16308.0000,8.389920,9.065522,10.043568
16309.0000,8.048263,8.362652,9.625677
16310.0000,9.246568,7.695020,5.775656
16311.0000,9.306460,7.358305,3.996442
16312.0000,8.351428,9.115251,7.010089
16313.0000,8.188488,8.132762,3.996986
16314.0000,9.301761,7.107905,4.611439
16315.0000,8.414408,4.928804,2.979123
16316.0000,9.134571,7.441450,3.655959
16317.0000,5.027489,9.083654,5.489179
16318.0000,4.176248,9.947077,2.711123
16319.0000,5.383054,9.706675,6.359364
16320.0000,3.359376,10.869799,6.297800
16321.0000,2.619186,11.031945,7.264358
16322.0000,2.663386,12.194498,10.083760
16323.0000,2.767036,15.215525,7.566168
16324.0000,6.268645,12.335090,9.278169
16325.0000,3.168585,11.803940,7.901481
16326.0000,2.591263,10.887280,7.305365
16327.0000,-0.669184,7.322118,8.257935
16328.0000,2.811613,8.359867,4.601908
16329.0000,5.444773,9.494630,4.818802
16330.0000,5.984632,8.686940,2.327441
16331.0000,7.958203,11.189780,-0.218977
16332.0000,9.879478,11.575782,-0.076086
16333.0000,11.094980,10.875495,-0.492252
16334.0000,7.646865,10.727128,-3.130532
16335.0000,6.630845,9.998893,-4.232283
16336.0000,6.392790,13.214716,-3.207434
16337.0000,5.887270,12.834733,-1.790391
16338.0000,8.709012,13.409102,-2.577163
16339.0000,6.533845,16.661509,-0.522067
16340.0000,5.577548,16.098067,1.442074
16341.0000,2.715330,14.534534,0.806465
16342.0000,2.182211,16.201966,0.653762
16343.0000,2.033185,20.544818,0.820840
16344.0000,4.690037,22.095875,0.447462
16345.0000,4.154312,18.984892,-3.246743
16346.0000,4.271617,21.861974,-1.944184
16347.0000,3.069763,23.531275,1.385957
16348.0000,4.442259,22.539922,3.063565
16349.0000,5.628869,20.639005,3.484605
16350.0000,6.179406,20.867547,1.973749
16351.0000,4.468264,23.366171,4.019474
16352.0000,4.347301,22.484766,3.764988
16353.0000,5.520147,18.566644,3.072163
16354.0000,4.386942,21.565204,2.468171
16355.0000,3.943384,23.081480,8.151178
16356.0000,5.542380,25.522093,5.030336
16357.0000,6.366476,26.388463,2.098056
16358.0000,7.517006,31.049384,0.258134
16359.0000,7.061775,28.772046,1.565646
16360.0000,9.219087,27.897556,-0.385233
16361.0000,8.002751,29.103759,-1.194642
16362.0000,12.857222,25.325372,-0.189383
16363.0000,13.969718,23.147420,-1.693343
16364.0000,16.048708,19.631928,-1.764392
16365.0000,16.685467,15.779710,-2.991161
16366.0000,14.265175,13.342346,-1.800081
16367.0000,15.263624,14.601657,-0.693957
16368.0000,14.202906,13.042320,-0.269157
16369.0000,13.504470,12.848522,-2.849794
16370.0000,14.139096,13.900949,-3.793261
16371.0000,14.903194,13.233677,-1.719186
16372.0000,11.990334,14.968833,-4.664306
16373.0000,12.466052,15.487160,-1.007477
16374.0000,12.054093,16.521670,0.833211
16375.0000,9.557021,18.013704,2.202329
16376.0000,9.595130,19.688021,3.339470
16377.0000,11.036379,17.502423,2.866385
16378.0000,15.787413,18.865336,3.689857
16379.0000,16.900378,19.176884,3.210717
16380.0000,15.870758,18.230383,5.238921
16381.0000,17.626042,17.562112,3.921329
16382.0000,13.993079,15.491048,3.643666
16383.0000,13.931679,14.451822,4.095259
16384.0000,16.116151,10.801716,4.048634
16385.0000,15.723460,8.832779,5.362108
16386.0000,14.718854,7.938500,4.273075
16387.0000,11.817812,9.137872,-1.240271
16388.0000,10.641796,7.373369,-0.813700
16389.0000,10.258199,7.941891,1.691722
16390.0000,8.865818,10.025585,0.279770
16391.0000,9.587563,8.164584,-1.751912
16392.0000,11.917225,6.317449,-1.055359
16393.0000,12.289038,5.503595,-1.432864
16394.0000,13.341103,3.960675,-0.248096
16395.0000,11.448246,3.179380,0.626795
16396.0000,10.312655,4.426098,-0.310145
16397.0000,6.397083,1.200123,-1.227488
16398.0000,6.399080,0.905267,0.717649
16399.0000,6.614789,0.449792,0.778384
16400.0000,9.948207,2.871956,-0.764390
16401.0000,10.404648,5.141479,-3.213345
16402.0000,11.146570,4.201431,-2.145629
16403.0000,11.134336,4.176130,-6.063867
16404.0000,13.463587,5.648033,-2.308690
16405.0000,13.358334,4.661582,1.825786
16406.0000,9.036835,0.214226,2.596223
16407.0000,5.531224,-1.111770,6.261756
16408.0000,6.060039,0.774682,8.115488
16409.0000,6.140537,4.818792,6.210527
16410.0000,5.169155,8.060493,4.473783
16411.0000,2.422406,6.754973,3.807867
16412.0000,0.407394,9.125259,4.673995
16413.0000,1.645089,7.740138,1.867791
16414.0000,3.857726,6.076552,6.926335
16415.0000,4.792059,6.266976,5.512774
16416.0000,6.944913,3.295128,3.672395
16417.0000,3.985732,1.172750,3.301554
16418.0000,8.181564,2.966443,4.440255
16419.0000,9.417954,2.578837,4.328800
16420.0000,7.984237,-1.463290,2.609398
16421.0000,7.466801,-1.181787,6.687233
16422.0000,9.992046,0.317971,5.023097
16423.0000,11.037261,1.847712,4.048027
16424.0000,11.782620,3.139891,3.386776
16425.0000,10.308173,4.164145,1.979184
16426.0000,10.551973,4.579877,2.679010
16427.0000,14.466701,8.090246,1.893266
16428.0000,13.987424,7.729557,2.149264
16429.0000,14.862960,6.327901,3.045470
16430.0000,15.418950,8.081921,3.798524
16431.0000,15.877564,10.135555,4.674407
16432.0000,18.506277,7.763274,2.122672
16433.0000,17.873084,6.163151,1.203056
16434.0000,18.747743,6.765048,-0.014425
16435.0000,18.080963,6.272323,1.218054
16436.0000,16.663524,8.286253,4.066561
16437.0000,18.735315,7.598389,6.952326
16438.0000,17.341246,7.784947,5.248019
16439.0000,20.728667,8.594503,-0.412885
16440.0000,22.174602,6.990312,1.569874
16441.0000,21.687513,7.728758,1.745567
16442.0000,23.272083,7.654782,1.716758
16443.0000,21.233631,6.601629,3.130794
16444.0000,18.155583,11.428052,5.404544
16445.0000,19.457669,12.803813,6.946364
16446.0000,15.354365,14.223525,4.359930
16447.0000,11.761727,12.563149,3.532199
16448.0000,11.668037,14.219970,3.085269
16449.0000,15.264498,14.154431,3.940593
16450.0000,13.300903,10.751684,4.169284
16451.0000,11.313517,10.951420,3.639041
16452.0000,8.458407,10.458868,3.149013
16453.0000,6.301402,9.095480,5.594713
16454.0000,6.598834,7.705216,6.739897
16455.0000,6.698605,11.968030,1.404461
16456.0000,8.468806,12.525878,1.000742
16457.0000,6.425246,12.855380,1.435732
16458.0000,5.711498,13.549629,4.534425
16459.0000,9.701887,14.211499,6.330851
16460.0000,12.075875,13.438829,4.807656
16461.0000,12.716103,12.698340,6.112458
16462.0000,14.059313,11.802852,5.063578
16463.0000,12.477986,12.407431,6.544176
16464.0000,11.895363,12.544090,4.367913
16465.0000,11.251834,13.021679,5.073939
16466.0000,9.987979,12.929780,2.599024
16467.0000,9.797499,13.956004,4.412236
16468.0000,12.382289,14.290220,3.466215
16469.0000,12.332357,10.906674,5.263186
16470.0000,12.123318,9.407332,7.216240
16471.0000,9.550910,8.177329,6.462359
16472.0000,11.082580,9.528927,3.544702
16473.0000,13.890444,9.647812,5.495062
16474.0000,15.271861,8.895436,3.702899
16475.0000,17.769784,7.079059,-0.025572
16476.0000,16.708799,4.431492,-1.032135
16477.0000,16.254724,7.162021,1.883020
16478.0000,16.484164,8.439812,2.182763
16479.0000,18.111701,9.374430,1.917418
16480.0000,19.801353,8.521249,0.674092
16481.0000,19.464148,5.235932,-2.265349
16482.0000,17.223642,1.285882,-4.027088
16483.0000,16.455409,1.817092,-3.662097
16484.0000,13.955467,3.160400,-2.732489
16485.0000,12.625859,-0.346569,-1.315401
16486.0000,14.780663,0.171886,-1.786269
16487.0000,17.415164,1.108149,0.449897
16488.0000,16.512023,3.140083,0.210803
16489.0000,16.897472,6.830759,-1.131607
16490.0000,15.077822,5.495691,2.863989
16491.0000,14.807507,3.889685,3.746301
16492.0000,15.699625,4.602345,5.804080
16493.0000,16.262942,5.819705,5.708366
16494.0000,17.032970,6.248134,5.135812
16495.0000,16.983301,6.218172,5.587613
16496.0000,17.632200,6.164863,7.012312
16497.0000,20.500839,3.448985,8.793473
16498.0000,21.037814,1.992465,5.716775
16499.0000,23.008181,-0.705013,6.155250
16500.0000,24.181418,-0.527333,5.059051
16501.0000,19.911751,0.288798,2.681414
16502.0000,17.367921,-0.291140,-1.083900
16503.0000,20.070988,1.370292,-5.789509
16504.0000,18.985611,4.320452,-8.769641
16505.0000,16.700688,5.223048,-10.334561
16506.0000,17.276922,8.686601,-8.280454
16507.0000,15.905220,7.592765,-6.297565
16508.0000,16.828133,7.219935,-7.210908
16509.0000,17.894447,4.484256,-5.706577
16510.0000,16.040144,3.971669,-9.465355
16511.0000,17.911009,5.376224,-9.349411
16512.0000,18.386800,2.722115,-11.685648
16513.0000,19.906184,2.640914,-13.117194
16514.0000,20.431644,1.602115,-13.506723
16515.0000,21.242377,4.546231,-17.197076
16516.0000,19.232234,5.618977,-14.692936
16517.0000,16.106917,2.833891,-13.303197
16518.0000,19.761157,3.078147,-13.598903
16519.0000,19.130645,2.176567,-15.193001
16520.0000,18.642238,2.918192,-12.602558
16521.0000,17.072076,3.257016,-10.993466
16522.0000,18.035427,0.041330,-10.618920
16523.0000,18.934968,0.547554,-11.418323
16524.0000,18.771763,0.189635,-15.282939
16525.0000,21.715003,-0.038071,-15.245392
16526.0000,20.881319,1.456773,-14.682220
16527.0000,18.266213,0.607475,-13.402781
16528.0000,19.928376,-1.778759,-14.140364
16529.0000,20.079554,3.287897,-16.149006
16530.0000,21.168824,5.026989,-15.023068
16531.0000,21.446128,9.426598,-13.378249
16532.0000,21.450936,7.273010,-11.166374
16533.0000,18.929874,7.584753,-10.972804
16534.0000,18.563120,7.566432,-11.297479
16535.0000,17.093432,10.794563,-10.264149
16536.0000,15.201130,9.800713,-9.979241
16537.0000,15.598994,12.417375,-8.607564
16538.0000,15.091886,14.221745,-10.326529
16539.0000,15.763508,16.041034,-12.088017
16540.0000,18.460966,17.262807,-10.291854
16541.0000,18.977780,14.504647,-12.699423
16542.0000,16.285466,12.651882,-13.589349
16543.0000,16.159984,13.514029,-13.166132
16544.0000,15.896502,13.131938,-11.128332
16545.0000,14.585147,14.168102,-12.281614
16546.0000,12.993752,11.252315,-10.896040
16547.0000,13.274913,10.911798,-13.078280
16548.0000,15.545939,10.076387,-12.273565
16549.0000,12.477444,10.403147,-10.379156
16550.0000,11.035972,12.144247,-10.340627
16551.0000,14.029272,10.711234,-9.475507
16552.0000,14.778353,11.433383,-12.028949
16553.0000,14.831446,10.879502,-10.985695
16554.0000,16.727519,15.314154,-8.710527
16555.0000,21.021474,13.680034,-10.386321
16556.0000,19.525997,14.568892,-14.200255
16557.0000,19.285995,16.410942,-12.709168
16558.0000,21.313445,15.908173,-9.655291
16559.0000,17.208375,16.672171,-8.908217
16560.0000,17.861158,17.859121,-13.103272
16561.0000,17.306324,20.613650,-9.750158
16562.0000,17.651755,20.130160,-9.531615
16563.0000,20.044058,18.717002,-10.862581
16564.0000,21.992555,20.563789,-10.691122
16565.0000,20.129968,17.807773,-9.567353
16566.0000,20.535579,18.495236,-14.309093
16567.0000,19.288417,19.025061,-15.315151
16568.0000,17.112848,19.672412,-16.522449
16569.0000,18.267671,18.974366,-17.453218
16570.0000,18.757976,14.136780,-17.988911
16571.0000,14.233303,12.317205,-18.701658
16572.0000,12.188839,10.130071,-19.504458
16573.0000,9.694994,7.948034,-16.978668
16574.0000,9.760133,7.489057,-17.390806
16575.0000,9.073764,6.334897,-16.260268
16576.0000,8.144892,4.294325,-16.841244
16577.0000,7.614992,5.777380,-18.046993
16578.0000,7.010899,7.036195,-21.619855
16579.0000,7.578857,8.804652,-19.235029
16580.0000,10.001787,8.124299,-19.094971
16581.0000,9.493374,7.762647,-18.329488
16582.0000,11.136133,7.826617,-18.466670
16583.0000,11.369390,7.963138,-18.683992
16584.0000,11.744516,10.563315,-23.435099
16585.0000,13.632707,10.125391,-23.447916
16586.0000,13.680511,10.126348,-22.918642
16587.0000,11.334400,10.221144,-23.640011
16588.0000,11.797822,13.688473,-22.929119
16589.0000,16.113602,10.137573,-23.679420
16590.0000,19.124333,8.472635,-21.452896
16591.0000,19.924132,11.041977,-19.903701
16592.0000,21.464754,10.646829,-20.613948
16593.0000,23.327431,10.943619,-17.371976
16594.0000,20.470579,12.965984,-18.341590
16595.0000,22.091953,9.965937,-16.527763
16596.0000,21.493304,9.905011,-15.869435
16597.0000,19.486909,10.874587,-15.909948
16598.0000,18.590209,10.390420,-13.865568
16599.0000,18.687195,8.377608,-12.819731
16600.0000,17.884978,8.087145,-11.848772
16601.0000,16.583257,3.631154,-14.257647
16602.0000,16.424604,3.183952,-17.379884
16603.0000,18.599485,1.406951,-19.531762
16604.0000,19.908708,3.465851,-19.937946
16605.0000,19.926632,3.748428,-21.504372
16606.0000,19.759615,5.359579,-19.138880
16607.0000,16.901281,8.932699,-15.542228
16608.0000,19.512194,10.279893,-16.322586
16609.0000,21.646958,7.345371,-15.589741
16610.0000,24.406974,7.257830,-12.997560
16611.0000,22.193730,6.895081,-13.105589
16612.0000,24.312900,5.967639,-11.116684
16613.0000,25.537077,2.717288,-13.537055
16614.0000,29.608019,0.352162,-15.878694
16615.0000,27.218101,0.159312,-16.248066
16616.0000,23.770274,-0.890531,-16.915766
16617.0000,25.044710,-1.107856,-10.308365
16618.0000,26.226513,0.194975,-14.059923
16619.0000,24.763363,1.065393,-15.287522
16620.0000,22.958136,0.400281,-11.680596
16621.0000,18.256505,-4.074390,-12.195617
16622.0000,21.211856,-6.967424,-12.089377
16623.0000,18.473963,-8.043127,-12.694472
16624.0000,20.390910,-6.374998,-12.787765
16625.0000,21.644141,-6.524769,-12.034905
16626.0000,21.610937,-5.940582,-10.714409
16627.0000,18.933756,-5.555014,-11.698675
16628.0000,15.807843,-3.521876,-10.167639
16629.0000,16.624833,-7.018689,-10.727613
16630.0000,18.592957,-9.837043,-8.754551
16631.0000,17.876113,-9.921491,-11.167210
16632.0000,16.729225,-9.104559,-14.621866
16633.0000,14.534461,-7.953285,-11.180260
16634.0000,13.156006,-9.108175,-11.790928
16635.0000,12.557963,-8.169436,-11.121810
16636.0000,13.967462,-8.582896,-10.123325
16637.0000,14.568466,-9.539900,-13.028419
16638.0000,12.955351,-7.908742,-13.268245
16639.0000,11.523660,-7.143113,-12.687821
16640.0000,9.280663,-7.068150,-15.031076
16641.0000,7.096014,-9.142924,-14.938262
16642.0000,8.440283,-9.192837,-13.755280
16643.0000,8.051918,-7.814968,-15.207616
16644.0000,7.660827,-8.964420,-14.216001
16645.0000,8.912859,-9.458353,-11.167138
16646.0000,8.224436,-11.998630,-7.741513
16647.0000,8.308940,-13.025419,-6.124545
16648.0000,6.386461,-14.242979,-8.407966
16649.0000,5.603708,-14.938707,-8.427710
16650.0000,6.895530,-12.989739,-9.478429
16651.0000,8.534790,-11.663132,-7.360484
16652.0000,4.404757,-10.514926,-3.284899
16653.0000,3.973296,-10.293557,-1.330305
16654.0000,2.532513,-10.110509,1.050757
16655.0000,0.676141,-9.034482,3.555550
16656.0000,0.164357,-9.084707,0.496886
16657.0000,0.499838,-10.938300,-1.437414
16658.0000,1.297482,-10.888023,0.440108
16659.0000,3.567770,-10.364774,-4.561799
16660.0000,2.543129,-11.016938,-5.415968
16661.0000,3.372440,-12.315222,-3.712763
16662.0000,2.910111,-11.301293,-5.622000
16663.0000,5.333317,-10.798276,-4.381826
16664.0000,9.081976,-11.457234,-5.668313
16665.0000,9.773840,-7.901836,-6.947402
16666.0000,8.015999,-9.374657,-8.849226
16667.0000,4.277462,-6.224445,-6.922572
16668.0000,4.595665,-2.194390,-6.899072
16669.0000,6.075985,-0.225287,-3.961190
16670.0000,6.434953,-5.249429,-6.965115
16671.0000,11.809156,-7.110397,-7.453143
16672.0000,14.309204,-4.465036,-8.530987
16673.0000,12.202033,-4.802551,-8.860387
16674.0000,11.932005,-7.369511,-10.668293
16675.0000,7.452197,-7.834599,-10.038103
16676.0000,7.979297,-4.244090,-7.568016
16677.0000,10.058311,-6.497589,-9.999542
16678.0000,6.662932,-6.922417,-10.194954
16679.0000,7.820798,-7.809136,-10.415358
16680.0000,6.295076,-4.425977,-12.885804
16681.0000,5.019176,-5.024963,-10.121795
16682.0000,9.367951,-1.781479,-11.453920
16683.0000,9.017155,-1.661187,-11.205789
16684.0000,10.516879,-0.239512,-6.863772
16685.0000,9.024072,-2.853241,-7.291403
16686.0000,7.156046,0.043584,-9.022997
16687.0000,9.345066,2.070568,-8.408685
16688.0000,8.460973,2.154602,-7.028063
16689.0000,6.906800,0.356438,-6.421345
16690.0000,6.825549,-3.186391,-7.302305
16691.0000,4.338740,-2.822556,-7.531424
16692.0000,2.927907,-3.626403,-7.147397
16693.0000,1.057388,-5.034700,-7.035964
16694.0000,1.547883,-3.096015,-8.768368
16695.0000,1.638226,-0.856090,-7.635252
16696.0000,-1.471854,-1.471564,-6.718212
16697.0000,1.588526,-7.861588,-6.658482
16698.0000,-1.281054,-7.806350,-9.272754
16699.0000,-1.729418,-7.282009,-7.677703
16700.0000,-2.074110,-7.775583,-9.775176
16701.0000,-3.489949,-5.960542,-9.939645
16702.0000,-1.757366,-6.422163,-12.967791
16703.0000,0.999778,-7.181248,-10.117936
16704.0000,-4.485200,-7.081959,-4.888115
16705.0000,-1.269396,-8.679134,-8.037739
16706.0000,-3.095668,-6.369432,-12.680210
16707.0000,-1.606127,-5.379388,-14.327062
16708.0000,-1.784978,-3.707428,-13.787442
16709.0000,-2.946939,-4.858019,-16.600436
16710.0000,-1.699996,-4.107572,-17.718272
16711.0000,-4.150287,-4.894788,-18.966899
16712.0000,-3.856950,-3.063602,-20.658538
16713.0000,-5.470417,-0.484646,-20.640792
16714.0000,-4.840931,-0.834985,-19.171721
16715.0000,-2.439990,3.009433,-18.812544
16716.0000,-4.106884,1.477410,-17.739696
16717.0000,-5.304735,1.750155,-19.266688
16718.0000,-5.842421,-0.346351,-21.416960
16719.0000,-5.380254,0.081577,-22.723137
16720.0000,-7.355845,2.534445,-22.387074
16721.0000,-6.840974,4.901567,-22.376269
16722.0000,-5.929365,3.400798,-23.170208
16723.0000,-4.727035,2.817166,-23.341690
16724.0000,-6.326017,3.633539,-23.098539
16725.0000,-2.242453,5.395274,-20.258418
16726.0000,-0.569760,3.261757,-16.627743
16727.0000,-3.683270,3.871881,-17.440581
16728.0000,-5.092894,1.877964,-18.396370
16729.0000,-5.761618,-2.124017,-16.505054
16730.0000,-6.696511,-4.637077,-15.198528
16731.0000,-6.846623,-5.389525,-14.421751
16732.0000,-3.527240,-6.381627,-14.889150
16733.0000,-2.059291,-6.085888,-14.642631
16734.0000,-0.450803,-2.989597,-14.780293
16735.0000,-2.612879,-0.878392,-14.786898
16736.0000,-1.962777,1.369219,-14.830566
16737.0000,-2.357420,1.347436,-13.218401
16738.0000,-2.450475,-1.536778,-12.166473
16739.0000,-2.818620,0.354420,-12.356413
16740.0000,-7.215681,-2.297167,-9.432568
16741.0000,-8.995708,-2.251190,-13.121164
16742.0000,-8.995826,-3.273493,-15.808160
16743.0000,-6.402636,-3.119846,-17.990355
16744.0000,-2.897401,-0.655015,-18.609079
16745.0000,-5.697446,1.602093,-16.038705
16746.0000,-6.807456,1.582516,-14.582408
16747.0000,-5.265341,1.021091,-14.371692
16748.0000,-7.106596,3.127600,-13.028775
16749.0000,-6.944887,1.851660,-13.860996
16750.0000,-6.293083,0.033597,-12.805810
16751.0000,-2.274332,1.269599,-11.265471
16752.0000,-2.106540,2.169078,-8.480622
16753.0000,-5.341685,1.423426,-6.925002
16754.0000,-6.227913,1.727174,-5.476891
16755.0000,-8.148648,1.770466,-10.840617
16756.0000,-7.057712,1.440664,-11.588501
16757.0000,-4.148237,0.989359,-10.611341
16758.0000,-3.967186,2.444237,-12.178178
16759.0000,-3.776424,3.407634,-13.285369
16760.0000,-4.794979,0.673211,-12.329393
16761.0000,-6.152873,1.400922,-15.374937
16762.0000,-9.104275,-2.114682,-14.539690
16763.0000,-10.828490,-0.240089,-15.827691
16764.0000,-7.561300,2.232835,-14.663150
16765.0000,-6.996604,1.157133,-14.233054
16766.0000,-6.167624,-0.915344,-16.521278
16767.0000,-9.381116,-3.319245,-15.490378
16768.0000,-9.904281,-3.342419,-12.433912
16769.0000,-8.938050,-4.133946,-13.201217
16770.0000,-9.356342,-0.969807,-13.197117
16771.0000,-7.395957,-0.458414,-11.470405
16772.0000,-5.516290,-2.411912,-13.175048
16773.0000,-7.713930,0.415820,-13.711671
16774.0000,-5.871251,0.834450,-11.769495
16775.0000,-6.336407,2.253493,-13.238484
16776.0000,-7.891159,1.503525,-10.564667
16777.0000,-7.725416,0.672312,-12.971320
16778.0000,-7.481756,0.459960,-12.984231
16779.0000,-4.491716,1.155687,-11.186752
16780.0000,-5.690756,1.630975,-10.091031
16781.0000,-4.689318,0.730446,-13.871579
16782.0000,-2.857345,0.880310,-13.982661
16783.0000,-5.302210,-1.240641,-13.934110
16784.0000,-5.521356,2.984457,-11.304387
16785.0000,-2.568540,4.867874,-15.425507
16786.0000,0.833406,2.299609,-14.861333
16787.0000,2.794891,3.781119,-14.241797
16788.0000,5.080747,8.441715,-16.343063
16789.0000,6.027764,5.090182,-16.343329
16790.0000,7.164079,4.172317,-17.437152
16791.0000,6.973840,4.466610,-16.547586
16792.0000,4.370689,1.314106,-17.052281
16793.0000,7.430065,3.373717,-15.640483
16794.0000,8.103602,1.056197,-14.278865
16795.0000,6.146368,0.177477,-11.420515
16796.0000,7.982304,0.998291,-14.275390
16797.0000,9.294648,4.885059,-14.169816
16798.0000,9.546110,4.667117,-14.599569
16799.0000,11.819182,3.200443,-15.972524
16800.0000,11.509545,0.779553,-17.578246
16801.0000,11.105434,0.821297,-17.744932
16802.0000,10.081478,0.136697,-19.179801
16803.0000,10.703330,2.565082,-19.704053
16804.0000,10.989426,6.464826,-22.091255
16805.0000,15.184573,4.620042,-24.022429
16806.0000,13.970683,4.550404,-22.699379
16807.0000,15.361964,4.557296,-24.028355
16808.0000,14.079286,5.344122,-22.202260
16809.0000,13.791990,4.578356,-22.350215
16810.0000,12.378106,4.992918,-19.861375
16811.0000,13.720569,4.342585,-19.114669
16812.0000,8.576933,4.609822,-22.127456
16813.0000,9.212378,0.658667,-21.463466
16814.0000,7.470153,0.928746,-18.752655
16815.0000,6.698060,3.407483,-19.457621
16816.0000,4.276488,6.056225,-20.614059
16817.0000,7.617458,6.909259,-19.011793
16818.0000,7.652056,4.304817,-16.557885
16819.0000,9.356810,3.896849,-14.895126
16820.0000,10.768678,4.642485,-15.135944
16821.0000,8.521854,3.761553,-14.434549
16822.0000,8.566214,0.061855,-16.020142
16823.0000,8.023980,1.087882,-13.608081
16824.0000,7.745524,-0.354975,-13.967365
16825.0000,8.029836,0.084564,-12.373691
16826.0000,7.943893,1.376212,-10.910175
16827.0000,6.473983,1.320725,-8.944220
16828.0000,4.168551,0.436669,-10.741078
16829.0000,5.969377,-1.467959,-7.350632
16830.0000,5.572426,-0.724431,-7.926303
16831.0000,8.791639,-0.329079,-7.348249
16832.0000,10.678820,-1.604426,-3.524751
16833.0000,10.083658,-4.321343,-2.323109
16834.0000,6.902378,-6.842238,-1.903309
16835.0000,5.601881,-7.704489,-2.000442
16836.0000,5.248437,-4.676196,-1.683457
16837.0000,2.652277,-6.752160,-3.491303
16838.0000,3.663357,-2.679360,-6.077163
16839.0000,0.621259,-1.589805,-8.277686
16840.0000,0.699269,-4.676200,-9.640475
16841.0000,0.911240,-3.460028,-8.947593
16842.0000,4.547649,-3.287947,-9.387522
16843.0000,3.139185,-4.935222,-4.592692
16844.0000,0.908587,-6.639822,-2.460055
16845.0000,1.629002,-6.113829,-0.006805
16846.0000,-2.559682,-7.996463,-1.939531
16847.0000,-2.549353,-5.183279,-0.894268
16848.0000,-1.764042,-6.335827,-0.110534
16849.0000,0.342922,-5.600294,0.027743
16850.0000,3.261643,-7.554994,-3.483706
16851.0000,-1.875561,-7.272523,-4.982167
16852.0000,-4.691137,-4.282374,-4.975869
16853.0000,-9.433455,-2.286972,-2.734600
16854.0000,-7.991834,-2.231880,3.081860
16855.0000,-9.819659,-2.243883,5.785007
16856.0000,-7.024015,1.042116,6.895876
16857.0000,-5.940000,0.241442,7.522190
16858.0000,-9.875736,1.053877,4.868495
16859.0000,-6.892636,-1.932238,4.087537
16860.0000,-1.856557,-5.204563,5.192356
16861.0000,1.139068,-1.842361,5.715820
16862.0000,1.674488,-2.153617,5.004424
16863.0000,3.403044,-3.249844,3.691216
16864.0000,2.567578,-5.289431,0.643227
16865.0000,0.155808,-8.808350,4.574125
16866.0000,-1.510763,-6.684235,4.162690
16867.0000,-1.120661,-7.233823,1.111805
16868.0000,-1.910656,-9.052979,3.921839
16869.0000,-2.800277,-6.332933,7.839905
16870.0000,-3.533872,-5.604201,4.448788
16871.0000,-9.818989,-10.271400,6.128203
16872.0000,-9.507342,-11.687030,1.991105
16873.0000,-10.422466,-8.781929,0.463857
16874.0000,-9.275440,-9.890651,3.197774
16875.0000,-8.123540,-9.792659,2.479059
16876.0000,-9.201794,-10.907008,1.740056
16877.0000,-8.052993,-10.296324,0.036369
16878.0000,-10.974182,-11.737725,-0.051375
16879.0000,-11.378770,-10.898892,0.165566
16880.0000,-12.292356,-10.520724,0.651998
16881.0000,-13.902168,-8.870698,-5.617814
16882.0000,-13.692232,-5.078328,-0.631684
16883.0000,-13.544958,-5.728237,-1.194369
16884.0000,-12.447419,-6.947461,1.048955
16885.0000,-11.457348,-6.104952,-3.348205
16886.0000,-9.200834,-6.453913,-1.602285
16887.0000,-12.840091,-5.732198,-0.484535
16888.0000,-14.239693,-7.076414,-0.608428
16889.0000,-10.062512,-5.913726,-0.311523
16890.0000,-11.604640,-6.610962,-0.175735
16891.0000,-10.359008,-5.958062,1.565345
16892.0000,-12.822717,-6.120141,2.111006
16893.0000,-10.156632,-2.875993,-0.048535
16894.0000,-11.024237,-4.106297,0.543617
16895.0000,-11.498608,0.240607,1.304487
16896.0000,-11.346778,1.970181,1.350772
16897.0000,-10.911614,-0.383154,-0.800893
16898.0000,-5.884341,0.554511,-3.167571
16899.0000,-8.305564,-0.175642,-4.565397
16900.0000,-9.742045,-2.197358,-3.009238
16901.0000,-9.851261,-3.519927,-0.147623
16902.0000,-7.715714,-2.991765,-0.794831
16903.0000,-9.664540,-1.909250,-2.055509
16904.0000,-6.363130,-5.101981,-2.485688
16905.0000,-9.322161,-4.059923,-2.010570
16906.0000,-9.997545,-3.971884,2.276921
16907.0000,-9.251731,-2.001312,0.694062
16908.0000,-9.991801,-4.269307,0.401025
16909.0000,-10.377413,-7.505411,2.079334
16910.0000,-11.313316,-8.047855,2.106261
16911.0000,-9.695879,-6.958908,4.853221
16912.0000,-9.495065,-6.956896,5.261358
16913.0000,-10.532144,-5.824041,5.797275
16914.0000,-8.647063,-7.780585,5.328087
16915.0000,-9.841405,-6.216692,4.832403
16916.0000,-11.708377,-5.866300,3.717874
16917.0000,-15.895363,-4.364650,7.577943
16918.0000,-10.546680,-8.262885,8.983413
16919.0000,-11.617088,-5.189919,10.671506
16920.0000,-9.290874,-2.357199,9.307201
16921.0000,-5.369193,-2.872107,11.201542
16922.0000,-10.686065,-0.910376,12.383621
16923.0000,-10.247115,-4.103659,16.138013
16924.0000,-12.858014,-2.635337,18.430238
16925.0000,-15.622506,0.131988,19.557820
16926.0000,-16.255166,-4.216684,19.653984
16927.0000,-15.416293,-4.068411,22.491719
16928.0000,-13.070721,-5.695411,19.142949
16929.0000,-11.994842,-5.836042,20.129397
16930.0000,-10.476159,-7.727551,20.586239
16931.0000,-9.271049,-5.451351,20.291508
16932.0000,-7.479467,-0.525685,17.677748
16933.0000,-5.019726,0.140082,20.394530
16934.0000,-7.236612,-1.458783,20.825507
16935.0000,-7.633649,-4.104341,18.929539
16936.0000,-10.209204,-3.629638,18.112115
16937.0000,-7.997641,-1.965533,17.170230
16938.0000,-11.090149,-5.750389,20.821284
16939.0000,-10.810370,-6.337094,18.740126
16940.0000,-11.082083,-7.417268,18.030325
16941.0000,-7.639320,-10.739389,16.819797
16942.0000,-6.497539,-12.329256,15.005186
16943.0000,-5.399910,-11.073971,14.792805
16944.0000,-7.932201,-10.789022,13.037319
16945.0000,-7.284036,-10.173258,11.236465
16946.0000,-4.657700,-11.441446,8.190039
16947.0000,-1.348008,-11.527361,8.732020
16948.0000,-0.941135,-11.804432,11.515886
16949.0000,-1.222631,-11.801479,14.285027
16950.0000,-0.518569,-11.025713,12.922094
16951.0000,-0.904914,-10.863122,15.648699
16952.0000,0.861087,-7.384230,18.440591
16953.0000,-0.912037,-6.059327,19.927987
16954.0000,-0.408440,-6.779368,19.607510
16955.0000,1.206142,-6.487614,19.628600
16956.0000,0.243701,-9.976792,18.010997
16957.0000,1.379326,-11.944961,19.739365
16958.0000,1.931920,-13.436940,18.740291
16959.0000,0.145241,-10.608533,22.651317
16960.0000,0.296492,-9.830652,23.896432
16961.0000,2.800060,-12.297375,23.839293
16962.0000,-0.461736,-14.589659,25.810908
16963.0000,2.475397,-15.220695,27.005686
16964.0000,3.569828,-14.053032,25.902444
16965.0000,3.253093,-10.298759,21.393633
16966.0000,1.646813,-10.596847,21.876269
16967.0000,-1.708742,-12.096825,18.858134
16968.0000,1.818136,-10.276952,21.339679
16969.0000,1.781028,-10.079618,22.555093
16970.0000,-0.655530,-10.188381,23.867804
16971.0000,-2.558738,-10.972314,22.443182
16972.0000,-1.701376,-7.881117,21.750082
16973.0000,-1.457496,-7.109260,21.059901
16974.0000,0.480955,-8.740478,17.025452
16975.0000,0.461301,-11.073329,16.830675
16976.0000,1.597553,-6.565666,15.923716
16977.0000,5.862128,-8.214930,18.971999
16978.0000,6.063404,-6.332382,20.154706
16979.0000,6.170717,-7.935682,17.058130
16980.0000,6.219195,-7.693910,18.019110
16981.0000,4.468613,-6.638478,19.793232
16982.0000,2.794481,-7.331240,18.414410
16983.0000,4.993213,-4.636740,18.601532
16984.0000,3.231579,-7.119676,18.395485
16985.0000,2.038467,-10.172671,18.571042
16986.0000,1.824971,-8.542324,21.315411
16987.0000,0.116360,-10.918019,22.279973
16988.0000,1.050062,-12.298595,22.043695
16989.0000,2.492765,-13.560985,25.397338
16990.0000,4.557315,-13.675046,25.865136
16991.0000,4.169716,-13.143914,23.184650
16992.0000,4.894138,-10.581287,21.958654
16993.0000,4.785739,-11.368711,18.662894
16994.0000,6.252066,-11.821720,17.469445
16995.0000,5.267155,-6.836655,15.734293
16996.0000,4.968140,-8.249917,14.030654
16997.0000,5.637454,-9.906972,13.398311
16998.0000,3.891131,-9.061628,11.717188
16999.0000,3.882289,-7.067597,14.987600
17000.0000,3.663190,-6.784463,16.964706
17001.0000,1.771222,-5.311106,16.218851
17002.0000,5.305863,-5.508558,14.587145
17003.0000,7.353027,-3.845711,10.353267
17004.0000,7.059148,-4.563343,12.208106
17005.0000,4.528655,-5.932645,17.238825
17006.0000,2.079423,-6.411272,17.046258
17007.0000,2.162680,-6.616580,17.510243
17008.0000,6.807247,-6.682596,18.688347
17009.0000,8.129314,-6.406259,18.809844
17010.0000,6.408634,-4.835477,20.883809
17011.0000,7.323891,-6.008745,19.687946
17012.0000,6.153710,-6.709460,18.809222
17013.0000,3.617068,-9.670501,19.512288
17014.0000,4.760450,-10.757017,15.727973
17015.0000,1.797746,-13.812265,14.388506
17016.0000,2.190831,-13.135032,19.024453
17017.0000,2.775868,-12.221457,19.914156
17018.0000,1.919688,-12.838757,22.105288
17019.0000,0.408645,-12.365373,24.113855
17020.0000,2.476673,-11.605281,24.407497
17021.0000,4.570460,-11.572957,24.572593
17022.0000,5.840557,-11.205361,26.083512
17023.0000,0.699736,-12.528165,23.272037
17024.0000,-0.659686,-13.478657,25.694296
17025.0000,2.150133,-14.011639,26.309261
17026.0000,-1.558767,-15.862100,25.405196
17027.0000,-0.563196,-14.564177,28.126956
17028.0000,-1.607545,-13.778715,28.282124
17029.0000,1.554344,-12.901284,29.318969
17030.0000,3.274992,-16.406903,33.002521
17031.0000,1.980743,-18.582836,29.814794
17032.0000,2.587807,-15.867350,31.586234
17033.0000,3.305397,-14.198464,31.018951
17034.0000,4.610342,-14.739730,27.214981
17035.0000,6.842917,-15.748585,27.279150
17036.0000,4.430675,-16.708800,23.505114
17037.0000,5.298671,-16.912082,25.914740
17038.0000,5.531482,-17.525065,24.200408
17039.0000,6.604315,-19.814250,23.529352
17040.0000,5.426065,-22.359902,23.240275
17041.0000,2.018673,-23.372894,26.641861
17042.0000,-0.270037,-24.987960,25.079056
17043.0000,1.081282,-25.448880,25.836163
17044.0000,-0.465319,-21.652385,24.960262
17045.0000,2.251819,-22.327186,25.752458
17046.0000,3.490514,-22.459580,22.611577
17047.0000,4.243789,-22.619029,19.813467
17048.0000,2.744440,-24.220241,17.111914
17049.0000,-0.475350,-22.450580,21.985257
17050.0000,2.731288,-22.046308,21.490283
17051.0000,2.818668,-21.949525,23.308862
17052.0000,0.946061,-20.247113,25.077743
17053.0000,0.985909,-20.911402,26.087219
17054.0000,2.576206,-16.378391,29.564548
17055.0000,2.956343,-14.007090,27.977297
17056.0000,5.920258,-15.129624,31.002034
17057.0000,6.104459,-16.025664,32.429571
17058.0000,3.430207,-15.855713,32.455582
17059.0000,0.791600,-18.131002,32.181049
17060.0000,-2.501171,-17.417687,32.379023
17061.0000,-4.455647,-21.197916,32.231265
17062.0000,-5.252116,-19.898782,33.651524
17063.0000,-4.521095,-19.612157,35.281715
17064.0000,-5.198939,-16.987932,35.586107
17065.0000,-4.214866,-17.451263,37.350326
17066.0000,-5.060931,-17.364754,34.121214
17067.0000,-3.507615,-16.143826,34.741703
17068.0000,-3.626735,-15.818441,35.545569
17069.0000,-5.461899,-14.866002,30.920927
17070.0000,-5.399257,-12.972176,29.229349
17071.0000,-3.710841,-15.243078,31.342131
17072.0000,-5.008027,-15.917008,29.834821
17073.0000,-6.540251,-20.140470,27.835782
17074.0000,-4.206058,-19.068851,21.800894
17075.0000,-5.650722,-17.467835,16.308317
17076.0000,-3.652942,-19.865412,14.342234
17077.0000,-1.945754,-23.605780,14.053742
17078.0000,1.369948,-24.118429,14.463886
17079.0000,0.129066,-25.269181,12.521619
17080.0000,-3.500552,-24.527610,7.428477
17081.0000,0.789840,-24.683155,8.704529
17082.0000,2.988550,-25.052702,10.231297
17083.0000,6.310282,-24.962507,12.379524
17084.0000,5.583900,-22.307902,13.539498
17085.0000,5.633446,-23.891014,13.006037
17086.0000,3.350649,-22.510391,12.706120
17087.0000,2.684943,-20.603732,10.323073
17088.0000,2.471344,-23.645211,13.491548
17089.0000,1.796129,-24.949075,15.289416
17090.0000,-2.448280,-23.922388,14.631428
17091.0000,-4.661319,-22.366966,12.677851
17092.0000,1.285590,-23.927415,14.325471
17093.0000,-2.620119,-23.375819,14.184672
17094.0000,-0.944289,-22.105649,14.062678
17095.0000,-0.998890,-20.236764,12.722380
17096.0000,0.986521,-18.955457,13.515136
17097.0000,3.752203,-17.328076,11.787390
17098.0000,5.069681,-17.353724,13.030601
17099.0000,6.762190,-15.836550,13.189992
17100.0000,7.120536,-18.081451,14.240718
17101.0000,5.811783,-16.152536,11.428478
17102.0000,6.340442,-13.262856,12.993291
17103.0000,7.187157,-10.990106,12.771067
17104.0000,5.144297,-9.351660,17.427762
17105.0000,1.489199,-8.969344,17.177359
17106.0000,0.699389,-3.930425,19.378068
17107.0000,0.815463,-3.603623,19.093806
17108.0000,-1.150713,-4.428301,20.589076
17109.0000,-1.237460,-3.214951,21.485329
17110.0000,-1.560943,-5.045156,17.706689
17111.0000,-1.439577,-8.212541,19.606366
17112.0000,-1.521720,-7.928649,18.227242
17113.0000,-1.059931,-2.876949,17.286956
17114.0000,-2.742305,-3.872131,15.623092
17115.0000,-0.391540,-8.188662,15.463061
17116.0000,-0.283430,-9.809179,15.982193
17117.0000,-2.819459,-6.993847,18.060844
17118.0000,-1.879866,-2.119543,16.344313
17119.0000,-0.885161,-2.108054,17.005411
17120.0000,-3.297107,0.246699,17.900929
17121.0000,-3.002048,-2.336979,18.414503
17122.0000,-4.157701,-6.564631,17.686533
17123.0000,-4.994701,-5.846156,19.084669
17124.0000,-6.146332,-4.550845,16.095835
17125.0000,-5.874106,-2.740541,17.908793
17126.0000,-6.675144,-1.413446,17.973792
17127.0000,-5.417717,-1.044402,16.284266
17128.0000,-1.777574,-2.989398,17.169486
17129.0000,-2.508889,-2.645591,19.696870
17130.0000,-4.290563,-2.872353,20.569651
17131.0000,-1.501541,-0.543890,16.334779
17132.0000,-3.690161,-0.281589,18.246866
17133.0000,-4.225721,0.548279,18.918825
17134.0000,-3.834402,3.045466,15.530660
17135.0000,-5.306617,3.909555,14.598852
17136.0000,-5.822374,2.022530,14.847797
17137.0000,-5.965982,-0.756655,16.211104
17138.0000,-5.159863,-0.821732,13.643150
17139.0000,-4.791953,-1.496393,11.376981
17140.0000,-3.699710,-2.112119,11.610305
17141.0000,-7.269860,-2.809558,15.486604
17142.0000,-4.026369,-4.422658,18.845556
17143.0000,-2.948597,-4.101231,16.905750
17144.0000,-7.341866,-8.818363,14.080225
17145.0000,-8.636177,-9.732424,15.638882
17146.0000,-8.099842,-6.869482,15.482376
17147.0000,-3.954012,-9.993428,17.437918
17148.0000,-5.854439,-9.419532,17.976024
17149.0000,-3.301606,-10.609114,18.017089
17150.0000,-0.537161,-13.240718,18.589123
17151.0000,0.139744,-13.916035,16.296752
17152.0000,1.011133,-14.481990,15.891068
17153.0000,3.023786,-13.490765,16.308877
17154.0000,2.341470,-12.705017,16.704001
17155.0000,4.652195,-15.461377,15.276151
17156.0000,6.534122,-16.966165,18.258180
17157.0000,5.237736,-17.899942,18.115896
17158.0000,4.565850,-18.932842,14.801184
17159.0000,6.178533,-19.101773,14.448222
17160.0000,7.014926,-18.797639,12.249366
17161.0000,8.642196,-19.358582,7.568206
17162.0000,6.639039,-15.317964,5.798007
17163.0000,8.659793,-14.297074,3.217630
17164.0000,13.071106,-13.182768,4.426447
17165.0000,11.940956,-9.720051,5.595162
17166.0000,14.653481,-7.600339,2.858381
17167.0000,12.053023,-10.030305,3.926018
17168.0000,10.459656,-9.618568,4.362007
17169.0000,6.932093,-6.286973,5.210913
17170.0000,8.167194,-6.567096,2.562040
17171.0000,8.316874,-7.285038,5.447181
17172.0000,8.526973,-5.994982,4.598094
17173.0000,7.742385,-6.718381,2.398236
17174.0000,8.065463,-3.868083,0.491422
17175.0000,6.400169,-4.854315,-1.056542
17176.0000,4.406528,-4.866879,-1.826129
17177.0000,2.568791,-4.793259,-2.469672
17178.0000,0.249761,-9.487666,-6.529043
17179.0000,-2.094657,-7.521444,-5.117420
17180.0000,-0.532567,-6.500776,-6.038997
17181.0000,0.091168,-6.947980,-1.205796
17182.0000,-2.881710,-7.906521,4.764610
17183.0000,-1.197782,-5.753213,7.063976
17184.0000,-0.906146,-6.992390,6.010461
17185.0000,2.773594,-9.336429,6.827598
17186.0000,1.244215,-7.981186,9.245168
17187.0000,2.948207,-5.823559,9.398279
17188.0000,5.118401,-5.792192,6.846787
17189.0000,3.082258,-6.048470,6.492607
17190.0000,3.422685,-7.437001,3.753984
17191.0000,6.532916,-6.452084,3.319619
17192.0000,5.466138,-8.764477,5.940122
17193.0000,3.676215,-8.738678,4.756162
17194.0000,5.507720,-8.918196,3.042645
17195.0000,5.494491,-6.271095,6.166315
17196.0000,6.981883,-7.237082,9.483966
17197.0000,9.803427,-3.919534,11.028581
17198.0000,8.394726,-6.616053,11.865493
17199.0000,8.776057,-2.658518,11.832001
17200.0000,9.374717,-3.859636,10.729339
17201.0000,6.224361,-1.853023,12.145303
17202.0000,11.210628,-2.126506,7.923157
17203.0000,11.664552,-0.917470,7.168717
17204.0000,9.072153,-2.704570,6.605284
17205.0000,7.876563,-5.556437,10.188034
17206.0000,8.638716,-7.919162,15.505936
17207.0000,7.905411,-9.098658,12.675146
17208.0000,10.682859,-10.955287,14.263092
17209.0000,10.245930,-12.783429,14.769076
17210.0000,11.448418,-10.210623,15.662577
17211.0000,12.903191,-9.108281,17.160278
17212.0000,13.142861,-8.203351,17.939379
17213.0000,15.191453,-5.383832,18.006823
17214.0000,15.401372,-5.954410,17.171274
17215.0000,15.512755,-2.818068,14.436169
17216.0000,16.142542,-1.030491,13.936869
17217.0000,15.017736,-0.726789,13.748270
17218.0000,17.737220,-2.068974,13.873402
17219.0000,17.391276,-2.577928,11.247164
17220.0000,14.505456,-2.181359,12.900316
17221.0000,13.593634,-0.594699,14.959630
17222.0000,11.952478,-1.973841,12.812909
17223.0000,12.711565,3.137771,9.672281
17224.0000,14.840364,3.431385,9.598041
17225.0000,16.176764,1.908049,9.700779
17226.0000,15.060111,2.521809,8.515817
17227.0000,11.638475,3.729073,10.205075
17228.0000,12.131170,4.181671,12.643868
17229.0000,11.389295,5.112077,11.101105
17230.0000,6.716637,0.965100,10.817711
17231.0000,7.337101,2.375970,9.074344
17232.0000,6.173596,1.827696,11.463549
17233.0000,3.418776,3.627536,10.075635
17234.0000,3.414007,8.607833,10.403476
17235.0000,4.355069,8.357244,13.559161
17236.0000,4.192103,5.264287,13.759139
17237.0000,3.193803,4.535767,13.245190
17238.0000,3.877002,4.668765,12.270035
17239.0000,5.736389,5.064084,13.059026
17240.0000,6.702771,6.398574,11.747830
17241.0000,10.383367,9.035458,13.078603
17242.0000,11.836269,6.862110,14.305963
17243.0000,12.370392,2.971712,11.911486
17244.0000,13.899971,5.222318,12.264357
17245.0000,14.813330,6.076904,11.920144
17246.0000,14.977273,3.669348,12.348366
17247.0000,13.800571,4.236559,12.633350
17248.0000,14.652163,8.806862,11.173482
17249.0000,15.673172,9.703925,11.935909
17250.0000,17.892211,8.731452,12.448180
17251.0000,17.099093,6.422558,11.427361
17252.0000,14.484719,4.817157,10.355725
17253.0000,15.011792,6.214296,8.512853
17254.0000,10.623929,7.178156,7.402537
17255.0000,9.716714,8.774736,8.943246
17256.0000,10.477951,8.408065,10.022331
17257.0000,11.971313,9.549588,10.893839
17258.0000,11.597733,11.279553,10.064105
17259.0000,12.348033,12.958335,7.483783
17260.0000,11.787797,10.846377,6.670933
17261.0000,10.000059,8.681221,9.214201
17262.0000,9.098145,8.391869,9.368392
17263.0000,9.350156,7.374171,10.166210
17264.0000,8.199810,5.908997,11.180920
17265.0000,7.744376,7.295941,12.481236
17266.0000,4.504549,4.757549,14.540829
17267.0000,3.958335,0.309809,13.612869
17268.0000,3.408850,-1.506294,13.913309
17269.0000,3.220993,-0.887422,11.583459
17270.0000,10.318837,-0.572747,12.982743
17271.0000,12.808736,0.852145,15.201845
17272.0000,10.599478,2.794968,16.757130
17273.0000,10.844191,5.319311,16.161005
17274.0000,10.419197,4.652400,13.408256
17275.0000,10.053508,2.733260,14.573039
17276.0000,8.533183,4.687738,18.555871
17277.0000,8.727562,5.473517,16.977105
17278.0000,9.573001,6.955999,14.978768
17279.0000,9.820309,9.434458,14.782296
17280.0000,12.144851,9.964913,14.179707
17281.0000,13.836319,11.170575,13.043612
17282.0000,12.096602,10.911769,15.346937
17283.0000,14.313007,13.141142,16.625893
17284.0000,13.533422,15.640151,16.021198
17285.0000,15.156848,14.627823,19.547661
17286.0000,14.468073,8.611761,22.766924
17287.0000,12.922990,7.117196,25.209696
17288.0000,14.342916,5.762391,24.127907
17289.0000,10.633428,8.992998,26.222762
17290.0000,8.130297,8.687268,25.627543
17291.0000,8.206366,6.699093,27.373487
17292.0000,7.085196,4.597382,21.517397
17293.0000,6.543386,8.294367,19.104015
17294.0000,6.426066,8.468174,18.308411
17295.0000,4.207703,8.886983,16.428044
17296.0000,4.222660,9.874571,18.014199
17297.0000,4.979922,9.761310,19.458632
17298.0000,5.327148,11.931969,19.332280
17299.0000,3.407602,12.686710,19.199849
17300.0000,2.519028,12.299808,14.842790
17301.0000,2.230357,10.512806,14.871938
17302.0000,3.675581,10.455537,15.837610
17303.0000,5.623002,8.099435,16.856136
17304.0000,8.444494,5.761873,19.281627
17305.0000,8.791837,2.554577,18.203220
17306.0000,10.377832,4.022420,19.739870
17307.0000,8.871627,6.696632,19.074206
17308.0000,10.177844,3.396631,21.023933
17309.0000,6.196599,4.367752,21.484631
17310.0000,5.370827,4.374136,21.369125
17311.0000,7.850761,3.713100,21.035478
17312.0000,3.682834,3.758666,23.348162
17313.0000,7.457832,3.489285,24.862783
17314.0000,7.685074,4.401289,25.619360
17315.0000,8.996059,4.058142,22.442501
17316.0000,10.155197,8.883673,23.296014
17317.0000,11.006391,9.862474,23.155065
17318.0000,9.757283,9.687709,18.120618
17319.0000,7.041031,10.457784,17.001786
17320.0000,6.395138,13.343682,17.925680
17321.0000,4.748175,15.544046,16.706677
17322.0000,2.935576,13.689477,19.384535
17323.0000,4.163244,13.858096,22.547052
17324.0000,2.446120,13.578781,24.542150
17325.0000,1.194605,12.873767,26.946257
17326.0000,2.978098,13.524099,25.037736
17327.0000,4.895102,17.467245,25.133642
17328.0000,0.376572,15.578761,28.363000
17329.0000,0.280790,14.205453,27.339095
17330.0000,-1.880786,14.793421,23.862195
17331.0000,-2.021323,16.150366,22.117953
17332.0000,-1.098097,15.224202,24.254016
17333.0000,-0.712280,14.930366,26.137632
17334.0000,-0.192160,14.367618,27.481692
17335.0000,-0.785512,16.091037,27.154659
17336.0000,0.825501,14.905377,27.438167
17337.0000,3.490321,16.571482,27.471462
17338.0000,3.201189,16.682057,27.247957
17339.0000,2.341376,16.113291,28.965050
17340.0000,-1.945579,19.210198,31.528367
17341.0000,-0.784212,17.801494,33.150305
17342.0000,1.135999,15.211083,31.330324
17343.0000,-0.952718,11.066161,28.401319
17344.0000,-3.547363,10.346288,25.925411
17345.0000,-1.860028,8.284528,25.597317
17346.0000,-0.450126,6.623353,25.775464
17347.0000,0.307550,6.098903,26.022518
17348.0000,-2.571839,6.133125,25.582259
17349.0000,1.511253,3.241634,24.947587
17350.0000,0.917884,5.014059,25.939617
17351.0000,-1.566438,7.984465,27.537566
17352.0000,-2.060499,8.754916,25.169824
17353.0000,-2.118790,8.811250,26.858182
17354.0000,-3.630808,9.732649,24.316303
17355.0000,-3.480380,7.400220,27.090431
17356.0000,-3.110450,6.221993,25.674344
17357.0000,-1.408533,3.261805,26.579579
17358.0000,1.749938,2.806795,23.513901
17359.0000,5.152590,4.110231,23.863463
17360.0000,6.973478,8.055634,24.531472
17361.0000,4.235649,7.530530,24.904276
17362.0000,6.541181,5.755146,24.810623
17363.0000,6.073481,5.983755,25.462119
17364.0000,10.406530,7.946440,22.199962
17365.0000,11.762453,4.884120,24.122035
17366.0000,7.171848,5.304374,22.045687
17367.0000,5.531254,4.802925,20.762752
17368.0000,5.712540,5.442933,19.053210
17369.0000,3.314133,0.707308,21.054929
17370.0000,5.294866,0.663723,22.546413
17371.0000,12.323708,3.252592,22.276249
17372.0000,12.213874,3.816249,24.564924
17373.0000,13.572269,4.503765,25.405450
17374.0000,14.814152,6.205284,27.771373
17375.0000,10.664312,6.937599,25.989178
17376.0000,13.592697,4.679364,26.568628
17377.0000,11.420997,6.551676,24.930669
17378.0000,10.876253,6.455766,21.561821
17379.0000,8.164644,7.614198,19.492849
17380.0000,8.755160,7.091393,18.424898
17381.0000,10.825127,4.215694,18.376333
17382.0000,10.021362,5.353606,17.942332
17383.0000,6.192926,6.277841,16.986871
17384.0000,4.645745,6.012490,13.368937
17385.0000,3.424154,2.514689,14.320540
17386.0000,5.070954,3.445819,16.701156
17387.0000,8.214774,5.498714,15.437935
17388.0000,8.332272,7.501526,15.124178
17389.0000,6.284067,2.718392,17.183783
17390.0000,6.074369,4.046395,17.985385
17391.0000,6.428831,3.423517,14.909754
17392.0000,6.959815,3.170969,16.426582
17393.0000,9.847807,2.492386,15.908894
17394.0000,10.948019,1.920326,17.019300
17395.0000,11.371530,-0.593584,16.300867
17396.0000,9.908479,-4.574918,17.737193
17397.0000,8.988866,-4.400693,21.117205
17398.0000,7.976868,-2.438725,22.369530
17399.0000,10.784360,-5.754870,25.629124
17400.0000,10.104340,-5.669122,25.569273
17401.0000,10.813034,-1.886284,25.453986
17402.0000,13.553769,-1.660948,24.389960
17403.0000,13.256341,-2.640863,23.285638
17404.0000,11.153686,-1.531356,23.720218
17405.0000,6.797040,-0.004072,26.908637
17406.0000,7.087266,1.858277,26.604315
17407.0000,3.577640,4.212301,26.983190
17408.0000,2.896515,5.546563,28.418700
17409.0000,6.238263,-1.445096,26.117016
17410.0000,5.796768,-0.677177,28.382561
17411.0000,4.035242,-2.210171,24.910532
17412.0000,4.533832,-0.495304,22.840427
17413.0000,0.608941,-2.287287,20.272258
17414.0000,2.066331,-3.195841,20.971874
17415.0000,-2.141810,-1.450823,21.377324
17416.0000,2.398732,-3.256027,22.492717
17417.0000,1.115002,-1.154533,24.052768
17418.0000,1.731101,-1.974857,26.753558
17419.0000,4.949706,0.130851,25.791679
17420.0000,8.434932,2.646702,24.501600
17421.0000,5.352293,5.864157,24.429025
17422.0000,5.543394,2.788423,24.635515
17423.0000,9.367544,4.142288,23.716244
17424.0000,9.965424,4.329920,22.941666
17425.0000,9.164299,6.761524,23.806291
17426.0000,11.683041,5.613970,21.860294
17427.0000,13.905660,6.928361,19.818423
17428.0000,13.738780,5.946366,19.680895
17429.0000,13.153864,8.192254,20.341719
17430.0000,9.377129,6.973812,19.919966
17431.0000,9.750559,8.512197,20.648638
17432.0000,8.817272,6.778196,20.000130
17433.0000,10.801048,9.900531,20.116088
17434.0000,13.712088,11.442720,17.746731
17435.0000,13.253929,7.713279,16.815468
17436.0000,13.089996,7.902166,17.042920
17437.0000,14.524383,8.300743,20.244938
17438.0000,15.043488,8.080367,21.337674
17439.0000,16.020247,8.312890,22.353906
17440.0000,15.308367,5.248616,19.629803
17441.0000,14.882013,-0.167529,21.598086
17442.0000,12.882285,-2.230025,18.503771
17443.0000,16.108756,-2.090395,17.109904
17444.0000,17.770040,1.863833,16.839597
17445.0000,15.981630,0.979128,16.330356
17446.0000,14.003207,1.174378,14.548459
17447.0000,13.134562,-0.530457,14.371052
17448.0000,16.634788,-1.755604,14.206661
17449.0000,15.956501,-2.676751,10.818678
17450.0000,16.152099,-1.138869,10.907387
17451.0000,16.362902,-4.892715,14.626190
17452.0000,15.895814,-2.786872,13.191009
17453.0000,14.561603,-1.694421,13.469999
17454.0000,16.207904,-0.874141,14.932474
17455.0000,12.959538,0.235643,13.085972
17456.0000,19.834040,-0.091990,11.363755
17457.0000,20.984319,0.016633,14.700511
17458.0000,19.975955,0.185102,15.625888
17459.0000,20.472636,-1.065391,16.106689
17460.0000,21.765941,0.136106,15.119374
17461.0000,23.922839,1.020335,16.875011
17462.0000,20.055888,1.208068,14.501750
17463.0000,20.580943,0.904534,14.798564
17464.0000,20.258713,1.456078,15.376798
17465.0000,19.762809,0.611249,15.802199
17466.0000,19.559591,0.896977,13.256396
17467.0000,15.802151,4.430087,11.278715
17468.0000,16.110900,4.007253,8.192985
17469.0000,16.994974,4.834109,10.607263
17470.0000,18.698357,5.258768,11.615825
17471.0000,19.302423,7.177426,15.370177
17472.0000,18.390385,5.570188,18.438434
17473.0000,16.407216,7.481914,15.128287
17474.0000,13.752421,6.596144,12.321182
17475.0000,14.220024,6.421946,13.795653
17476.0000,14.084463,1.615829,18.087965
17477.0000,14.025144,2.733670,20.056516
17478.0000,18.337124,7.322099,19.904531
17479.0000,19.922451,7.045713,19.122674
17480.0000,15.491844,4.558065,23.223319
17481.0000,15.846300,4.766884,24.052671
17482.0000,14.872203,5.373684,27.677079
17483.0000,15.097674,8.413041,28.323365
17484.0000,16.760307,7.832243,25.141482
17485.0000,15.663790,4.642462,23.062951
17486.0000,16.636259,4.232500,23.123406
17487.0000,16.626851,3.074790,22.077895
17488.0000,14.462389,4.225588,22.744581
17489.0000,14.886378,3.412006,23.135589
17490.0000,16.769899,3.265233,22.664916
17491.0000,18.422891,1.027157,19.881796
17492.0000,17.202114,0.573624,21.662518
17493.0000,17.399953,2.035595,21.840439
17494.0000,16.224107,1.682687,23.339792
17495.0000,12.992912,4.671044,24.423010
17496.0000,12.421136,4.065909,23.877997
17497.0000,11.383535,5.891325,22.647234
17498.0000,11.284149,6.364028,23.139053
17499.0000,9.903127,5.666302,21.824391
17500.0000,7.873425,3.507567,22.799549
17501.0000,9.367886,3.764549,22.178662
17502.0000,9.139753,3.069456,21.051574
17503.0000,6.144844,-2.853253,20.034012
17504.0000,3.241857,-3.768100,19.934645
17505.0000,5.836033,-5.068553,18.535614
17506.0000,6.371054,-7.053066,19.986765
17507.0000,9.590655,-9.054219,19.908688
17508.0000,8.530972,-10.782100,21.622857
17509.0000,9.770494,-11.423854,24.213706
17510.0000,9.368134,-11.653303,23.757417
17511.0000,9.328027,-11.859711,23.826536
17512.0000,13.733438,-14.306524,25.290533
17513.0000,10.817650,-15.578896,24.725842
17514.0000,10.136924,-15.482737,27.961147
17515.0000,10.599465,-13.958256,25.599120
17516.0000,9.435495,-12.960968,22.948423
17517.0000,4.589831,-10.684031,23.880928
17518.0000,2.611499,-12.082191,24.248105
17519.0000,3.285499,-8.868991,23.992149
17520.0000,3.274479,-7.964633,23.676536
17521.0000,5.345630,-6.098532,24.039176
17522.0000,4.325190,-5.754326,27.619202
17523.0000,2.338633,-4.741580,27.608198
17524.0000,1.714892,-6.458075,26.878510
17525.0000,0.079413,-4.316082,24.173771
17526.0000,-1.428684,-5.197551,24.436181
17527.0000,-3.234666,-8.188854,24.609743
17528.0000,-3.036855,-3.847706,23.917799
17529.0000,-4.260092,-1.402390,22.468528
17530.0000,-3.554027,-5.500001,22.683695
17531.0000,-6.790301,-5.579055,23.030388
17532.0000,-7.687130,-5.595227,21.264429
17533.0000,-5.917199,-6.579236,24.988305
17534.0000,-7.583341,-7.287181,24.131349
17535.0000,-8.669501,-10.888604,25.370632
17536.0000,-6.863845,-10.465476,22.978072
17537.0000,-5.254753,-7.955889,22.611763
17538.0000,-6.315882,-8.090489,20.116101
17539.0000,-5.214969,-12.801916,17.781191
17540.0000,-6.567292,-14.682836,17.005987
17541.0000,-5.256607,-11.833506,17.219472
17542.0000,-7.416192,-8.013484,12.852709
17543.0000,-6.997802,-9.384239,10.242284
17544.0000,-9.274758,-10.025858,10.926418
17545.0000,-10.661061,-10.897932,10.562272
17546.0000,-7.735983,-10.026054,10.472938
17547.0000,-6.813695,-9.496498,10.493281
17548.0000,-5.478091,-9.624019,10.515868
17549.0000,-7.153531,-8.407792,8.785942
17550.0000,-7.594068,-9.327257,5.188106
17551.0000,-10.158872,-8.275102,6.809718
17552.0000,-10.422629,-10.053925,11.193879
17553.0000,-11.629166,-12.019549,8.842461
17554.0000,-9.172270,-8.401304,10.054667
17555.0000,-7.421178,-7.539834,13.827334
17556.0000,-6.246541,-6.979988,10.927820
17557.0000,-4.016976,-8.635041,13.428114
17558.0000,-3.825966,-8.702201,12.944719
17559.0000,-1.690740,-7.199118,11.522937
17560.0000,-0.054581,-2.777283,11.649810
17561.0000,2.266375,-2.033590,15.124685
17562.0000,-0.205254,0.781181,16.702285
17563.0000,-2.153178,1.882594,15.711646
17564.0000,-0.152267,1.526935,17.860395
17565.0000,-0.961682,0.398932,19.261127
17566.0000,-2.710537,1.301230,18.786805
17567.0000,-5.233170,3.491134,20.265981
17568.0000,-8.068437,6.813963,20.912099
17569.0000,-9.163295,6.910035,18.015735
17570.0000,-6.941823,10.470025,18.607351
17571.0000,-7.881701,8.457063,17.550033
17572.0000,-4.624067,6.848508,20.305081
17573.0000,-3.886117,5.054570,15.891423
17574.0000,-4.940428,3.619049,16.662349
17575.0000,-4.233750,5.513913,17.674628
17576.0000,-7.160712,7.960872,12.845297
17577.0000,-4.398199,6.748487,14.471802
17578.0000,-4.563023,7.256012,15.559148
17579.0000,-2.168907,6.092540,17.544305
17580.0000,-3.004221,4.446910,18.166017
17581.0000,-4.438749,8.392524,16.357692
17582.0000,-5.994550,6.046277,18.896044
17583.0000,-6.561135,2.013169,15.359795
17584.0000,-7.141791,2.873059,14.967876
17585.0000,-6.650038,5.282594,13.486101
17586.0000,-5.910405,4.928083,12.427242
17587.0000,-4.895499,5.054101,11.683697
17588.0000,-6.121748,6.898243,12.665404
17589.0000,-8.897516,6.405228,13.078831
17590.0000,-5.941029,5.746714,11.530409
17591.0000,-6.147691,5.199377,10.909178
17592.0000,-5.363086,3.008373,11.800089
17593.0000,-4.392142,4.242708,9.723550
17594.0000,0.344328,4.016133,8.175623
17595.0000,-0.741934,5.127925,5.183514
17596.0000,-1.062570,6.350366,5.150822
17597.0000,-2.121631,4.588596,5.833243
17598.0000,-0.928313,5.085695,5.569533
17599.0000,-3.397997,5.260923,4.614674
17600.0000,-1.516436,5.674024,2.056022
17601.0000,-0.484030,3.914804,3.070827
17602.0000,1.005802,6.727085,4.383141
17603.0000,1.805504,5.931237,6.087694
17604.0000,1.497545,5.210346,7.138137
17605.0000,-0.342294,3.581039,6.756257
17606.0000,-1.982639,3.160055,5.360603
17607.0000,-1.870716,2.757591,4.200670
17608.0000,-3.425008,0.990927,5.900814
17609.0000,-4.116002,1.471921,4.953206
17610.0000,-5.843629,3.772095,1.147322
17611.0000,-4.215948,5.808307,3.866465
17612.0000,-6.474349,6.069705,4.186883
17613.0000,-4.354884,7.342949,6.404942
17614.0000,-1.572076,5.831544,6.338238
17615.0000,-1.700595,4.529609,6.776247
17616.0000,0.186420,3.623212,10.090945
17617.0000,0.290438,1.288223,10.425302
17618.0000,2.451960,1.814798,9.423755
17619.0000,6.885844,2.366929,10.535960
17620.0000,7.618137,0.899774,10.652876
17621.0000,8.130708,1.688073,8.409555
17622.0000,7.500306,-1.146951,10.557251
17623.0000,3.992438,2.675360,8.992845
17624.0000,6.707165,5.626364,13.291323
17625.0000,4.104129,9.090684,13.709739
17626.0000,2.486725,11.023846,11.300963
17627.0000,2.236109,8.183397,11.350786
17628.0000,1.528913,9.339671,9.376024
17629.0000,-1.313978,9.900842,9.429892
17630.0000,-2.423442,6.190932,11.499372
17631.0000,-1.628895,6.481678,11.139402
17632.0000,-3.745115,6.668059,13.558809
17633.0000,-8.153121,5.593949,13.170327
17634.0000,-6.554975,6.098946,9.990463
17635.0000,-7.011989,6.503655,7.995220
17636.0000,-6.482662,2.633166,7.298493
17637.0000,-7.211259,1.273544,7.145298
17638.0000,-11.132838,1.098015,8.818224
17639.0000,-9.259766,0.769310,10.956631
17640.0000,-7.175446,2.735589,10.603166
17641.0000,-7.785497,3.188722,10.063325
17642.0000,-6.943719,3.166355,7.169265
17643.0000,-6.433608,4.504630,6.479433
17644.0000,-7.172407,4.849989,1.984282
17645.0000,-8.237295,7.081769,3.083486
17646.0000,-7.246757,8.706596,7.626481
17647.0000,-4.452037,7.839648,8.566792
17648.0000,-3.067584,5.060050,11.505257
17649.0000,-4.587452,0.107946,12.558374
17650.0000,-5.557022,-0.730528,8.651282
17651.0000,-6.585839,-0.461575,8.732725
17652.0000,-6.722013,-1.234305,8.314254
17653.0000,-6.725855,3.001690,6.246698
17654.0000,-6.704098,2.903746,5.538566
17655.0000,-4.113293,1.740537,2.990455
17656.0000,-5.197670,3.590191,4.789589
17657.0000,-4.390078,4.127638,5.344393
17658.0000,-5.042017,2.710677,1.618980
17659.0000,-7.052609,3.156913,0.525199
17660.0000,-6.041553,3.747976,-2.086527
17661.0000,-2.225912,1.911253,0.997630
17662.0000,-0.627658,3.500762,1.853716
17663.0000,-0.786382,3.046490,3.529117
17664.0000,0.109472,5.304034,5.308242
17665.0000,-4.720765,5.963421,1.082038
17666.0000,-4.233711,2.813791,2.598629
17667.0000,-0.894143,4.537562,5.442332
17668.0000,-5.769727,4.101135,7.269991
17669.0000,-5.311606,3.733373,4.626790
17670.0000,-7.000348,0.165156,2.490625
17671.0000,-7.679607,-3.377421,6.586657
17672.0000,-6.540385,-3.373329,4.848170
17673.0000,-6.973096,-4.293192,3.570397
17674.0000,-7.930850,-0.337592,4.593630
17675.0000,-6.744771,0.038005,2.540472
17676.0000,-6.967590,-0.987294,-0.517611
17677.0000,-7.338402,0.013794,0.065333
17678.0000,-5.084217,-1.041961,5.854458
17679.0000,-5.384094,-0.352509,5.359173
17680.0000,-6.089163,-0.285433,3.961941
17681.0000,-8.151613,0.595096,1.122914
17682.0000,-7.617829,0.442627,1.977700
17683.0000,-4.609153,-0.020045,2.467074
17684.0000,-8.175335,-1.816969,1.794328
17685.0000,-8.678962,-0.540521,4.493641
17686.0000,-11.155442,0.137586,4.677611
17687.0000,-17.698268,-2.187281,6.527923
17688.0000,-16.961067,-2.574340,4.112159
17689.0000,-15.535471,-5.374220,5.505340
17690.0000,-17.251422,-5.304659,7.569608
17691.0000,-13.147074,-5.074768,8.146468
17692.0000,-11.959543,-3.514847,8.509636
17693.0000,-10.762260,-3.365878,8.322406
17694.0000,-7.794722,-4.065064,11.226817
17695.0000,-7.668057,-1.767085,13.067833
17696.0000,-5.008475,-2.139483,15.029926
17697.0000,-4.897080,-5.328709,15.890872
17698.0000,-7.008200,-8.718617,19.536633
17699.0000,-9.496296,-7.243211,20.022806
17700.0000,-11.627852,-7.243906,22.991224
17701.0000,-9.481770,-5.248843,19.923900
17702.0000,-9.794247,-0.600083,21.930228
17703.0000,-12.135635,-0.635574,22.551351
17704.0000,-8.740239,1.920993,21.639393
17705.0000,-8.563707,2.681948,17.338573
17706.0000,-7.329598,6.602037,15.788283
17707.0000,-4.727020,10.945093,13.348881
17708.0000,-4.940989,9.029570,11.286182
17709.0000,-5.676472,4.765052,11.210158
17710.0000,-4.728173,7.804165,13.814119
17711.0000,-4.097252,8.832373,14.184231
17712.0000,-2.091859,7.174766,11.309879
17713.0000,-0.506866,6.309518,13.356696
17714.0000,0.593360,5.838591,13.590270
17715.0000,-0.335406,5.217167,12.465071
17716.0000,-0.323978,5.846311,12.120074
17717.0000,0.158811,3.938578,13.953480
17718.0000,-0.267865,-0.768309,12.779463
17719.0000,-0.883801,0.905289,12.564268
17720.0000,0.780385,0.207245,12.223999
17721.0000,1.303104,3.479538,13.351498
17722.0000,2.288762,3.191369,15.272559
17723.0000,1.218590,-0.834103,13.401709
17724.0000,1.648128,-0.867623,17.139390
17725.0000,0.369208,-1.995500,16.552223
17726.0000,-0.978475,-1.395687,14.927533
17727.0000,-3.471141,0.186737,12.201085
17728.0000,-2.293168,5.820130,11.805551
17729.0000,-2.923337,7.662314,12.002198
17730.0000,-2.915904,6.652931,9.333462
17731.0000,-0.788440,5.768720,13.181864
17732.0000,1.447205,4.002337,10.515785
17733.0000,0.031022,4.885141,12.533051
17734.0000,-0.377331,4.289388,12.403779
17735.0000,-0.237168,2.286391,13.321282
17736.0000,-0.529942,-0.427698,11.042789
17737.0000,0.786385,2.081277,10.814475
17738.0000,6.923869,3.228375,7.348962
17739.0000,2.389977,5.940630,7.899030
17740.0000,5.019488,8.851722,8.229664
17741.0000,3.872035,7.260896,8.171501
17742.0000,8.970751,9.984199,10.483823
17743.0000,9.778793,9.782047,10.831464
17744.0000,13.134085,8.922650,11.665446
17745.0000,12.795629,8.604232,10.840095
17746.0000,10.341158,6.270398,11.503886
17747.0000,8.590760,5.634399,12.939480
17748.0000,6.294321,4.559170,13.473647
17749.0000,3.388534,9.267005,11.020039
17750.0000,5.342986,8.530066,10.341446
17751.0000,5.104790,4.598864,10.356383
17752.0000,5.505419,4.600667,10.184206
17753.0000,3.825926,5.516234,11.651647
17754.0000,2.516019,9.179670,11.980430
17755.0000,0.650849,9.406396,7.185900
17756.0000,-2.170730,5.234733,5.269176
17757.0000,-0.845060,6.435856,6.181411
17758.0000,-1.810343,1.890459,6.513674
17759.0000,-1.683987,3.971993,5.766056
17760.0000,-3.826725,4.387393,4.802031
17761.0000,-6.341819,3.704079,7.757351
17762.0000,-5.056759,0.242887,3.763452
17763.0000,-7.508604,-1.579295,4.523116
17764.0000,-7.611153,-2.479686,4.767050
17765.0000,-4.594055,-2.495394,6.165807
17766.0000,-2.923343,-0.193824,6.948833
17767.0000,-5.648041,0.715601,8.342722
17768.0000,-1.714490,-0.412294,7.771675
17769.0000,-1.032305,-0.864041,8.786229
17770.0000,-2.533763,-1.694460,7.604264
17771.0000,-5.571269,1.202995,8.516817
17772.0000,-3.464918,0.466790,8.326711
17773.0000,-2.867053,2.455156,8.865936
17774.0000,-6.138604,0.657270,7.419969
17775.0000,-6.629497,-0.025567,6.618578
17776.0000,-6.260433,-2.653467,9.066566
17777.0000,-4.614230,0.212418,7.352128
17778.0000,-5.796135,3.910526,8.831686
17779.0000,-7.850528,2.960992,8.787079
17780.0000,-7.083274,4.331648,10.179214
17781.0000,-4.928162,4.983738,8.989990
17782.0000,-4.439859,1.391821,10.051472
17783.0000,-4.505604,2.477944,12.030432
17784.0000,-1.506294,2.830365,10.302431
17785.0000,-2.523339,3.721754,9.383725
17786.0000,-2.826996,4.685625,6.997842
17787.0000,-2.745293,6.410981,7.146123
17788.0000,-2.172951,2.492714,6.700999
17789.0000,2.263684,4.604686,7.687735
17790.0000,2.282636,4.696559,7.196401
17791.0000,2.392634,3.696964,8.551057
17792.0000,1.089271,3.815693,9.732756
17793.0000,1.914725,2.891390,10.407839
17794.0000,2.580113,0.747909,8.180930
17795.0000,0.610703,0.736637,3.735970
17796.0000,-0.001632,-4.824728,3.808898
17797.0000,-1.358625,-3.439078,5.350594
17798.0000,-2.909903,-2.854283,7.275590
17799.0000,-0.950287,-3.171958,5.810853
17800.0000,0.746151,-2.445065,10.074512
17801.0000,-0.670270,-3.995461,6.443678
17802.0000,0.878631,-0.905174,6.278937
17803.0000,0.629965,-1.392455,5.629196
17804.0000,3.231501,-0.009112,5.259358
17805.0000,2.206058,-2.047240,2.575874
17806.0000,2.583552,-2.242699,0.631369
17807.0000,1.451988,-2.197081,2.069705
17808.0000,2.719423,-0.958806,6.625352
17809.0000,-0.732391,0.143334,7.481085
17810.0000,-4.578264,0.558455,6.308866
17811.0000,-4.017044,1.677609,3.848478
17812.0000,-3.274562,0.824344,-1.323800
17813.0000,-6.634896,-0.103909,0.393949
17814.0000,-5.703811,-0.682505,-3.454222
17815.0000,-6.681099,0.657894,-5.274436
17816.0000,-7.754221,4.466004,-5.455224
17817.0000,-7.787339,5.786278,-5.202310
17818.0000,-10.010313,4.141425,-4.748647
17819.0000,-10.880582,6.560650,-3.566787
17820.0000,-12.830169,3.718196,-0.605342
17821.0000,-12.479049,2.367550,-1.065568
17822.0000,-11.310523,0.831125,-2.343520
17823.0000,-15.382993,-1.311706,-5.908092
17824.0000,-13.968716,-2.916191,-8.533273
17825.0000,-13.573395,-2.651089,-9.791452
17826.0000,-12.122765,-0.822563,-7.535836
17827.0000,-13.093007,-3.116747,-4.658740
17828.0000,-13.719769,1.516553,-6.055060
17829.0000,-13.773531,2.072293,-6.963951
17830.0000,-13.225963,-0.254359,-6.141936
17831.0000,-7.966531,-2.572949,-8.682961
17832.0000,-8.555349,-1.761891,-8.682575
17833.0000,-10.358666,-5.059833,-5.345359
17834.0000,-6.162894,-3.436199,-3.460646
17835.0000,-6.661888,-7.122154,-5.651070
17836.0000,-4.310117,-7.916336,-4.021320
17837.0000,-8.186420,-10.443694,-7.119635
17838.0000,-8.734220,-9.068061,-5.153730
17839.0000,-6.129142,-8.816344,-3.014316
17840.0000,-7.626993,-7.981499,-2.335919
17841.0000,-8.332699,-8.063087,-6.090678
17842.0000,-9.293943,-5.614630,-4.681780
17843.0000,-7.006179,-1.546482,-3.978868
17844.0000,-8.525316,-1.365422,-5.933632
17845.0000,-10.944683,-2.294185,-6.397560
17846.0000,-9.087049,-2.538550,-3.742092
17847.0000,-9.289482,-5.249230,-1.423164
17848.0000,-10.728424,-2.784021,1.129240
17849.0000,-13.107615,-3.329461,1.285890
17850.0000,-11.589165,-3.679669,0.253647
17851.0000,-8.125266,-3.820881,-0.866218
17852.0000,-7.834407,-6.472194,-1.568369
17853.0000,-7.228168,-5.588304,0.009671
17854.0000,-5.677677,-9.598581,0.052246
17855.0000,-3.636049,-10.711531,1.463752
17856.0000,-7.776588,-9.200897,3.057695
17857.0000,-9.075264,-8.108307,5.528313
17858.0000,-7.248183,-5.591858,4.115109
17859.0000,-7.015218,-6.233631,4.020706
17860.0000,-5.210344,-6.006432,4.236280
17861.0000,-2.268651,-5.429621,5.694705
17862.0000,-5.072829,-7.451664,3.929389
17863.0000,-4.283912,-10.758750,5.149805
17864.0000,-3.937939,-8.656484,5.502311
17865.0000,-6.110336,-7.653246,3.648902
17866.0000,-7.523117,-6.170062,-0.681736
17867.0000,-10.308694,-1.085298,-0.171563
17868.0000,-9.194355,0.311342,-2.855509
17869.0000,-8.318438,-3.215429,0.704638
17870.0000,-6.788698,-1.775843,2.474722
17871.0000,-8.152266,-0.754454,0.186300
17872.0000,-9.827487,-1.801582,-1.822647
17873.0000,-4.894164,0.263863,-1.283123
17874.0000,-3.273621,-0.580483,-2.980356
17875.0000,0.403562,-2.220364,-3.012109
17876.0000,1.069577,-3.363114,-0.623168
17877.0000,0.732147,-3.605261,-1.017412
17878.0000,-1.056273,-1.471282,-3.483871
17879.0000,-1.079610,-3.339759,-5.354260
17880.0000,-6.701340,-3.052843,-5.509555
17881.0000,-4.306897,-2.424640,-5.078571
17882.0000,-0.312675,-3.354603,-0.106543
17883.0000,1.946692,-3.249995,-1.670929
17884.0000,1.657443,1.266402,-2.060210
17885.0000,0.474267,0.708363,-1.752779
17886.0000,-2.682175,0.874674,-4.276530
17887.0000,-0.566711,-0.203807,-2.996384
17888.0000,0.692827,4.615905,-5.606875
17889.0000,3.682932,5.281254,-7.735639
17890.0000,0.307628,3.676007,-8.251656
17891.0000,1.756205,4.313910,-3.921521
17892.0000,5.010470,4.908929,-6.020616
17893.0000,2.277002,5.273569,-5.396190
17894.0000,0.596347,2.542198,-4.823200
17895.0000,1.469257,1.628683,-2.469292
17896.0000,2.983779,1.347742,-2.458933
17897.0000,3.092986,-0.729799,-4.084201
17898.0000,8.947952,-0.176843,-7.075131
17899.0000,11.178019,-4.984540,-4.220385
17900.0000,10.675801,-3.423226,-6.541035
17901.0000,6.643024,0.023290,-9.815644
17902.0000,6.691365,3.440219,-5.707165
17903.0000,3.658313,4.015125,-1.718548
17904.0000,2.620843,3.476091,-1.397357
17905.0000,3.415800,4.301262,-0.607865
17906.0000,0.184769,6.234238,-1.353867
17907.0000,0.280858,3.747090,-0.754854
17908.0000,-0.839618,1.096228,-3.174280
17909.0000,-0.748379,-0.675636,-3.914643
17910.0000,-0.534598,0.981784,-4.237184
17911.0000,-0.692706,2.083720,-3.091393
17912.0000,-2.499053,3.915064,-5.593066
17913.0000,-2.344082,5.172111,-2.461082
17914.0000,0.418665,3.745105,-4.589607
17915.0000,-0.964001,3.307925,-1.883795
17916.0000,-0.409098,3.281144,1.560134
17917.0000,2.498546,8.512264,-2.352867
17918.0000,0.215852,9.972771,-3.500137
17919.0000,-4.236139,11.657111,-1.451045
17920.0000,-3.360570,10.751801,-3.634673
17921.0000,-3.514468,8.786635,-1.355887
17922.0000,-4.520694,6.869201,0.798731
17923.0000,-5.695032,7.720452,-0.842588
17924.0000,-7.803332,7.648722,-0.327502
17925.0000,-5.748742,8.586829,2.080357
17926.0000,-3.225536,8.631883,6.257623
17927.0000,-3.812168,7.975587,7.721636
17928.0000,-6.992625,7.179330,9.463530
17929.0000,-7.210907,8.985279,10.018350
17930.0000,-10.110938,10.725632,10.783690
17931.0000,-11.077967,11.333938,11.765639
17932.0000,-6.998320,8.814678,8.216885
17933.0000,-8.178075,7.107689,7.715558
17934.0000,-9.153510,9.766392,5.130358
17935.0000,-5.983558,7.827543,4.428658
17936.0000,-5.975410,10.678197,1.783582
17937.0000,-5.357784,8.887926,1.314467
17938.0000,-4.564605,9.397233,-1.451608
17939.0000,-3.047040,11.366406,0.499396
17940.0000,-2.790475,10.277269,-1.129744
17941.0000,-0.934089,8.627261,0.048056
17942.0000,-0.930092,7.683497,1.244791
17943.0000,1.150965,7.189245,4.288049
17944.0000,3.525732,8.493618,2.004306
17945.0000,-1.468507,4.964826,2.142481
17946.0000,-3.604795,3.725265,4.050412
17947.0000,-4.474707,5.260316,2.282266
17948.0000,-3.102653,5.598014,1.241103
17949.0000,-2.213854,6.866970,2.859768
17950.0000,-2.182919,8.015598,-1.677087
17951.0000,-3.790906,4.330165,-1.226352
17952.0000,-5.338057,3.680477,-0.917259
17953.0000,-4.337591,0.483489,-0.456876
17954.0000,-3.141670,-1.774357,-0.606387
17955.0000,-3.911231,-0.128020,-1.264958
17956.0000,-4.109549,-0.372268,-1.652809
17957.0000,-4.472478,1.104135,-2.027314
17958.0000,-4.870560,0.551822,-4.242464
17959.0000,-7.616205,1.745327,-7.557370
17960.0000,-8.482600,3.545312,-7.567099
17961.0000,-8.542215,2.678587,-4.306599
17962.0000,-9.356664,1.803941,1.087100
17963.0000,-5.441473,4.143096,3.727535
17964.0000,-3.850747,3.455391,2.509940
17965.0000,-4.422105,5.708714,1.602498
17966.0000,-2.595412,7.542790,2.686964
17967.0000,-3.871187,7.267404,3.735760
17968.0000,-7.233269,6.858234,7.648468
17969.0000,-14.644858,3.949460,8.574879
17970.0000,-10.161397,2.137360,8.718596
17971.0000,-7.324205,1.320624,6.952224
17972.0000,-7.554837,0.781199,3.288567
17973.0000,-9.632456,0.509471,2.102776
17974.0000,-11.380406,-0.590746,2.542057
17975.0000,-8.896843,-0.649896,-2.669517
17976.0000,-4.640246,1.271485,-4.842076
17977.0000,-5.552954,4.148953,-4.478513
17978.0000,-2.672562,1.382073,-3.647488
17979.0000,-3.505355,1.871384,-2.406772
17980.0000,-2.571293,4.722179,-3.951296
17981.0000,-3.032022,3.505178,-5.631674
17982.0000,-0.959896,3.309436,-6.751778
17983.0000,0.207452,5.013741,-8.383822
17984.0000,-0.724315,4.694263,-8.603176
17985.0000,0.198719,7.368685,-6.392406
17986.0000,0.697558,4.766071,-9.387175
17987.0000,-1.825702,4.621375,-7.930941
17988.0000,-0.355325,5.365429,-6.923224
17989.0000,-1.400898,3.437830,-9.722141
17990.0000,-0.210778,5.443981,-9.369331
17991.0000,-2.535991,3.833091,-8.741138
17992.0000,-5.379284,6.066232,-6.299587
17993.0000,-2.610711,8.311709,-5.309394
17994.0000,-5.074917,6.950407,-4.812435
17995.0000,-7.855343,5.667752,-8.406988
17996.0000,-7.443954,9.564564,-6.581280
17997.0000,-7.283556,7.989382,-8.677711
17998.0000,-9.944353,5.248850,-3.881219
17999.0000,-11.693063,6.472841,-4.485255
18000.0000,-7.892673,8.928011,-4.743776
18001.0000,-7.380038,9.753687,-4.194993
18002.0000,-4.588987,8.283955,-5.074839
18003.0000,-6.005439,7.706718,-3.798800
18004.0000,-6.890997,8.969112,-5.982198
18005.0000,-7.030527,12.720242,-9.327930
18006.0000,-7.866779,10.194305,-10.824546
18007.0000,-6.779276,9.148331,-8.876383
18008.0000,-2.534109,8.566647,-8.700529
18009.0000,-1.482390,7.511430,-8.412414
18010.0000,-2.912417,7.867124,-4.647212
18011.0000,-2.407244,8.066913,-6.082881
18012.0000,-4.424631,10.303507,-5.695834
18013.0000,-3.516759,10.844443,-7.582192
18014.0000,-1.723454,12.915572,-7.741241
18015.0000,-1.812003,13.774053,-8.092426
18016.0000,-0.684254,14.756843,-6.660102
18017.0000,-0.067888,11.981452,-7.488408
18018.0000,2.841010,11.039258,-8.422929
18019.0000,3.370581,12.622517,-9.564962
18020.0000,3.330593,13.043219,-9.704548
18021.0000,3.049778,17.123382,-10.056228
18022.0000,4.100252,17.379224,-11.725024
18023.0000,3.863596,18.481781,-10.769403
18024.0000,1.162333,20.794841,-9.786104
18025.0000,-0.279576,21.032042,-8.902624
18026.0000,-0.610731,22.328233,-8.064369
18027.0000,4.819842,21.029368,-9.357504
18028.0000,2.652392,20.877979,-10.713097
18029.0000,1.358062,18.840049,-10.910975
18030.0000,2.732022,19.489752,-12.984240
18031.0000,2.746661,20.293419,-11.189424
18032.0000,3.445143,23.118836,-11.101900
18033.0000,5.793120,23.939197,-8.888478
18034.0000,7.010853,26.663895,-10.386713
18035.0000,9.482730,26.214916,-11.967639
18036.0000,8.322996,23.987625,-10.557189
18037.0000,8.308351,26.445186,-14.749832
18038.0000,11.290844,29.336055,-14.815409
18039.0000,8.109636,29.490878,-11.244251
18040.0000,8.165387,27.104596,-11.114687
18041.0000,7.402636,24.110367,-9.302738
18042.0000,7.084588,25.503793,-8.026878
18043.0000,5.080559,26.068066,-6.454205
18044.0000,6.534211,27.342923,-4.883609
18045.0000,9.800964,23.369850,-6.066453
18046.0000,8.161296,21.239391,-5.958550
18047.0000,8.620933,22.620970,-4.542350
18048.0000,9.397429,22.772466,-4.514726
18049.0000,9.210675,19.126113,-6.000818
18050.0000,6.188689,16.771445,-6.340085
18051.0000,4.233137,15.912186,-7.930768
18052.0000,3.586091,14.986754,-7.353039
18053.0000,6.053949,13.444012,-2.592646
18054.0000,3.500370,16.065819,-2.528963
18055.0000,3.178673,14.810015,-1.096990
18056.0000,1.440093,15.652457,-0.005071
18057.0000,-0.677666,16.009325,-1.108420
18058.0000,-2.912481,16.595103,1.307544
18059.0000,0.709763,14.297092,-0.077759
18060.0000,2.930034,14.368427,-4.295448
18061.0000,3.474267,12.403269,-1.677847
18062.0000,3.768876,12.064803,-2.866827
18063.0000,1.381948,15.962429,-3.065395
18064.0000,1.204007,14.076954,-8.284351
18065.0000,1.594233,15.827768,-7.138273
18066.0000,4.637894,13.408712,-5.786437
18067.0000,6.370220,12.911253,-7.366261
18068.0000,4.720238,9.857103,-2.374524
18069.0000,1.579316,6.492204,-1.958071
18070.0000,2.513533,4.559745,-2.354395
18071.0000,6.800938,4.358597,-1.994647
18072.0000,5.521056,2.877564,-3.558417
18073.0000,6.357755,1.028940,-4.274147
18074.0000,3.813816,1.662233,-6.393846
18075.0000,2.416765,-0.310879,-7.589420
18076.0000,1.951504,0.303820,-5.795915
18077.0000,1.311819,3.875138,-5.005638
18078.0000,1.635580,3.785836,-5.852260
18079.0000,4.361422,4.334526,-4.802733
18080.0000,4.537946,5.146267,-8.413579
18081.0000,3.388878,2.863045,-7.132791
18082.0000,1.396036,-0.830166,-6.594443
18083.0000,2.106331,0.555314,-12.498187
18084.0000,1.651776,-1.586583,-11.656921
18085.0000,0.681625,2.281228,-8.953582
18086.0000,1.359618,3.538635,-9.152430
18087.0000,0.874849,4.948825,-8.465895
18088.0000,-1.218268,7.242509,-9.599791
18089.0000,-1.816644,3.882687,-8.406107
18090.0000,-2.916227,7.697735,-9.732906
18091.0000,-5.069126,6.771940,-7.904366
18092.0000,-4.444753,5.528431,-5.663287
18093.0000,-4.326489,5.625794,-5.131414
18094.0000,-6.937112,3.932322,-4.041846
18095.0000,-7.976124,0.198352,-1.961814
18096.0000,-6.133763,0.481757,0.844736
18097.0000,-6.362590,3.675829,0.113095
18098.0000,-8.148609,5.344320,-0.374266
18099.0000,-10.344523,3.588030,-1.454700
18100.0000,-9.221394,7.334051,-2.502487
18101.0000,-10.862031,4.169084,-1.461407
18102.0000,-14.886594,6.186767,0.350849
18103.0000,-16.040240,8.818302,-1.730711
18104.0000,-12.398874,9.038828,-1.208137
18105.0000,-14.546322,9.337891,1.228433
18106.0000,-13.905435,6.171117,-1.240804
18107.0000,-12.448300,8.690340,-1.588346
18108.0000,-13.982616,10.872665,0.291406
18109.0000,-12.287342,13.426455,-4.578609
18110.0000,-11.796079,12.116450,-1.464513
18111.0000,-9.596488,14.152388,1.578108
18112.0000,-9.568458,12.241441,-0.258200
18113.0000,-7.111856,15.927978,-0.060498
18114.0000,-7.605808,14.897394,0.493998
18115.0000,-1.277014,16.704419,0.139810
18116.0000,-0.547201,16.968523,-1.141116
18117.0000,1.223727,16.219550,1.833081
18118.0000,0.267346,14.588618,1.289009
18119.0000,0.011821,16.886757,2.061456
18120.0000,5.046322,14.522977,0.617230
18121.0000,7.618322,14.050477,1.594065
18122.0000,11.721990,13.285043,3.906656
18123.0000,12.040716,11.364297,3.677978
18124.0000,14.174483,9.692977,6.241486
18125.0000,15.023022,9.958514,1.655684
18126.0000,12.618902,9.882066,1.468981
18127.0000,9.405876,8.505460,0.280657
18128.0000,8.453283,7.644330,0.685044
18129.0000,8.151838,7.579417,0.896390
18130.0000,5.901176,9.474826,-2.710400
18131.0000,5.501973,8.850199,-3.278082
18132.0000,4.954550,8.549075,-3.313744
18133.0000,2.073808,8.586888,-3.085737
18134.0000,-2.922175,8.371600,-3.811721
18135.0000,-2.869936,10.110743,-3.669567
18136.0000,-1.196791,9.548372,-7.030997
18137.0000,1.213167,9.989363,-5.440236
18138.0000,-1.868392,11.184667,-5.717104
18139.0000,-1.876914,15.279863,-6.421088
18140.0000,-2.655152,15.357902,-7.327118
18141.0000,-2.168564,15.019629,-7.561406
18142.0000,-2.745953,13.227823,-9.795658
18143.0000,-4.636968,10.027023,-8.648662
18144.0000,-6.256814,9.865129,-6.342600
18145.0000,-5.706081,14.878019,-5.621215
18146.0000,-2.335881,17.747545,-7.134048
18147.0000,-4.297652,16.275557,-3.426916
18148.0000,-7.473059,12.605283,-3.085973
18149.0000,-7.040796,13.070095,-2.938306
18150.0000,-7.469690,11.690856,-2.572475
18151.0000,-9.428979,10.177467,-4.070214
18152.0000,-10.920187,12.926986,-5.408152
18153.0000,-9.235670,11.485262,-4.787185
18154.0000,-3.430776,10.456036,-1.546150
18155.0000,-0.789818,9.848075,-3.961076
18156.0000,-0.188452,11.592832,-2.546685
18157.0000,1.427470,11.961244,-3.101921
18158.0000,1.881844,13.426918,-5.928165
18159.0000,-0.956254,12.005117,-4.688652
18160.0000,-0.345111,10.182044,-2.348002
18161.0000,3.640359,7.336499,-0.252354
18162.0000,7.310572,6.187247,-1.619903
18163.0000,6.555459,3.885766,0.284047
18164.0000,5.083513,3.894536,-0.309865
18165.0000,5.252096,2.991197,1.102312
18166.0000,7.481971,1.760142,-1.266299
18167.0000,3.699833,1.742470,-1.257987
18168.0000,2.367957,-1.438198,-4.113744
18169.0000,3.619079,-4.479054,-3.973186
18170.0000,5.348042,-5.084817,-1.087149
18171.0000,10.202562,-3.085485,-4.095015
18172.0000,8.714276,0.046069,-5.494607
18173.0000,7.167818,2.097882,-4.963881
18174.0000,5.194153,5.655079,-4.141898
18175.0000,-2.693154,6.295684,0.630707
18176.0000,-4.466770,3.318874,-0.440052
18177.0000,-3.810086,3.047392,-1.057983
18178.0000,-0.711185,6.292248,-5.017302
18179.0000,1.973271,8.916916,-3.059089
18180.0000,4.331836,8.901524,-3.703660
18181.0000,4.918706,7.226288,-5.838518
18182.0000,4.093569,12.389743,-8.100849
18183.0000,2.493937,12.937645,-10.846517
18184.0000,2.792731,13.925428,-14.342165
18185.0000,0.684814,13.526773,-18.158343
18186.0000,2.845331,10.866122,-19.241011
18187.0000,2.558476,9.057732,-18.978030
18188.0000,2.272464,9.022706,-13.859484
18189.0000,-1.036909,9.540214,-14.516231
18190.0000,-0.096777,9.703087,-15.052497
18191.0000,-1.368898,9.740565,-14.587413
18192.0000,-4.819018,11.366811,-15.777238
18193.0000,-4.842731,8.864197,-16.614040
18194.0000,-4.409240,10.313255,-15.691220
18195.0000,-4.777267,12.900499,-14.078858
18196.0000,-3.899425,11.256996,-16.233467
18197.0000,-1.462200,11.760982,-14.377316
18198.0000,-3.311701,12.462027,-14.175266
18199.0000,-4.145032,13.118344,-15.729604
18200.0000,-5.322803,13.834777,-13.875928
18201.0000,-2.006798,12.254926,-11.819429
18202.0000,-1.778790,13.653830,-11.833201
18203.0000,-2.956704,12.155242,-11.212801
18204.0000,-3.162525,11.277606,-11.818794
18205.0000,-2.892178,12.015689,-13.865193
18206.0000,-3.353317,12.313069,-13.385624
18207.0000,-2.708714,12.457083,-15.059687
18208.0000,-0.030576,14.351069,-12.901232
18209.0000,3.445570,9.018274,-12.941762
18210.0000,6.933413,5.547668,-16.318671
18211.0000,6.537311,6.136524,-15.701825
18212.0000,7.583309,10.032350,-14.118928
18213.0000,8.970845,7.280212,-15.781217
18214.0000,5.777986,8.167149,-15.622494
18215.0000,7.016107,6.047369,-16.331731
18216.0000,5.509430,7.177971,-16.476467
18217.0000,8.261132,5.776281,-18.889659
18218.0000,9.708818,4.273300,-20.880972
18219.0000,8.973931,4.782573,-19.218900
18220.0000,8.817108,3.367215,-18.165302
18221.0000,9.273779,5.849107,-15.801437
18222.0000,7.257682,9.019763,-15.133363
18223.0000,4.944226,11.289411,-14.264615
18224.0000,3.253786,6.653087,-15.479287
18225.0000,4.611332,4.429424,-17.572007
18226.0000,5.318056,7.967134,-16.604192
18227.0000,6.356106,9.774274,-18.228500
18228.0000,5.316758,8.775516,-17.888501
18229.0000,4.614039,8.647284,-17.753778
18230.0000,5.373472,12.267562,-17.342743
18231.0000,2.962346,12.867999,-17.947813
18232.0000,2.637759,9.952564,-16.630163
18233.0000,0.473700,12.165891,-16.634625
18234.0000,-0.142543,13.611827,-22.801873
18235.0000,0.220285,14.998007,-24.084472
18236.0000,-4.544940,15.220728,-21.881387
18237.0000,-1.904850,15.380202,-20.504516
18238.0000,-1.058095,14.328389,-20.369349
18239.0000,-3.498474,16.506749,-21.773049
18240.0000,-2.468033,17.645099,-18.458664
18241.0000,-2.313273,17.808855,-18.011479
18242.0000,-0.686711,16.604416,-17.584103
18243.0000,-1.853488,16.467348,-14.773887
18244.0000,1.599278,15.799833,-16.530166
18245.0000,1.965273,16.133232,-17.302598
18246.0000,2.981970,18.691432,-17.477078
18247.0000,0.130046,17.465285,-15.542724
18248.0000,-4.156290,18.360987,-16.730995
18249.0000,-4.170938,19.039940,-17.474628
18250.0000,-4.347542,21.157262,-16.071847
18251.0000,-0.935708,17.290636,-17.477390
18252.0000,-1.914471,16.839218,-18.831952
18253.0000,-1.795277,15.977136,-19.524725
18254.0000,-4.286057,11.845154,-19.142782
18255.0000,-3.883352,9.558885,-19.509402
18256.0000,-1.096237,13.743710,-20.522271
18257.0000,-1.155892,11.126165,-21.639850
18258.0000,-1.809358,9.276228,-20.730693
18259.0000,-2.371111,5.183914,-20.252908
18260.0000,-1.368940,3.613592,-20.687324
18261.0000,0.460390,0.760972,-21.906677
18262.0000,-4.884737,2.269693,-23.585632
18263.0000,-2.176609,3.882751,-25.625395
18264.0000,-2.615086,3.287333,-26.312962
18265.0000,-3.430169,3.542010,-28.267775
18266.0000,-5.518144,3.829959,-31.103974
18267.0000,-9.488568,7.886329,-30.795340
18268.0000,-9.462735,7.954501,-33.670980
18269.0000,-8.679691,7.948844,-31.922016
18270.0000,-8.849406,7.250844,-29.222103
18271.0000,-11.984774,2.809407,-28.419687
18272.0000,-11.324985,0.416834,-27.914168
18273.0000,-9.764450,2.427360,-27.208788
18274.0000,-4.567117,-2.967290,-28.185164
18275.0000,-5.562749,-4.610966,-25.401262
18276.0000,-6.110357,-2.327409,-24.426339
18277.0000,-6.123190,0.130675,-24.182252
18278.0000,-11.597775,1.282615,-25.753573
18279.0000,-8.997761,0.594160,-25.408898
18280.0000,-10.979497,2.806839,-23.641681
18281.0000,-9.339916,2.924004,-22.271473
18282.0000,-9.936526,2.642658,-22.465208
18283.0000,-9.664700,4.757513,-20.859479
18284.0000,-6.186460,2.447624,-23.003883
18285.0000,-4.641404,2.910057,-25.814044
18286.0000,-0.909896,3.112798,-24.657988
18287.0000,-0.354847,6.646589,-23.531738
18288.0000,-3.092287,8.415233,-21.050204
18289.0000,-3.948263,12.363055,-19.117727
18290.0000,-3.552413,13.905069,-16.528377
18291.0000,-2.089879,13.397445,-17.552837
18292.0000,0.817757,13.388625,-16.313128
18293.0000,4.804617,11.916653,-18.362151
18294.0000,5.218936,12.428888,-18.240150
18295.0000,3.286345,15.785841,-17.213520
18296.0000,-0.211528,15.668018,-19.085201
18297.0000,-0.799991,14.670171,-18.765937
18298.0000,-3.148428,16.956469,-19.375807
18299.0000,-4.239518,13.535825,-20.529635
18300.0000,-3.508017,16.910461,-19.319367
18301.0000,-0.852086,16.346597,-17.360656
18302.0000,-0.580661,16.355613,-18.030366
18303.0000,-1.903265,17.108387,-15.768443
18304.0000,-1.309476,18.363566,-12.047038
18305.0000,-0.929585,20.587164,-13.925919
18306.0000,2.269207,22.904160,-15.389115
18307.0000,5.459848,22.553956,-16.589575
18308.0000,8.441053,23.082947,-11.167600
18309.0000,7.971907,24.854454,-11.865023
18310.0000,6.642659,22.912495,-8.970359
18311.0000,7.122741,21.976155,-7.169745
18312.0000,4.683521,20.064437,-9.139789
18313.0000,2.629973,22.685772,-7.738241
18314.0000,4.737625,21.685672,-7.194676
18315.0000,4.984147,20.924747,-9.678050
18316.0000,6.065172,20.062252,-6.900569
18317.0000,9.275742,14.578680,-7.633571
18318.0000,7.697635,12.069131,-5.835579
18319.0000,7.060170,11.641343,-7.317755
18320.0000,9.458200,12.231201,-6.246970
18321.0000,8.276674,8.231164,-7.410828
18322.0000,7.251865,8.187545,-8.197079
18323.0000,8.239346,10.910168,-7.599712
18324.0000,5.517220,11.637934,-3.119978
18325.0000,9.751105,12.987978,-7.741521
18326.0000,10.378737,12.994285,-8.166534
18327.0000,5.669281,13.153433,-6.845888
18328.0000,4.302531,13.494932,-6.668416
18329.0000,6.034353,11.407503,-5.224673
18330.0000,3.412597,12.702331,-5.755184
18331.0000,5.600732,11.302348,-4.968511
18332.0000,4.655389,11.641596,-7.148558
18333.0000,5.196055,11.759380,-5.582157
18334.0000,8.110223,12.690925,-8.175284
18335.0000,6.607990,16.117175,-5.471555
18336.0000,5.562785,13.284384,-3.839840
18337.0000,7.707581,12.820918,-2.300119
18338.0000,7.791071,9.226510,-4.358267
18339.0000,11.006880,10.529971,-5.234854
18340.0000,10.307193,13.646816,-3.302650
18341.0000,13.274710,14.010839,-6.312070
18342.0000,12.108019,16.508936,-3.615145
18343.0000,9.228067,16.762685,-2.171734
18344.0000,13.951855,16.567723,-0.588197
18345.0000,12.341332,13.461773,5.624302
18346.0000,10.761059,15.477216,8.444410
18347.0000,12.329780,16.733704,5.569781
18348.0000,10.792137,19.016945,4.785507
18349.0000,13.245622,18.627624,4.791546
18350.0000,17.648906,18.005594,7.606401
18351.0000,19.569218,17.599372,5.510731
18352.0000,18.296305,13.943758,2.675417
18353.0000,22.197723,12.078752,3.582053
18354.0000,17.220336,10.811496,0.501218
18355.0000,13.710152,14.541153,0.697209
18356.0000,16.873606,15.049311,2.138826
18357.0000,15.173302,15.548795,3.613784
18358.0000,16.203519,12.465682,4.969235
18359.0000,18.129666,13.759291,5.008886
18360.0000,17.307234,12.799377,4.189079
18361.0000,17.258537,11.898014,5.787571
18362.0000,14.622345,12.909861,6.105855
18363.0000,13.364216,11.024305,5.946285
18364.0000,14.594361,7.146065,3.676630
18365.0000,15.154873,8.958084,4.318710
18366.0000,11.301789,10.464843,1.541018
18367.0000,10.255358,11.936756,2.653924
18368.0000,12.052639,12.001160,0.976605
18369.0000,10.336255,11.766628,-0.852496
18370.0000,9.851203,10.553744,-0.848110
18371.0000,11.683611,11.218542,0.905608
18372.0000,12.662232,10.404198,0.936427
18373.0000,12.970384,9.277675,0.950209
18374.0000,14.610616,9.049609,0.130893
18375.0000,14.691140,7.633638,-4.998947
18376.0000,13.377670,5.706409,-5.500651
18377.0000,12.879657,4.401254,-7.521022
18378.0000,11.867406,6.340946,-8.437322
18379.0000,14.623351,6.822866,-8.800597
18380.0000,16.632488,7.815696,-8.982292
18381.0000,17.735183,7.264163,-9.466711
18382.0000,18.102940,5.961519,-5.555524
18383.0000,16.326719,8.011526,-9.135000
18384.0000,10.674645,6.733277,-13.242337
18385.0000,8.450822,7.677321,-11.640322
18386.0000,7.555188,7.099829,-8.996160
18387.0000,8.693533,7.203223,-9.040127
18388.0000,7.401525,7.331946,-12.359455
18389.0000,5.566730,6.092092,-11.965708
18390.0000,6.610977,7.202866,-9.944402
18391.0000,4.094039,1.525974,-6.136610
18392.0000,1.580657,0.669334,-2.744242
18393.0000,1.724044,-1.218665,-1.422741
18394.0000,-1.893609,-1.786392,-2.731848
18395.0000,-2.917917,-0.668374,-4.148512
18396.0000,0.850668,0.471453,-5.986508
18397.0000,-0.862607,2.898500,-8.429634
18398.0000,-1.294571,3.875936,-6.283355
18399.0000,-1.619812,3.961886,-1.928590
18400.0000,1.558173,5.737727,-3.112666
18401.0000,0.756190,4.410147,-2.814551
18402.0000,2.417131,3.268364,-3.689000
18403.0000,0.495510,0.514934,-5.802781
18404.0000,2.244520,-0.742588,-9.128456
18405.0000,1.559710,0.385165,-9.010898
18406.0000,3.939677,-3.839205,-9.773498
18407.0000,0.600528,-2.411001,-9.997727
18408.0000,3.856322,-5.029118,-11.804465
18409.0000,1.644428,-2.896242,-9.669769
18410.0000,2.394302,-4.785449,-8.739111
18411.0000,3.555657,-4.522483,-7.295780
18412.0000,1.858216,-3.652883,-6.349718
18413.0000,1.390521,-3.134461,-6.518289
18414.0000,3.823434,0.655740,-3.352749
18415.0000,7.074468,2.934341,-3.850866
18416.0000,8.576166,3.542801,-4.264367
18417.0000,10.361861,2.780476,-2.746843
18418.0000,8.962452,1.500347,1.267336
18419.0000,10.531668,2.375342,3.001544
18420.0000,8.923842,2.103945,3.561598
18421.0000,7.445032,0.964644,4.590644
18422.0000,5.771040,-2.466652,2.210566
18423.0000,4.570098,-1.051094,2.644767
18424.0000,8.595236,0.563793,4.280946
18425.0000,5.958559,1.288132,2.620663
18426.0000,6.576403,1.980987,7.623701
18427.0000,10.805869,0.271903,7.125279
18428.0000,10.724512,0.951855,7.776634
18429.0000,11.635605,1.341586,6.548284
18430.0000,13.108319,-0.624753,6.040610
18431.0000,9.345590,0.165641,5.031726
18432.0000,9.638437,-0.665575,3.698332
18433.0000,11.798153,1.468916,2.444838
18434.0000,9.544668,-1.245558,3.478065
18435.0000,5.445519,0.374594,0.694327
18436.0000,2.798740,0.481338,-0.147155
18437.0000,3.335503,2.322477,0.817014
18438.0000,3.869387,4.777485,-2.441275
18439.0000,4.525877,6.286023,-4.559221
18440.0000,5.797582,8.837328,-5.687719
18441.0000,0.500661,8.631300,-5.088033
18442.0000,1.159801,7.625434,-5.707636
18443.0000,2.236085,4.964067,-6.812898
18444.0000,0.570400,4.517019,-6.462277
18445.0000,2.385676,-1.104233,-8.190574
18446.0000,1.676514,-3.879250,-5.216055
18447.0000,2.556247,-5.434108,-5.877854
18448.0000,0.666411,-6.353880,-5.223811
18449.0000,1.777954,-7.364004,-4.067454
18450.0000,6.542235,-6.997483,-3.617275
18451.0000,6.993811,-6.361244,-4.036097
18452.0000,5.893488,-9.388859,-5.463040
18453.0000,1.040006,-8.966880,-4.870340
18454.0000,-1.113174,-6.881798,-8.223507
18455.0000,-0.814869,-7.519437,-9.851683
18456.0000,-3.283966,-5.621993,-12.639187
18457.0000,-1.872862,-4.331073,-13.155143
18458.0000,-4.850534,-3.800511,-13.713856
18459.0000,-5.665352,-5.626010,-13.891124
18460.0000,-6.856923,-5.691825,-13.887563
18461.0000,-6.384637,-6.133008,-8.754565
18462.0000,-4.297054,-10.413383,-7.727181
18463.0000,-2.457163,-9.833823,-8.583187
18464.0000,-0.676765,-10.578830,-7.604493
18465.0000,-3.291789,-9.129021,-10.074204
18466.0000,-3.619876,-8.960521,-12.494420
18467.0000,-5.568644,-10.499894,-12.677192
18468.0000,-4.402459,-9.166833,-10.926315
18469.0000,-4.775756,-8.734223,-7.969267
18470.0000,-7.463156,-9.454575,-7.723372
18471.0000,-9.145027,-10.264135,-10.540819
18472.0000,-8.222255,-12.166831,-11.841384
18473.0000,-8.994361,-13.160466,-13.323923
18474.0000,-5.309994,-11.756844,-8.832041
18475.0000,-1.668527,-13.918686,-7.996363
18476.0000,-4.941205,-16.562915,-10.430021
18477.0000,-6.574528,-16.117117,-12.850023
18478.0000,-7.229484,-15.340495,-13.700105
18479.0000,-0.181754,-14.028428,-9.357443
18480.0000,-3.412212,-10.845055,-12.667351
18481.0000,-4.943665,-9.834240,-10.986105
18482.0000,-6.746937,-11.562870,-10.080101
18483.0000,-4.967423,-13.002067,-9.718029
18484.0000,-2.960408,-11.164666,-8.931592
18485.0000,-4.799486,-4.176084,-14.251592
18486.0000,-4.782593,-5.607889,-13.580192
18487.0000,-4.144601,-4.940995,-15.999408
18488.0000,-4.755554,-0.744714,-13.355326
18489.0000,-2.732436,-2.413265,-13.261765
18490.0000,-4.781969,-2.635933,-14.792539
18491.0000,-5.404487,-1.242676,-11.536966
18492.0000,-7.122307,-2.765501,-11.463877
18493.0000,-5.152772,-3.186454,-12.846461
18494.0000,-9.189472,-4.860548,-14.557810
18495.0000,-5.596389,-4.898040,-15.463607
18496.0000,-6.084190,-5.520220,-11.695976
18497.0000,-6.400843,-5.391220,-10.299659
18498.0000,-8.386164,-3.698957,-8.644120
18499.0000,-2.726306,-3.734702,-10.694712
18500.0000,0.480625,-5.171133,-13.824877
18501.0000,2.973350,-5.608069,-13.236710
18502.0000,4.225884,-6.402114,-13.336751
18503.0000,7.067441,-4.194276,-16.074109
18504.0000,5.118870,-3.775675,-15.318436
18505.0000,5.524481,-5.757996,-15.494843
18506.0000,6.474174,-4.109185,-15.121962
18507.0000,7.751543,-2.210434,-10.881501
18508.0000,6.100003,-1.830208,-12.008936
18509.0000,8.340594,-1.059718,-11.951233
18510.0000,9.364785,-2.843296,-11.128471
18511.0000,11.477079,0.004869,-13.922237
18512.0000,11.686464,-0.364278,-13.802662
18513.0000,10.270529,1.707148,-12.631713
18514.0000,8.267877,1.612720,-14.384915
18515.0000,6.359861,0.356689,-13.366313
18516.0000,6.607955,4.854680,-12.685455
18517.0000,7.623968,3.426376,-9.352039
18518.0000,5.928199,1.214000,-8.916572
18519.0000,5.372208,1.320486,-5.383639
18520.0000,2.910968,5.100638,-5.700252
18521.0000,3.751894,3.193907,-3.602891
18522.0000,6.964706,2.833528,-7.048646
18523.0000,7.107371,2.280523,-8.053523
18524.0000,4.651082,1.263248,-5.363279
18525.0000,5.312545,2.944641,-6.393289
18526.0000,5.534128,2.700955,-7.955673
18527.0000,3.205149,2.246494,-7.152193
18528.0000,4.893089,4.595263,-5.409522
18529.0000,4.389937,2.343219,-3.289353
18530.0000,0.910417,0.276184,-3.105469
18531.0000,-0.208603,-1.276759,-3.621060
18532.0000,-0.287848,0.154221,-2.839867
18533.0000,-1.694746,-0.973824,-4.806219
18534.0000,0.129407,-1.312666,-4.279072
18535.0000,-0.919261,-4.022016,-2.737719
18536.0000,-2.471861,-1.919501,-4.958904
18537.0000,-3.672625,-2.429774,-5.793298
18538.0000,-2.400198,-2.576276,-8.403138
18539.0000,-1.109424,-0.500260,-8.523831
18540.0000,-2.480452,2.247207,-12.962674
18541.0000,-2.380191,-0.817347,-11.050504
18542.0000,-0.452911,2.449783,-14.199313
18543.0000,2.152147,0.591806,-13.372099
18544.0000,1.339673,0.813834,-12.509349
18545.0000,-2.611707,-1.623080,-11.581496
18546.0000,-0.792873,-3.331073,-12.713369
18547.0000,0.394435,0.011830,-14.673229
18548.0000,1.759049,1.224262,-14.539230
18549.0000,-1.946170,-0.070506,-16.520438
18550.0000,0.020725,1.945322,-16.815370
18551.0000,0.139298,2.404603,-16.270737
18552.0000,-2.382351,2.061257,-13.519410
18553.0000,-1.984945,5.422605,-11.939950
18554.0000,-0.355767,9.280817,-12.287457
18555.0000,-0.933531,9.459422,-10.198877
18556.0000,-0.464929,5.134395,-10.248463
18557.0000,-1.398131,1.009163,-11.980346
18558.0000,0.782589,-2.756402,-13.423571
18559.0000,0.301950,-3.745920,-13.762992
18560.0000,1.385589,-4.208450,-15.974520
18561.0000,-2.661045,-2.431317,-16.414315
18562.0000,0.051954,0.897704,-14.920911
18563.0000,0.885331,0.546629,-15.056682
18564.0000,4.772578,-1.515361,-14.196757
18565.0000,2.029938,-3.734661,-14.460908
18566.0000,2.363564,-6.174610,-14.300184
18567.0000,-0.542233,-5.119200,-14.422659
18568.0000,-1.057737,-7.060557,-16.258330
18569.0000,-2.807239,-7.139962,-13.468283
18570.0000,-1.335701,-7.479156,-12.007601
18571.0000,-3.984230,-9.328399,-13.773347
18572.0000,-6.055011,-11.018363,-14.083258
18573.0000,-9.863970,-10.425035,-12.759055
18574.0000,-6.824231,-8.054470,-12.523513
18575.0000,-6.164325,-9.027741,-11.231148
18576.0000,-7.656890,-9.175276,-11.727857
18577.0000,-8.073887,-8.845065,-9.756989
18578.0000,-6.565720,-11.107324,-11.510043
18579.0000,-9.059137,-8.212318,-14.698770
18580.0000,-13.555955,-6.885658,-14.404219
18581.0000,-12.457008,-4.852400,-14.113916
18582.0000,-10.833864,-2.614569,-14.562068
18583.0000,-7.420457,-0.796871,-14.124203
18584.0000,-6.746895,0.432155,-14.379426
18585.0000,-4.148583,1.536337,-14.096845
18586.0000,-6.778470,-0.706917,-12.841213
18587.0000,-5.895917,-0.162550,-10.295753
18588.0000,-8.484411,1.215931,-9.249747
18589.0000,-9.505748,0.013227,-6.888426
18590.0000,-10.826835,0.885434,-4.632538
18591.0000,-8.263788,0.537336,-4.810812
18592.0000,-9.852673,0.066467,-3.636017
18593.0000,-9.912881,1.555322,-3.296290
18594.0000,-10.741247,1.353162,-6.944308
18595.0000,-10.734180,3.536891,-8.119102
18596.0000,-14.405182,5.180269,-7.987613
18597.0000,-16.394284,4.338861,-8.539985
18598.0000,-17.700738,5.626803,-11.331306
18599.0000,-16.779714,3.922081,-9.503859
18600.0000,-16.161514,6.674541,-6.203752
18601.0000,-13.393627,3.127932,-7.104001
18602.0000,-11.422120,-1.646356,-7.220044
18603.0000,-10.838525,-3.288496,-5.624078
18604.0000,-12.781752,-1.655753,-3.988666
18605.0000,-13.023439,-3.648890,-3.981457
18606.0000,-15.223737,-4.286032,-1.910092
18607.0000,-17.243507,-5.099117,-2.435068
18608.0000,-15.760381,-6.902669,-2.043046
18609.0000,-15.996664,-6.458251,-2.710909
18610.0000,-14.949259,-4.738900,-0.313316
18611.0000,-15.352010,-7.431535,0.238231
18612.0000,-14.534791,-5.631852,0.717838
18613.0000,-14.713098,-6.310986,1.153310
18614.0000,-16.246990,-4.369236,5.072882
18615.0000,-15.367276,-8.104897,6.653012
18616.0000,-15.320501,-9.407011,2.644171
18617.0000,-16.028458,-10.062789,-0.189081
18618.0000,-16.717713,-13.568332,2.347301
18619.0000,-17.719690,-12.098096,1.598126
18620.0000,-17.282649,-10.082440,-1.968748
18621.0000,-17.501105,-8.911774,-2.445468
18622.0000,-16.296274,-11.431467,-4.916231
18623.0000,-15.685617,-11.206306,-7.492889
18624.0000,-16.669195,-11.035728,-5.770260
18625.0000,-16.989379,-10.123636,-3.925631
18626.0000,-17.964891,-11.712087,-2.092218
18627.0000,-19.488236,-13.781998,-2.433037
18628.0000,-20.792890,-11.922291,-1.383431
18629.0000,-17.314028,-13.486832,-2.297468
18630.0000,-14.734612,-12.092747,-1.119568
18631.0000,-11.162215,-10.896021,-0.005931
18632.0000,-15.242670,-7.740857,1.259595
18633.0000,-16.205915,-5.163477,2.493438
18634.0000,-15.545545,-4.410870,4.102973
18635.0000,-18.292990,-2.962340,5.702423
18636.0000,-18.451798,-1.415159,7.190246
18637.0000,-17.567167,0.827207,8.078743
18638.0000,-18.192025,0.433709,10.005432
18639.0000,-19.880344,0.110019,10.914355
18640.0000,-20.289191,0.002251,9.298378
18641.0000,-19.638553,0.563623,11.349470
18642.0000,-19.778229,1.094975,10.728400
18643.0000,-18.747098,-0.126827,12.067564
18644.0000,-20.407154,3.420622,10.733384
18645.0000,-19.195758,1.553434,9.939143
18646.0000,-19.147973,-4.646461,10.013546
18647.0000,-18.457916,-4.876766,9.716202
18648.0000,-17.645127,-4.829011,12.096543
18649.0000,-20.823236,-7.564177,15.078298
18650.0000,-22.492407,-4.077206,13.908677
18651.0000,-22.661565,-2.139775,14.393914
18652.0000,-25.474276,0.744063,11.755657
18653.0000,-26.886318,-0.258370,12.887911
18654.0000,-31.073527,-2.329959,10.734144
18655.0000,-29.666479,-6.740222,10.200850
18656.0000,-27.835980,-6.905411,9.013402
18657.0000,-25.294312,-7.852606,7.539144
18658.0000,-26.595268,-7.788500,8.395761
18659.0000,-25.893231,-8.062813,8.339208
18660.0000,-28.072646,-5.373164,6.624742
18661.0000,-28.831637,-3.502782,10.011872
18662.0000,-27.528674,-3.205739,11.919481
18663.0000,-23.892455,-5.369447,13.618921
18664.0000,-24.464734,-1.860899,11.315600
18665.0000,-24.078720,0.731154,12.890234
18666.0000,-22.528435,2.338767,14.904539
18667.0000,-26.349935,0.494495,18.008702
18668.0000,-22.997461,-1.449883,18.936715
18669.0000,-22.672858,2.378593,15.647269
18670.0000,-19.917264,2.163758,14.671981
18671.0000,-17.673186,0.914652,16.006650
18672.0000,-21.429498,2.531606,16.313778
18673.0000,-23.171835,0.877360,17.389860
18674.0000,-25.845681,2.826992,15.606073
18675.0000,-23.781740,2.494926,18.153459
18676.0000,-26.106253,1.738236,19.140548
18677.0000,-26.037521,5.846347,17.259724
18678.0000,-27.750353,5.017849,17.133845
18679.0000,-28.160910,5.517719,19.173409
18680.0000,-28.473158,4.359098,18.353809
18681.0000,-29.405404,5.036255,19.137649
18682.0000,-28.096765,2.373604,19.860311
18683.0000,-28.768550,0.431618,21.250635
18684.0000,-34.011021,1.083249,19.271441
18685.0000,-32.726258,1.235180,19.212671
18686.0000,-33.371568,3.701382,21.036374
18687.0000,-35.712844,4.599519,17.128768
18688.0000,-34.753359,3.506541,17.389203
18689.0000,-36.914274,1.303977,18.265444
18690.0000,-37.025908,1.763779,17.325328
18691.0000,-39.908620,1.019117,17.866705
18692.0000,-39.157324,1.165605,17.458315
18693.0000,-35.779459,3.427468,16.991706
18694.0000,-37.947997,2.292527,14.812064
18695.0000,-35.757070,1.756339,14.544250
18696.0000,-33.350713,4.514610,17.984733
18697.0000,-33.669818,6.970373,17.060192
18698.0000,-31.874780,9.379732,16.568820
18699.0000,-32.155845,9.952509,15.475740
18700.0000,-27.997533,10.277049,14.299630
18701.0000,-30.257510,9.289431,12.951245
18702.0000,-35.169178,10.967564,11.515790
18703.0000,-35.605643,9.690844,10.910032
18704.0000,-33.139467,7.772744,7.635390
18705.0000,-33.404839,9.485964,9.551793
18706.0000,-30.575282,12.478986,8.717334
18707.0000,-28.590021,9.985380,7.471783
18708.0000,-26.341497,8.917571,10.114853
18709.0000,-26.027448,9.809418,12.500187
18710.0000,-25.874883,10.281199,13.273926
18711.0000,-24.228960,13.482998,14.993396
18712.0000,-19.607635,10.656747,13.546014
18713.0000,-21.464720,8.758028,16.643702
18714.0000,-22.909471,7.189411,15.127617
18715.0000,-23.016196,7.871969,17.515844
18716.0000,-21.927695,6.982990,16.334316
18717.0000,-23.847572,8.600247,15.042292
18718.0000,-19.375075,9.475205,13.237583
18719.0000,-18.925405,7.481975,12.846127
18720.0000,-15.598918,9.113092,10.752844
18721.0000,-15.726531,10.688698,15.112468
18722.0000,-17.972334,10.234555,12.116319
18723.0000,-18.786797,9.462645,14.352818
18724.0000,-20.016531,10.952592,12.794847
18725.0000,-22.007311,9.952065,9.632503
18726.0000,-21.542981,10.159028,8.464254
18727.0000,-24.225260,9.640219,10.082602
18728.0000,-24.280064,8.042972,8.137790
18729.0000,-25.332196,10.645023,7.289441
18730.0000,-24.349342,10.576700,5.706524
18731.0000,-25.573719,6.775597,6.640826
18732.0000,-25.828819,4.374924,7.271226
18733.0000,-24.271607,3.711261,9.269632
18734.0000,-26.208316,4.133093,11.180556
18735.0000,-28.364540,5.208417,13.081633
18736.0000,-28.898933,3.218257,9.958878
18737.0000,-29.443820,2.793467,13.241317
18738.0000,-29.546849,2.720052,14.439287
18739.0000,-28.190831,3.079516,12.354099
18740.0000,-27.979220,0.983866,9.545062
18741.0000,-28.785389,3.717106,10.373188
18742.0000,-28.257871,0.666099,12.698231
18743.0000,-27.196743,4.999942,11.745810
18744.0000,-25.900642,5.647059,14.135777
18745.0000,-25.144436,2.918795,13.173565
18746.0000,-22.054982,3.354128,15.478095
18747.0000,-25.514120,0.507985,13.930258
18748.0000,-26.164143,-0.428279,16.114508
18749.0000,-25.834928,1.851221,17.143012
18750.0000,-25.531934,0.659245,15.399735
18751.0000,-24.573727,-3.132344,16.630315
18752.0000,-22.198190,-1.179075,14.375687
18753.0000,-24.945896,0.100958,14.016424
18754.0000,-28.734167,-0.977133,14.393485
18755.0000,-26.540750,-1.350012,14.430355
18756.0000,-23.635884,-1.105831,13.366989
18757.0000,-27.902220,2.010601,15.323483
18758.0000,-28.658144,1.021831,14.435909
18759.0000,-27.675210,2.969760,11.246527
18760.0000,-27.061517,0.057486,11.476432
18761.0000,-23.835890,0.222242,8.985350
18762.0000,-22.327745,2.091831,7.866169
18763.0000,-23.232293,3.160421,6.709850
18764.0000,-19.036018,1.366609,7.309806
18765.0000,-21.384601,6.024016,11.030290
18766.0000,-20.601851,5.332862,9.173725
18767.0000,-20.324794,5.950336,10.575747
18768.0000,-16.948822,6.120930,10.885309
18769.0000,-16.256469,9.388345,4.678683
18770.0000,-18.516949,12.689897,4.484076
18771.0000,-15.502009,14.025012,4.627786
18772.0000,-14.613061,14.316443,7.043231
18773.0000,-16.219219,13.304393,5.014693
18774.0000,-18.287377,13.868364,7.888431
18775.0000,-21.703896,14.839414,5.640851
18776.0000,-19.262194,14.041422,7.100550
18777.0000,-16.248110,12.620761,6.023368
18778.0000,-17.183011,14.419172,6.082358
18779.0000,-18.256938,17.334130,3.358421
18780.0000,-18.231749,17.700270,6.220317
18781.0000,-20.355165,17.346295,5.090878
18782.0000,-21.562823,19.309314,6.821489
18783.0000,-20.700222,19.938139,3.809994
18784.0000,-23.780286,23.414031,0.638066
18785.0000,-19.611838,22.835631,3.221890
18786.0000,-22.475420,22.356100,1.509717
18787.0000,-24.284273,22.331272,1.937516
18788.0000,-20.963349,21.628487,-0.805571
18789.0000,-19.652021,19.721405,1.918011
18790.0000,-18.823539,20.971432,4.638812
18791.0000,-19.300634,19.225882,8.146051
18792.0000,-19.504204,23.451826,7.181530
18793.0000,-19.206192,27.346497,5.724743
18794.0000,-15.614470,25.229758,9.753438
18795.0000,-13.672169,25.390344,10.641106
18796.0000,-16.043829,26.835057,11.487063
18797.0000,-18.889758,25.773073,10.649545
18798.0000,-14.732117,23.057393,8.579260
18799.0000,-14.784743,25.939658,6.658730
18800.0000,-18.062619,23.057462,7.536480
18801.0000,-20.799815,20.281090,8.272313
18802.0000,-17.767152,17.533322,8.768376
18803.0000,-15.722024,17.451607,9.474382
18804.0000,-11.560105,17.782593,6.841281
18805.0000,-12.181341,16.375583,7.159545
18806.0000,-14.182825,15.603689,5.690778
18807.0000,-14.130025,14.584795,5.791861
18808.0000,-15.819079,12.845673,7.637800
18809.0000,-15.394228,11.785981,8.537520
18810.0000,-17.106860,12.852886,9.419190
18811.0000,-17.460465,12.616767,9.499301
18812.0000,-19.484358,10.988067,7.205444
18813.0000,-21.278789,13.534539,7.163729
18814.0000,-22.436651,20.473927,6.612152
18815.0000,-25.940547,19.659413,11.872310
18816.0000,-25.968099,18.548875,9.956913
18817.0000,-25.493573,18.562582,13.204370
18818.0000,-27.505526,20.796039,14.291570
18819.0000,-26.733988,18.391685,16.080915
18820.0000,-23.741230,19.723424,17.841923
18821.0000,-21.777220,18.910683,15.588029
18822.0000,-21.589615,24.421692,19.117775
18823.0000,-20.789764,22.732829,21.428094
18824.0000,-19.358152,24.041737,20.703261
18825.0000,-21.091592,24.375418,16.016851
18826.0000,-19.085538,23.087742,13.982397
18827.0000,-21.547439,20.077377,13.375835
18828.0000,-19.759666,20.770953,12.326147
18829.0000,-18.737637,18.405328,15.954912
18830.0000,-18.975698,16.015204,13.560754
18831.0000,-17.089644,14.917434,14.548160
18832.0000,-18.768110,12.936891,12.687714
18833.0000,-18.496357,10.930524,16.439064
18834.0000,-17.003867,8.869903,15.389728
18835.0000,-18.394385,7.621905,17.653137
18836.0000,-20.260938,6.950645,19.632186
18837.0000,-17.562802,8.608739,16.786327
18838.0000,-17.615122,11.202527,17.420206
18839.0000,-19.967283,10.824762,18.322149
18840.0000,-21.397023,8.007077,18.297222
18841.0000,-20.746037,12.825708,20.576945
18842.0000,-21.557916,10.362950,21.728288
18843.0000,-20.491731,9.621167,19.016708
18844.0000,-17.743524,12.442965,20.676794
18845.0000,-18.339949,13.365442,22.787177
18846.0000,-21.901394,11.413807,22.277073
18847.0000,-20.598991,14.502636,16.020425
18848.0000,-17.198590,12.694179,15.527089
18849.0000,-15.400586,10.616402,15.589104
18850.0000,-12.345348,11.490736,16.419400
18851.0000,-10.883814,9.554839,14.677920
18852.0000,-11.195976,10.303233,15.150834
18853.0000,-11.533223,8.112822,13.826654
18854.0000,-12.791702,8.970896,14.528802
18855.0000,-11.850212,9.862367,13.707136
18856.0000,-8.947185,8.120366,12.674033
18857.0000,-6.880682,10.406001,15.137796
18858.0000,-11.880716,10.847096,15.737620
18859.0000,-12.587910,15.449495,15.132873
18860.0000,-13.415335,15.002190,13.019900
18861.0000,-18.043992,13.531063,15.989614
18862.0000,-20.752459,18.215302,16.606326
18863.0000,-20.127681,17.487480,17.420551
18864.0000,-18.079050,15.663314,17.691897
18865.0000,-20.673260,13.968878,16.858056
18866.0000,-20.304795,12.718082,19.817321
18867.0000,-19.704450,11.095470,21.730189
18868.0000,-18.410926,11.618858,19.679878
18869.0000,-18.005448,13.052841,19.228790
18870.0000,-17.178477,13.297832,21.009021
18871.0000,-19.288796,14.529164,18.630599
18872.0000,-18.307700,15.310835,20.446748
18873.0000,-18.656564,14.406833,21.518195
18874.0000,-18.138994,14.050354,20.855396
18875.0000,-19.159775,13.936998,20.762539
18876.0000,-17.871124,15.779602,21.701914
18877.0000,-17.586881,18.520911,21.304750
18878.0000,-15.501613,18.477848,20.766255
18879.0000,-14.076028,19.111741,20.193315
18880.0000,-15.774403,19.117959,15.435159
18881.0000,-10.461478,16.087127,11.490161
18882.0000,-12.758514,16.467096,10.475296
18883.0000,-11.972364,14.786201,9.072464
18884.0000,-10.825974,16.482876,7.768074
18885.0000,-13.811701,15.341814,9.172506
18886.0000,-16.925286,13.675482,9.273467
18887.0000,-19.430423,12.609042,8.616145
18888.0000,-17.347678,13.350446,9.804120
18889.0000,-10.758555,14.397188,7.635843
18890.0000,-11.492690,17.061195,8.818680
18891.0000,-12.888670,16.144090,9.589419
18892.0000,-11.290398,11.337831,6.452050
18893.0000,-11.721959,14.974924,7.955510
18894.0000,-7.579180,13.347084,5.771732
18895.0000,-4.559756,14.108311,5.937599
18896.0000,-2.498805,15.889557,6.802398
18897.0000,-3.202096,14.341947,2.813356
18898.0000,-3.844190,14.945526,3.715609
18899.0000,-4.361353,11.525985,2.038555
18900.0000,-1.147999,8.496525,1.748086
18901.0000,-4.483635,11.198010,0.589263
18902.0000,-4.493493,8.910077,-0.077729
18903.0000,-6.205459,7.982717,-0.863737
18904.0000,-4.990959,2.791471,2.024469
18905.0000,-6.038445,2.148528,1.180865
18906.0000,-1.656781,2.062157,1.201211
18907.0000,-4.826588,1.525963,-1.591117
18908.0000,-1.955987,0.168139,-3.419569
18909.0000,-2.849014,2.428967,-3.215125
18910.0000,-6.630097,0.776154,-2.137068
18911.0000,-6.991198,-0.812717,-3.974477
18912.0000,-8.123546,-0.654840,1.873319
18913.0000,-10.499295,1.169208,1.683778
18914.0000,-9.140635,-2.199568,4.633809
18915.0000,-6.516366,-3.474789,3.600704
18916.0000,-9.137146,-1.358123,3.488278
18917.0000,-7.755139,0.727422,2.418025
18918.0000,-8.590559,0.791012,3.322980
18919.0000,-9.107276,0.988635,0.429499
18920.0000,-8.556074,2.895983,1.002229
18921.0000,-13.075858,2.921027,3.928346
18922.0000,-14.173832,5.068337,2.686292
18923.0000,-11.388558,4.586249,4.293087
18924.0000,-9.679848,2.626891,4.826964
18925.0000,-12.246670,0.535368,-0.149564
18926.0000,-14.129680,0.683615,2.606789
18927.0000,-12.672512,1.408525,3.820489
18928.0000,-10.072120,1.603635,0.640086
18929.0000,-6.187146,0.715736,-0.058815
18930.0000,-8.082396,-2.553837,-0.041316
18931.0000,-9.951799,-2.556408,-1.359953
18932.0000,-10.412183,-0.992734,-1.120244
18933.0000,-8.644998,1.096085,-1.368479
18934.0000,-6.629186,-0.602714,-1.809073
18935.0000,-6.634388,1.005130,0.329609
18936.0000,-8.068377,2.303804,-1.707129
18937.0000,-7.583980,-0.195629,-3.108207
18938.0000,-5.864974,-2.113332,-2.153447
18939.0000,-3.883480,-0.842853,0.299249
18940.0000,-4.406581,-1.674003,0.484503
18941.0000,-4.305437,-4.505299,1.106189
18942.0000,-3.033047,-4.100763,2.747350
18943.0000,-4.847961,-7.129222,1.650478
18944.0000,-3.245537,-7.914220,7.049728
18945.0000,-6.672816,-5.828758,1.004643
18946.0000,-11.604246,-5.564875,1.939341
18947.0000,-11.462584,-6.523678,2.469040
18948.0000,-10.201559,-3.566533,5.273835
18949.0000,-9.288683,-4.365432,8.096298
18950.0000,-7.520619,-3.048904,6.331239
18951.0000,-6.999314,-4.131412,3.255567
18952.0000,-4.297045,-4.155753,4.344328
18953.0000,-3.473244,-3.404771,2.105455
18954.0000,-4.265197,0.088991,4.128734
18955.0000,-3.275479,1.740974,3.302113
18956.0000,-1.708598,0.929478,1.215954
18957.0000,-3.205958,3.181430,-0.679513
18958.0000,-3.975782,2.400491,0.581928
18959.0000,-6.798594,-1.909077,1.215317
18960.0000,-5.514752,-0.808158,-0.333904
18961.0000,-6.473068,-3.049067,-1.043024
18962.0000,-5.446267,-5.546313,-0.546155
18963.0000,-5.112597,-8.431370,-0.460470
18964.0000,-8.928835,-8.543320,2.929890
18965.0000,-9.267264,-11.250165,2.189683
18966.0000,-9.471405,-10.516327,2.225479
18967.0000,-11.327859,-12.639325,-0.555443
18968.0000,-12.123685,-14.911826,-2.722497
18969.0000,-10.997817,-15.088669,-2.843931
18970.0000,-8.663684,-15.477734,-1.522123
18971.0000,-8.774843,-15.521043,-0.738627
18972.0000,-11.055991,-15.408657,-3.360263
18973.0000,-9.420554,-11.713257,-7.060573
18974.0000,-6.364285,-10.835669,-9.336536
18975.0000,-9.789091,-8.193713,-9.410242
18976.0000,-10.807247,-6.878931,-9.021318
18977.0000,-7.548138,-5.918612,-9.449859
18978.0000,-6.851162,-8.688300,-7.057983
18979.0000,-6.962827,-8.277371,-5.194790
18980.0000,-11.551527,-3.594552,-7.844461
18981.0000,-13.913249,-7.326049,-8.463160
18982.0000,-16.415178,-7.550643,-8.424353
18983.0000,-13.800513,-6.878675,-9.483977
18984.0000,-15.304397,-10.380671,-10.555315
18985.0000,-15.448186,-9.769844,-7.492536
18986.0000,-17.056800,-6.606992,-9.332114
18987.0000,-17.919854,-2.472333,-8.381887
18988.0000,-15.613570,-3.686207,-10.337336
18989.0000,-16.476680,-2.717123,-8.607366
18990.0000,-17.310054,2.027458,-9.736804
18991.0000,-17.563670,0.461809,-12.821937
18992.0000,-19.312354,0.154399,-11.918646
18993.0000,-22.103284,3.494516,-9.765608
18994.0000,-22.921538,0.886205,-11.995645
18995.0000,-25.673658,1.690716,-12.019856
18996.0000,-22.795366,-1.905219,-11.662786
18997.0000,-21.955013,-1.203666,-7.477951
18998.0000,-23.963870,-3.041893,-2.287745
18999.0000,-26.352466,0.619794,-0.440122
19000.0000,-27.116073,-1.296419,-0.495129
19001.0000,-27.770559,-2.396021,-1.259852
19002.0000,-26.236472,-2.927740,-3.075290
19003.0000,-24.576001,-6.719234,-2.379813
19004.0000,-24.198981,-9.400860,-4.327578
19005.0000,-24.524792,-8.585360,-4.247532
19006.0000,-26.202882,-6.355693,-4.849630
19007.0000,-28.004145,-8.754557,-5.616257
19008.0000,-27.142515,-8.580838,-6.316188
19009.0000,-26.666365,-10.272913,-7.079100
19010.0000,-25.319502,-10.615613,-8.604708
19011.0000,-25.975925,-9.261793,-6.484798
19012.0000,-23.806629,-9.076803,-3.573066
19013.0000,-26.378277,-12.576012,-2.376617
19014.0000,-26.219403,-12.242824,-1.394889
19015.0000,-25.954453,-12.936916,-1.527688
19016.0000,-24.325339,-12.899326,-2.192951
19017.0000,-23.755108,-11.747994,-3.265553
19018.0000,-23.337318,-12.423247,-3.569332
19019.0000,-26.180500,-12.194192,-2.362024
19020.0000,-26.115627,-11.326675,-3.416220
19021.0000,-26.933655,-14.280264,-3.742662
19022.0000,-22.099564,-14.969399,-3.802328
19023.0000,-22.063025,-13.989049,-3.793445
19024.0000,-20.226391,-13.082391,-3.061378
19025.0000,-18.436857,-14.496998,-2.468861
19026.0000,-18.484706,-17.194419,-4.388347
19027.0000,-19.106496,-15.901735,-6.447117
19028.0000,-16.278720,-15.469852,-7.818539
19029.0000,-17.696438,-18.523853,-9.984970
19030.0000,-15.938468,-16.099696,-7.454414
19031.0000,-16.480308,-19.226446,-8.294888
19032.0000,-17.027774,-18.269071,-8.017224
19033.0000,-14.179204,-18.782362,-4.618077
19034.0000,-13.061818,-15.088513,-2.604517
19035.0000,-13.641129,-15.175277,-3.725829
19036.0000,-11.092396,-15.335766,-7.231746
19037.0000,-13.041937,-13.987271,-7.524757
19038.0000,-13.189576,-13.611428,-9.527828
19039.0000,-13.302109,-13.463424,-9.051116
19040.0000,-18.021066,-12.282842,-3.176836
19041.0000,-21.777804,-10.717284,-2.649624
19042.0000,-24.253180,-11.286394,-0.939177
19043.0000,-19.687264,-8.664801,0.415383
19044.0000,-20.172059,-7.734879,-1.917999
19045.0000,-17.616596,-8.127586,-3.413582
19046.0000,-17.780016,-10.934292,-4.248485
19047.0000,-16.879215,-12.160372,-6.896831
19048.0000,-16.459563,-11.618047,-6.429390
19049.0000,-19.336319,-9.259050,-9.426506
19050.0000,-15.590400,-10.272821,-11.393527
19051.0000,-18.901839,-10.274084,-18.690684
19052.0000,-20.058863,-13.278886,-20.463302
19053.0000,-20.982932,-15.266278,-18.295757
19054.0000,-20.591886,-16.991937,-19.180003
19055.0000,-20.498537,-20.730575,-21.472356
19056.0000,-25.280109,-18.581471,-21.691968
19057.0000,-28.591585,-16.622445,-18.099021
19058.0000,-30.743500,-15.985161,-16.976438
19059.0000,-27.296422,-16.722699,-17.052537
19060.0000,-29.409053,-16.600991,-20.373869
19061.0000,-26.809316,-18.235591,-18.920971
19062.0000,-29.173223,-18.814806,-18.625479
19063.0000,-29.922271,-18.887989,-17.246972
19064.0000,-32.424515,-16.971857,-14.533864
19065.0000,-32.915800,-20.181618,-15.011385
19066.0000,-28.734487,-18.654449,-14.476347
19067.0000,-30.505536,-16.848124,-10.934475
19068.0000,-34.880766,-16.193977,-9.824048
19069.0000,-33.174729,-14.036466,-4.182144
19070.0000,-27.400098,-11.714874,-5.902714
19071.0000,-28.485130,-9.351681,-5.916954
19072.0000,-23.960464,-7.782464,-6.035019
19073.0000,-22.429687,-6.789769,-5.180743
19074.0000,-22.074567,-7.339648,-5.462232
19075.0000,-20.839456,-5.385848,-5.657293
19076.0000,-20.275382,-4.766584,-5.720376
19077.0000,-18.840516,-8.100968,-6.079474
19078.0000,-22.396044,-8.469306,-8.867509
19079.0000,-27.564085,-11.917919,-8.592243
19080.0000,-27.111376,-11.119237,-10.202767
19081.0000,-30.790772,-9.554012,-8.539265
19082.0000,-31.373311,-8.305019,-10.186536
19083.0000,-33.364138,-7.162781,-11.038116
19084.0000,-30.873574,-9.078190,-12.008189
19085.0000,-33.043080,-5.194194,-12.142252
19086.0000,-30.906845,-8.292626,-12.791274
19087.0000,-31.453831,-4.207988,-11.022656
19088.0000,-27.228752,-5.942274,-14.304924
19089.0000,-29.116579,-6.124694,-15.338422
19090.0000,-31.583526,-5.881042,-16.078793
19091.0000,-29.430128,-3.243912,-18.247947
19092.0000,-27.664435,-0.589562,-16.676357
19093.0000,-29.146737,-1.513494,-15.608007
19094.0000,-31.641914,0.609304,-14.326324
19095.0000,-29.738082,-3.239934,-10.686024
19096.0000,-30.141701,-2.932632,-9.396013
19097.0000,-27.884149,-3.188822,-8.038401
19098.0000,-26.920449,-2.300081,-4.067523
19099.0000,-26.570997,-2.352636,-3.823008
19100.0000,-25.195864,2.947519,-3.098644
19101.0000,-24.237512,3.814436,-4.607174
19102.0000,-24.328001,2.910743,-0.465860
19103.0000,-26.464776,3.419356,-3.373890
19104.0000,-26.984809,4.380585,-2.630120
19105.0000,-28.734820,3.932688,-1.268750
19106.0000,-28.885735,7.785245,0.248075
19107.0000,-28.842003,7.418412,-2.586581
19108.0000,-29.190337,8.635882,-0.513914
19109.0000,-31.087279,6.743249,-2.244502
19110.0000,-32.441458,2.153363,-1.208467
19111.0000,-30.561437,1.280643,1.811709
19112.0000,-30.006104,2.907603,1.127035
19113.0000,-31.685353,3.520913,3.176563
19114.0000,-32.786889,2.930740,5.810570
19115.0000,-35.482335,6.029564,1.659082
19116.0000,-33.998828,9.773762,4.701642
19117.0000,-32.308884,9.718273,4.640919
19118.0000,-32.745271,8.969858,5.795427
19119.0000,-30.553140,9.004714,6.337146
19120.0000,-28.552097,9.135174,7.147137
19121.0000,-29.225727,12.680442,7.912714
19122.0000,-28.955068,13.180056,8.640180
19123.0000,-27.643419,12.277317,8.792791
19124.0000,-26.555862,11.512244,5.553855
19125.0000,-28.616680,12.156934,3.506164
19126.0000,-28.006082,9.278117,-0.562375
19127.0000,-27.779745,5.448516,0.445159
19128.0000,-27.533407,6.243807,0.308531
19129.0000,-25.297225,6.519670,1.246972
19130.0000,-25.583515,3.295495,5.540255
19131.0000,-21.776006,1.384592,5.974120
19132.0000,-19.321399,3.406063,6.716219
19133.0000,-17.824715,1.683106,6.160706
19134.0000,-18.635579,1.977466,4.761262
19135.0000,-18.197222,2.138002,4.213998
19136.0000,-17.547483,2.268465,2.730269
19137.0000,-18.871457,0.544080,5.151019
19138.0000,-16.421297,1.561273,4.867160
19139.0000,-12.430339,0.745231,2.776399
19140.0000,-11.625716,-0.860362,3.701500
19141.0000,-12.233437,0.145611,0.830579
19142.0000,-15.671840,2.137921,-0.886291
19143.0000,-17.211085,1.777173,0.571593
19144.0000,-17.570973,1.942621,-2.109252
19145.0000,-16.615894,0.915419,2.028239
19146.0000,-15.064703,0.391866,1.522994
19147.0000,-15.555902,-1.342910,2.391879
19148.0000,-15.811549,-1.911021,5.119667
19149.0000,-16.578359,-3.330112,5.112816
19150.0000,-18.051758,-4.239190,4.738873
19151.0000,-17.103395,-4.275740,4.934565
19152.0000,-20.084172,-5.394401,1.627024
19153.0000,-15.866617,-4.808269,2.122189
19154.0000,-16.160954,-8.106451,1.916456
19155.0000,-16.655809,-6.822572,3.397940
19156.0000,-15.747021,-3.072987,1.410935
19157.0000,-15.073190,-0.799998,1.600458
19158.0000,-15.012867,0.131830,2.448835
19159.0000,-14.174661,0.610362,1.525827
19160.0000,-11.398596,-1.843534,0.565780
19161.0000,-12.072196,-3.525017,0.312941
19162.0000,-12.130424,-0.956505,0.887766
19163.0000,-8.685575,3.146760,2.606083
19164.0000,-7.898092,5.250718,5.026902
19165.0000,-9.534746,6.241316,6.559119
19166.0000,-8.232367,6.328350,2.510016
19167.0000,-7.979559,5.868346,2.626027
19168.0000,-8.919566,4.719690,4.111187
19169.0000,-9.533012,3.761659,3.879155
19170.0000,-9.210031,4.222237,3.317788
19171.0000,-8.735350,4.550344,4.960430
19172.0000,-8.094184,3.929310,7.357799
19173.0000,-8.060459,3.787761,7.882335
19174.0000,-9.748615,2.693409,11.823662
19175.0000,-10.052110,0.406732,9.539995
19176.0000,-11.454253,-2.540451,12.024121
19177.0000,-9.809475,1.688527,12.857883
19178.0000,-10.764934,0.877550,16.306884
19179.0000,-11.580658,3.738100,14.787260
19180.0000,-9.492585,7.372641,13.727641
19181.0000,-12.124980,6.054223,13.479657
19182.0000,-13.899790,10.524418,10.565449
19183.0000,-13.807980,6.715362,11.833663
19184.0000,-9.974751,5.098644,12.725588
19185.0000,-10.422788,6.576844,15.022249
19186.0000,-10.969259,7.258933,17.272367
19187.0000,-9.925970,4.703195,19.130481
19188.0000,-10.343708,4.134372,20.727668
19189.0000,-8.313501,5.166348,20.797385
19190.0000,-8.102980,3.246696,21.533758
19191.0000,-7.304681,4.007765,20.488853
19192.0000,-6.402316,4.771628,20.941519
19193.0000,-4.939255,1.329298,22.566926
19194.0000,-5.315716,-0.026475,23.984840
19195.0000,-3.403072,1.827503,21.447111
19196.0000,-4.373090,4.655971,21.856163
19197.0000,-7.503996,6.960368,23.465541
19198.0000,-9.953471,6.274265,22.691473
19199.0000,-9.603161,9.510682,22.816573
19200.0000,-9.659809,9.248474,22.487927
19201.0000,-10.343807,10.618143,23.773071
19202.0000,-10.242527,10.964258,25.107453
19203.0000,-7.756973,9.740202,20.319010
19204.0000,-6.318708,10.576800,20.116625
19205.0000,-3.083159,6.701148,20.762916
19206.0000,-3.939378,5.136256,26.669503
19207.0000,-3.494594,6.447126,27.123776
19208.0000,-4.357538,5.338434,25.118157
19209.0000,-7.593775,4.704039,25.447482
19210.0000,-3.907766,2.621732,25.715852
19211.0000,-2.071453,2.090256,24.522473
19212.0000,0.833445,2.725392,24.043221
19213.0000,-0.105832,2.349998,23.609257
19214.0000,0.312452,4.568075,22.294572
19215.0000,1.243178,4.246764,23.851353
19216.0000,-1.026261,5.450672,21.506061
19217.0000,-1.166515,6.098683,19.715685
19218.0000,-2.205003,5.716737,21.073386
19219.0000,-5.312294,5.507097,20.132473
19220.0000,-4.863687,7.211284,20.513846
19221.0000,-0.001198,3.504100,22.760778
19222.0000,0.271274,3.035034,21.498340
19223.0000,0.287709,0.302379,19.882940
19224.0000,3.207917,3.050390,20.097366
19225.0000,4.335991,2.704102,23.510963
19226.0000,5.072451,1.801265,23.946507
19227.0000,5.676389,3.367038,24.805867
19228.0000,3.626987,4.344099,23.944974
19229.0000,2.557291,5.095528,24.578312
19230.0000,4.179832,4.958335,21.365609
19231.0000,2.818643,5.401307,20.449426
19232.0000,0.693503,2.795509,25.362684
19233.0000,-1.399550,2.015191,21.680915
19234.0000,-1.790803,1.251523,24.091703
19235.0000,-2.680001,1.254528,24.906622
19236.0000,-4.453813,2.492639,26.215637
19237.0000,-4.983075,2.990153,25.329616
19238.0000,-3.738978,3.813243,24.847201
19239.0000,-4.052836,2.236557,24.957879
19240.0000,-1.466336,4.450535,23.836103
19241.0000,-2.034656,6.209759,19.317454
19242.0000,-3.080672,3.255044,18.744890
19243.0000,1.232680,2.405697,19.810310
19244.0000,3.168057,2.934568,19.083278
19245.0000,4.279998,4.906271,18.970912
19246.0000,4.017447,4.046835,18.124292
19247.0000,3.562148,8.422836,21.984582
19248.0000,0.878637,5.202892,20.732394
19249.0000,0.551260,2.870596,17.274665
19250.0000,-2.164894,2.791733,14.884722
19251.0000,0.777792,3.132144,13.674415
19252.0000,0.504176,-0.072161,11.417420
19253.0000,-1.727335,-0.523765,16.128304
19254.0000,0.530638,-0.801015,15.143968
19255.0000,3.521387,-4.354136,14.651243
19256.0000,1.163339,-4.476310,13.672230
19257.0000,-0.514219,-2.733124,12.079970
19258.0000,-0.998283,-3.247328,13.825432
19259.0000,0.573817,-8.536424,13.125855
19260.0000,0.143090,-6.916439,13.313442
19261.0000,1.307651,-6.623748,12.505182
19262.0000,1.949488,-7.415214,12.526292
19263.0000,0.584988,-5.572136,11.368169
19264.0000,-3.385524,-5.525263,10.798261
19265.0000,-5.634830,-4.239669,11.833343
19266.0000,-9.253579,-1.973934,12.706589
19267.0000,-7.903684,-4.834248,13.541839
19268.0000,-7.965822,-6.674027,14.022700
19269.0000,-7.454322,-4.708785,13.193014
19270.0000,-8.954002,-4.576475,15.814032
19271.0000,-7.844348,-4.863358,17.591973
19272.0000,-5.678569,-5.109693,19.157774
19273.0000,-3.543925,-2.752220,18.534855
19274.0000,-1.880137,-1.734975,15.165693
19275.0000,-3.732279,-2.769614,12.704149
19276.0000,-5.688019,-3.404031,11.564399
19277.0000,-7.220780,-8.127737,14.438189
19278.0000,-6.401864,-10.226563,15.339954
19279.0000,-6.874105,-8.825619,14.788174
19280.0000,-5.211950,-6.862075,13.936005
19281.0000,-3.361618,-8.673760,13.678449
19282.0000,-7.431461,-5.794571,13.360331
19283.0000,-8.890015,-5.597404,12.920288
19284.0000,-5.884969,-5.545312,15.779646
19285.0000,-3.002061,-2.608488,15.935090
19286.0000,0.039891,-3.712609,21.056130
19287.0000,1.968398,-2.703185,21.047653
19288.0000,3.142669,-3.331426,19.038072
19289.0000,1.560923,-3.678442,16.631808
19290.0000,-0.025595,-5.528369,16.024769
19291.0000,-1.204223,-6.461523,16.973106
19292.0000,2.217947,-9.497024,17.542235
19293.0000,1.800595,-7.285138,17.702300
19294.0000,2.854266,-9.809235,17.042925
19295.0000,1.436078,-8.390955,15.928893
19296.0000,4.023300,-9.944506,17.302115
19297.0000,4.766328,-10.777268,23.413203
19298.0000,1.380490,-7.280386,21.841621
19299.0000,2.017790,-7.741499,22.056231
19300.0000,1.399737,-7.940256,23.498677
19301.0000,7.284885,-5.107142,21.022069
19302.0000,6.991283,-7.009310,20.300129
19303.0000,8.229899,-3.966814,19.263486
19304.0000,10.443565,-5.908860,20.320432
19305.0000,9.262798,-8.363943,20.644912
19306.0000,5.458298,-5.473115,21.513109
19307.0000,6.287986,-3.602889,18.297036
19308.0000,4.007412,-5.473405,16.396801
19309.0000,5.181890,-6.424544,13.286993
19310.0000,2.304335,-7.543338,15.148576
19311.0000,4.329596,-6.145445,15.192479
19312.0000,8.748657,-8.050577,14.814806
19313.0000,13.666710,-11.557491,16.057086
19314.0000,13.566316,-10.609704,15.503722
19315.0000,12.432922,-8.848184,15.510539
19316.0000,12.594416,-10.608572,17.362693
19317.0000,9.354489,-14.108283,18.523664
19318.0000,11.024437,-15.862731,22.333058
19319.0000,11.361995,-14.841295,20.051565
19320.0000,10.668386,-14.000796,19.757372
19321.0000,6.185379,-13.919537,19.949724
19322.0000,8.517469,-11.296325,19.584514
19323.0000,6.532426,-9.520214,20.280373
19324.0000,5.871029,-9.818552,17.512949
19325.0000,7.411588,-10.740285,18.294877
19326.0000,10.897051,-10.461083,14.810129
19327.0000,11.866346,-7.420124,17.966865
19328.0000,13.452293,-4.149070,15.600498
19329.0000,14.038580,-1.936264,15.341758
19330.0000,13.007863,-3.818582,16.705424
19331.0000,11.998954,-0.963536,17.685986
19332.0000,11.137845,-1.822543,20.239358
19333.0000,11.921618,-2.388705,22.013178
19334.0000,13.550878,-0.796709,22.086981
19335.0000,14.106332,-2.014439,20.801871
19336.0000,15.660485,-2.652006,23.078003
19337.0000,19.273826,-0.566398,21.358964
19338.0000,18.989829,0.511946,22.846185
19339.0000,18.645806,-0.068283,23.567395
19340.0000,13.376641,1.484615,21.096835
19341.0000,14.599193,1.354698,17.870057
19342.0000,15.450448,5.243527,17.792390
19343.0000,16.271610,7.152013,14.816044
19344.0000,14.943331,8.564676,14.389194
19345.0000,14.215419,7.444562,15.131882
19346.0000,12.477912,6.049552,13.549336
19347.0000,12.213577,5.829640,15.306924
19348.0000,10.074821,4.754294,17.662526
19349.0000,12.469570,5.176478,19.121192
19350.0000,10.959182,4.420330,20.288472
19351.0000,7.105271,8.953050,20.881904
19352.0000,9.685633,13.266727,19.060140
19353.0000,6.587999,11.372289,20.321621
19354.0000,4.165933,14.053773,21.868340
19355.0000,7.231504,15.307786,19.035243
19356.0000,10.610169,18.009641,18.933127
19357.0000,9.275188,14.396138,21.889521
19358.0000,9.296719,13.497337,21.047574
19359.0000,9.406567,13.482510,20.992904
19360.0000,10.838404,13.475953,21.935812
19361.0000,7.625814,14.672782,25.389917
19362.0000,5.934263,14.454246,23.981074
19363.0000,6.717230,14.312408,20.453404
19364.0000,6.261894,14.141475,20.747489
19365.0000,6.537593,15.095313,18.430474
19366.0000,5.642653,13.464507,16.959586
19367.0000,5.392162,13.078870,17.575420
19368.0000,5.175329,14.845236,16.339754
19369.0000,6.707030,15.143168,17.755647
19370.0000,3.032105,14.137745,19.768690
19371.0000,3.688980,13.549824,16.912102
19372.0000,7.720624,18.978549,18.730631
19373.0000,2.169632,18.401591,19.346983
19374.0000,1.455065,18.535932,20.927448
19375.0000,2.705091,15.982276,21.216446
19376.0000,4.831741,16.449578,20.407619
19377.0000,3.542267,15.955348,18.699759
19378.0000,4.483576,13.087500,18.643644
19379.0000,5.677125,13.725517,18.508741
19380.0000,9.721958,11.558317,17.505496
19381.0000,12.106296,11.665762,17.340899
19382.0000,12.431556,12.252540,16.876720
19383.0000,14.335395,11.666360,18.109726
19384.0000,14.153884,10.413080,18.470989
19385.0000,14.712445,12.513744,16.870797
19386.0000,15.745515,13.023544,17.505846
19387.0000,17.486254,11.576331,21.029492
19388.0000,15.670000,11.847037,20.117472
19389.0000,17.269043,8.874396,17.621810
19390.0000,12.997305,6.902949,17.454844
19391.0000,15.889689,9.065306,15.906685
19392.0000,13.695034,5.996942,14.849099
19393.0000,13.007155,2.127251,18.484118
19394.0000,17.365826,2.044774,18.936794
19395.0000,21.285269,2.930194,17.419423
19396.0000,20.309752,6.553412,12.417297
19397.0000,17.676172,6.881677,12.417394
19398.0000,18.156691,9.043625,17.213765
19399.0000,21.771766,10.744618,18.837354
19400.0000,21.665791,10.162378,20.941908
19401.0000,19.287392,7.447028,18.903736
19402.0000,18.177225,7.668065,21.388841
19403.0000,14.913183,4.142057,21.846230
19404.0000,16.089702,4.312421,20.149757
19405.0000,16.188059,6.232166,18.007595
19406.0000,16.050835,8.297740,16.502224
19407.0000,17.406904,4.194417,17.176871
19408.0000,16.362285,3.818270,17.660146
19409.0000,16.523730,3.872896,17.649043
19410.0000,13.327174,1.835236,18.185919
19411.0000,13.470122,0.025520,17.503042
19412.0000,13.978125,-4.550643,17.865147
19413.0000,13.525671,-6.899670,15.181097
19414.0000,15.365888,-4.767003,13.173876
19415.0000,13.834766,-4.713248,8.539036
19416.0000,19.059159,-5.556338,11.738755
19417.0000,20.687194,-5.264385,14.260772
19418.0000,19.221357,-6.952861,14.761669
19419.0000,21.139782,-8.068587,12.550838
19420.0000,20.888446,-5.613985,11.423868
19421.0000,23.342808,-1.165196,12.239218
19422.0000,16.753940,-0.986957,13.744551
19423.0000,15.640532,1.544454,13.203070
19424.0000,18.078248,3.136519,19.016155
19425.0000,11.443168,4.980712,21.998087
19426.0000,12.490173,6.411929,19.130526
19427.0000,16.122158,8.640963,22.776085
19428.0000,13.287089,5.848805,22.741557
19429.0000,11.577470,5.001642,21.647500
19430.0000,12.528795,5.691995,21.865545
19431.0000,13.365191,5.452099,17.420954
19432.0000,10.987253,4.597416,20.714223
19433.0000,11.273048,5.557590,21.251460
19434.0000,11.068111,7.030752,23.087941
19435.0000,9.635637,6.487169,23.700431
19436.0000,11.268784,8.168207,19.807560
19437.0000,7.342919,11.429410,19.727728
19438.0000,7.211106,8.280039,20.607756
19439.0000,7.304663,6.311936,20.041348
19440.0000,8.758483,5.595003,20.783794
19441.0000,10.316177,5.109486,22.199055
19442.0000,4.477131,5.219955,24.899762
19443.0000,3.641138,-0.730053,23.928493
19444.0000,2.867373,-0.178893,18.271426
19445.0000,2.276238,0.200377,20.615832
19446.0000,3.814494,2.676146,17.856717
19447.0000,-0.325367,2.695366,18.736491
19448.0000,1.171742,-2.246042,14.789430
19449.0000,-0.405767,-2.481321,11.695915
19450.0000,2.802194,-6.757666,14.851156
19451.0000,3.062477,-7.286534,17.179171
19452.0000,2.545937,-7.446724,15.403675
19453.0000,2.676862,-7.960448,16.246628
19454.0000,1.585703,-6.396786,13.902246
19455.0000,1.970187,-7.388375,13.911665
19456.0000,0.409677,-6.420478,17.208636
19457.0000,4.301967,-6.157732,17.460508
19458.0000,6.105631,-5.437891,17.910185
19459.0000,7.699033,-1.238763,15.386118
19460.0000,11.330236,-1.759818,16.515906
19461.0000,12.075602,-3.588411,18.832062
19462.0000,12.332242,-0.764709,19.055851
19463.0000,15.176789,-3.071563,20.238511
19464.0000,13.788885,-2.943839,22.829634
19465.0000,13.988025,-4.360936,22.531773
19466.0000,15.129756,-5.840140,24.508793
19467.0000,14.419770,-3.567516,24.683231
19468.0000,13.556396,0.718189,23.012951
19469.0000,14.807492,4.659223,21.723169
19470.0000,15.513803,5.915827,27.506378
19471.0000,18.445850,4.108134,26.300422
19472.0000,15.425520,4.725100,25.224890
19473.0000,15.740208,5.466063,24.698016
19474.0000,11.342032,3.556926,23.101690
19475.0000,12.771451,1.064786,23.377805
19476.0000,13.961512,-0.181552,22.199725
19477.0000,12.982114,-2.309647,21.550946
19478.0000,16.038104,-2.268765,22.110556
19479.0000,16.307440,-5.560406,22.577350
19480.0000,20.620022,-2.363530,22.359070
19481.0000,18.854041,-4.881033,22.812400
19482.0000,18.833505,-7.429286,20.744700
19483.0000,18.149149,-9.585390,18.259801
19484.0000,18.195272,-11.879730,19.578278
19485.0000,16.413341,-10.011824,18.104415
19486.0000,14.366679,-11.028375,18.666055
19487.0000,13.593833,-9.325389,17.509866
19488.0000,11.285094,-12.011653,19.895398
19489.0000,13.150867,-8.419328,23.317024
19490.0000,13.508782,-9.821829,22.830544
19491.0000,11.063502,-5.608172,23.056053
19492.0000,9.329336,-4.167617,20.425331
19493.0000,11.878368,-1.726031,18.399649
19494.0000,12.795048,-0.701766,16.580120
19495.0000,10.909211,-0.669862,17.126342
19496.0000,8.437297,-0.530267,19.384061
19497.0000,8.179573,0.740411,18.892895
19498.0000,10.312976,-0.959470,18.960446
19499.0000,8.214846,0.887972,19.411750
19500.0000,6.862266,-0.878371,20.744875
19501.0000,7.246473,1.157342,21.112147
19502.0000,6.780796,-0.105515,24.529759
19503.0000,7.447246,0.437481,25.862325
19504.0000,4.501313,2.742805,28.654889
19505.0000,2.677189,-0.172589,28.622333
19506.0000,4.940432,-3.024275,27.237010
19507.0000,3.415941,-0.696076,29.114758
19508.0000,4.976404,-2.125263,31.320748
19509.0000,9.941386,-3.962517,30.710186
19510.0000,9.488121,-4.389294,31.133609
19511.0000,8.346210,-3.379369,27.983680
19512.0000,11.287351,-3.229572,28.157682
19513.0000,8.721135,-3.330774,28.697754
19514.0000,5.207539,-2.130212,29.070409
19515.0000,7.911414,-3.185470,27.589545
19516.0000,7.401167,-3.913126,29.723284
19517.0000,5.114145,-6.277913,29.714680
19518.0000,4.905917,-5.487096,28.103799
19519.0000,6.803365,-7.719037,28.527236
19520.0000,5.587657,-9.681952,28.826307
19521.0000,6.399385,-8.741462,28.315028
19522.0000,6.208816,-7.725884,26.693928
19523.0000,7.065059,-6.328612,26.656404
19524.0000,5.669734,-10.032771,26.610490
19525.0000,2.662525,-9.504484,28.738180
19526.0000,1.562267,-9.434755,30.186860
19527.0000,5.679427,-8.782966,26.492724
19528.0000,5.619727,-8.278122,26.691203
19529.0000,0.574783,-9.359633,22.864411
19530.0000,-1.728054,-9.102726,21.302164
19531.0000,-1.332448,-5.036153,23.126454
19532.0000,-0.778750,-8.000477,22.453526
19533.0000,0.323351,-8.898774,23.760150
19534.0000,-3.215796,-10.942347,24.285255
19535.0000,-3.382622,-8.657355,23.323292
19536.0000,-4.689853,-8.557300,26.413116
19537.0000,-1.374135,-10.209999,25.944064
19538.0000,-0.081216,-10.962113,26.059649
19539.0000,-0.092023,-13.422267,20.213537
19540.0000,-1.612414,-11.514943,21.640380
19541.0000,0.046024,-11.416743,25.669850
19542.0000,0.898742,-6.397584,24.524706
19543.0000,3.935810,-4.744580,23.053593
19544.0000,1.656786,-6.001737,24.669667
19545.0000,3.915728,-6.783877,23.506833
19546.0000,-0.318567,-4.464739,21.543133
19547.0000,0.096174,-2.301348,22.569062
19548.0000,-2.752064,-3.325739,25.810366
19549.0000,-1.461429,-4.514158,24.117349
19550.0000,-3.219157,-2.779612,23.922961
19551.0000,-3.032648,-3.955749,27.785836
19552.0000,-4.090300,-4.539616,26.979302
19553.0000,-5.523682,-4.843555,22.533887
19554.0000,-2.796051,-6.835171,20.142728
19555.0000,0.489310,-6.715958,16.162697
19556.0000,3.057035,-8.983587,16.143815
19557.0000,-0.447368,-9.090971,16.865885
19558.0000,-1.959114,-7.914308,16.183876
19559.0000,-2.387046,-5.738249,16.047092
19560.0000,-1.795168,-6.775769,18.252853
19561.0000,-1.753026,-5.570470,16.418268
19562.0000,2.245014,-4.187840,12.440226
19563.0000,2.820382,-6.035784,11.628732
19564.0000,0.259802,-3.632473,10.648918
19565.0000,1.915647,-0.824216,11.654973
19566.0000,0.327137,1.000485,12.714625
19567.0000,3.189724,1.761494,14.049912
19568.0000,1.769467,1.449231,14.427381
19569.0000,2.964818,0.254360,13.727100
19570.0000,-0.366840,0.399606,17.212017
19571.0000,-0.844086,-1.088648,15.453998
19572.0000,-4.508740,-2.362401,14.623837
19573.0000,-3.448173,-0.125283,18.681420
19574.0000,-2.663182,-1.494494,15.945091
19575.0000,-6.033007,-0.358048,13.152572
19576.0000,-5.043677,-2.292958,13.463101
19577.0000,-7.812310,-4.694865,15.279719
19578.0000,-8.509631,-4.289693,15.725821
19579.0000,-4.272161,-4.121872,10.965979
19580.0000,-1.921509,-4.594711,8.917023
19581.0000,-2.905660,-5.425618,4.362897
19582.0000,-1.679788,-4.960521,3.099714
19583.0000,-4.683507,-5.300321,3.722906
19584.0000,-6.337969,-7.468815,5.166682
19585.0000,-4.894906,-6.059405,1.111077
19586.0000,-9.266764,-7.324808,0.944126
19587.0000,-11.897384,-6.445011,0.171881
19588.0000,-12.339786,-5.320988,-0.286950
19589.0000,-11.592480,-4.413679,0.154433
19590.0000,-11.505892,0.566784,0.856789
19591.0000,-6.448704,1.070619,-0.369278
19592.0000,-6.100705,2.441704,-3.227326
19593.0000,-6.547305,5.584495,-0.416660
19594.0000,-4.984602,0.747158,2.162344
19595.0000,-5.057109,1.319545,0.988236
19596.0000,-7.530971,0.770294,-1.232797
19597.0000,-8.103636,-1.280715,-5.214002
19598.0000,-8.008164,-0.131165,-6.169602
19599.0000,-11.575979,-2.053283,-4.246157
19600.0000,-18.068421,-3.277573,-4.136047
19601.0000,-18.878794,2.060021,-4.671259
19602.0000,-18.576642,2.365955,-2.380104
19603.0000,-20.728856,1.848450,0.451844
19604.0000,-23.288089,0.084611,3.047777
19605.0000,-24.535579,0.509558,1.266947
19606.0000,-25.552082,3.695077,-0.336335
19607.0000,-25.749855,2.190133,-0.422105
19608.0000,-23.806360,0.519698,1.721610
19609.0000,-23.007849,1.346133,2.336859
19610.0000,-22.624857,0.134130,4.089688
19611.0000,-23.106632,-0.070938,5.559283
19612.0000,-21.951338,-1.306243,6.769893
19613.0000,-23.195460,-3.536146,5.890075
19614.0000,-20.088451,0.217757,5.958510
19615.0000,-20.487050,-4.443502,6.508801
19616.0000,-18.303111,-8.288355,2.786020
19617.0000,-16.024540,-9.643084,0.540009
19618.0000,-14.220896,-8.690427,0.686795
19619.0000,-12.716222,-6.524281,1.631857
19620.0000,-12.331588,-7.372845,0.678665
19621.0000,-12.655552,-8.241023,1.101990
19622.0000,-15.931914,-9.667597,2.779757
19623.0000,-16.464456,-10.038724,4.125876
19624.0000,-16.459394,-8.824711,5.881638
19625.0000,-16.351400,-8.027091,4.438934
19626.0000,-15.884661,-4.707413,4.037076
19627.0000,-19.216105,-7.235434,1.845819
19628.0000,-17.293104,-8.006285,1.048344
19629.0000,-15.345027,-3.323472,2.235990
19630.0000,-15.199167,-4.128802,2.178319
19631.0000,-11.540009,-1.577089,2.069720
19632.0000,-8.514053,1.067941,6.280980
19633.0000,-5.898760,0.549850,6.919092
19634.0000,-9.384679,1.926044,10.519595
19635.0000,-11.655164,2.591068,7.359858
19636.0000,-10.538509,1.684133,7.322156
19637.0000,-10.002284,3.838153,10.626867
19638.0000,-8.864756,4.812713,12.119106
19639.0000,-11.734740,3.824125,12.271442
19640.0000,-12.856324,1.474137,10.601805
19641.0000,-11.655273,0.119971,9.035722
19642.0000,-10.619266,-1.041003,13.723003
19643.0000,-11.531192,-2.692038,12.164437
19644.0000,-11.198070,-3.994397,9.612513
19645.0000,-12.113878,-3.485259,8.105970
19646.0000,-10.489927,-2.100162,7.055513
19647.0000,-8.926852,-1.077926,5.947318
19648.0000,-9.927697,0.888407,6.984218
19649.0000,-9.914491,3.295447,5.010264
19650.0000,-11.874043,3.832483,4.690351
19651.0000,-10.487342,1.182055,3.484989
19652.0000,-10.985454,3.403704,0.545638
19653.0000,-10.107013,5.387402,0.965456
19654.0000,-11.548894,4.744660,1.194960
19655.0000,-9.456091,5.746021,3.219531
19656.0000,-6.203499,6.712752,1.442222
19657.0000,-7.277259,2.374896,4.109807
19658.0000,-6.781188,1.952941,3.937788
19659.0000,-7.343560,0.185601,3.944150
19660.0000,-6.534882,2.392150,1.645715
19661.0000,-6.589863,-1.631733,4.952772
19662.0000,-7.355783,-1.274959,8.406972
19663.0000,-2.639743,1.180277,6.722857
19664.0000,-1.703504,-0.241348,7.660783
19665.0000,-4.098424,0.748088,5.249643
19666.0000,-5.967152,1.636584,3.972617
19667.0000,-5.112583,-0.952377,5.930615
19668.0000,-3.793845,-0.884193,4.271760
19669.0000,-8.984029,-0.115420,6.858798
19670.0000,-8.637986,2.986090,9.504986
19671.0000,-10.412891,0.510825,10.065839
19672.0000,-8.757281,-4.040800,11.878439
19673.0000,-7.976745,-3.087217,10.808531
19674.0000,-5.228395,-2.034015,11.553874
19675.0000,-3.358311,0.603235,12.724441
19676.0000,-9.014326,3.959292,14.361320
19677.0000,-7.461073,4.697401,15.777318
19678.0000,-5.603653,4.333318,12.650785
19679.0000,-7.275216,3.619063,13.366908
19680.0000,-9.307991,3.074068,14.773542
19681.0000,-10.655345,5.514008,17.533477
19682.0000,-11.790738,7.411193,21.714627
19683.0000,-9.479422,8.723527,20.582029
19684.0000,-10.596708,7.602920,19.027942
19685.0000,-9.541911,3.314428,17.849415
19686.0000,-10.470459,1.208661,16.102895
19687.0000,-9.845353,-0.144845,16.183993
19688.0000,-9.031538,0.406614,14.311898
19689.0000,-11.238790,-0.424377,10.727067
19690.0000,-10.813318,-0.950025,13.280384
19691.0000,-12.986130,-0.257588,17.581896
19692.0000,-12.542457,-1.132113,18.188201
19693.0000,-13.212994,-1.759667,16.939075
19694.0000,-15.580265,-3.266379,18.284903
19695.0000,-12.632407,-2.083653,22.793141
19696.0000,-8.857880,-0.459209,21.088279
19697.0000,-7.362303,0.366938,20.904648
19698.0000,-9.445587,1.819275,22.214948
19699.0000,-6.627367,-0.257436,25.857376
19700.0000,-7.932122,-0.978857,25.189141
19701.0000,-6.947881,-1.127523,19.988440
19702.0000,-4.713117,-3.286284,20.567159
19703.0000,-7.010278,-3.059496,18.463822
19704.0000,-8.977789,-5.962561,19.370891
19705.0000,-8.048940,-6.027970,20.436080
19706.0000,-7.165499,-6.953853,20.115232
19707.0000,-9.502011,-8.292560,23.626960
19708.0000,-8.768225,-9.548758,19.930605
19709.0000,-13.833568,-10.070786,17.239420
19710.0000,-16.798554,-12.575322,20.800493
19711.0000,-14.915809,-10.519257,15.503212
19712.0000,-16.531102,-11.325507,15.418285
19713.0000,-21.814176,-10.875719,18.715258
19714.0000,-21.242000,-7.559348,18.439789
19715.0000,-17.946697,-4.398889,16.458814
19716.0000,-15.603357,-3.768682,17.507518
19717.0000,-14.152789,-4.185187,19.930048
19718.0000,-15.335534,-3.691665,18.873263
19719.0000,-16.677983,-3.288650,18.311411
19720.0000,-15.212214,-2.724500,17.542543
19721.0000,-13.981231,-4.322577,19.048092
19722.0000,-14.031999,-7.251574,21.750717
19723.0000,-15.368377,-8.765752,22.538458
19724.0000,-12.072072,-9.304055,23.244102
19725.0000,-13.444077,-11.488006,20.840848
19726.0000,-15.798992,-12.828049,16.873952
19727.0000,-14.656801,-12.898350,17.980754
19728.0000,-18.448095,-15.118461,20.817582
19729.0000,-19.099300,-14.606567,19.371989
19730.0000,-18.206790,-11.700392,19.160714
19731.0000,-16.744462,-15.214901,19.916128
19732.0000,-13.358709,-17.090274,20.648198
19733.0000,-10.789015,-17.437357,20.300832
19734.0000,-9.423199,-15.907901,20.396552
19735.0000,-12.564415,-18.614218,18.933585
19736.0000,-13.052902,-20.296949,16.668148
19737.0000,-11.414178,-20.947138,14.625802
19738.0000,-9.000040,-19.061604,16.587718
19739.0000,-13.211914,-20.777107,13.925664
19740.0000,-10.488401,-21.027876,15.641704
19741.0000,-11.854395,-15.776249,17.570513
19742.0000,-12.277896,-15.112790,15.811719
19743.0000,-13.189846,-13.945175,17.069225
19744.0000,-11.631546,-14.537891,18.314377
19745.0000,-10.750334,-13.749606,15.504934
19746.0000,-7.688021,-17.300536,15.609695
19747.0000,-5.882658,-15.509769,14.289263
19748.0000,-6.827573,-16.342257,14.096351
19749.0000,-4.234392,-16.078300,15.225391
19750.0000,-4.445729,-14.245482,16.321849
19751.0000,-2.966226,-13.813711,15.869349
19752.0000,-4.187469,-17.701956,20.220009
19753.0000,-3.480306,-15.709508,19.143395
19754.0000,-0.806436,-20.060104,18.356560
19755.0000,-1.673337,-19.360869,20.091268
19756.0000,-3.363301,-17.487434,18.382264
19757.0000,-4.155489,-20.916411,20.825776
19758.0000,-3.687883,-17.876060,24.491295
19759.0000,-6.186452,-17.857267,22.849166
19760.0000,-2.900391,-17.725957,23.241884
19761.0000,-2.884029,-19.255162,18.112390
19762.0000,-4.585502,-18.258844,17.492543
19763.0000,-2.331908,-21.544309,15.606338
19764.0000,-5.777216,-19.697339,14.801090
19765.0000,-3.534415,-19.161930,12.171285
19766.0000,-3.845111,-21.111223,11.759377
19767.0000,-0.446345,-18.797965,10.903172
19768.0000,-0.629594,-17.325588,9.443473
19769.0000,-0.211541,-16.747736,10.619619
19770.0000,-3.310580,-16.771498,10.216529
19771.0000,-1.480385,-12.824592,11.049689
19772.0000,-2.018850,-11.838923,11.153924
19773.0000,-3.668176,-10.598855,9.918767
19774.0000,-3.608102,-12.195288,10.339641
19775.0000,-3.320944,-12.778658,10.034529
19776.0000,-5.327908,-14.451509,10.319314
19777.0000,-4.291583,-14.794535,7.334554
19778.0000,-2.616856,-14.371275,6.362265
19779.0000,-4.817229,-15.595688,9.164446
19780.0000,-4.407078,-13.035796,6.828807
19781.0000,-4.740900,-15.011882,7.827933
19782.0000,-6.494815,-14.554768,7.132546
19783.0000,-2.270751,-14.183523,6.088553
19784.0000,-1.094156,-16.422809,6.921843
19785.0000,-1.535315,-16.537487,5.748977
19786.0000,-0.298251,-16.676237,7.561620
19787.0000,-0.762987,-18.720912,6.056974
19788.0000,0.510501,-22.146279,6.381907
19789.0000,3.019655,-24.703208,9.230965
19790.0000,0.260589,-24.673749,12.390442
19791.0000,0.173170,-23.635484,12.216017
19792.0000,-0.582082,-23.052747,12.506364
19793.0000,0.451225,-22.042864,9.783227
19794.0000,0.715418,-21.656340,8.263819
19795.0000,0.324605,-18.655329,4.636411
19796.0000,-1.408780,-18.492750,5.191991
19797.0000,0.954753,-15.664669,3.929868
19798.0000,0.710426,-16.311266,3.836682
19799.0000,1.564642,-16.043488,2.334970
19800.0000,0.734849,-12.719251,1.983352
19801.0000,-0.247267,-11.164754,4.200046
19802.0000,-3.387850,-10.113487,6.351670
19803.0000,-1.738630,-9.894822,5.329598
19804.0000,-0.446933,-14.240976,3.389675
19805.0000,-1.146207,-14.682482,4.990521
19806.0000,-0.604619,-15.708714,4.677286
19807.0000,-1.304703,-13.078103,3.797719
19808.0000,-2.602725,-12.695682,2.475453
19809.0000,-0.764035,-13.988581,4.163044
19810.0000,-3.746966,-10.701927,3.658879
19811.0000,-5.437837,-12.002809,2.686850
19812.0000,-7.351995,-10.880383,1.337504
19813.0000,-6.732734,-10.975909,0.866630
19814.0000,-5.948426,-10.110655,-1.031881
19815.0000,-8.499631,-9.653609,-2.186205
19816.0000,-10.420230,-10.425658,-0.310599
19817.0000,-11.449771,-7.228992,0.069411
19818.0000,-10.685827,-6.164626,0.300192
19819.0000,-9.033629,-8.695746,-0.111028
19820.0000,-8.378564,-6.486553,2.253953
19821.0000,-8.559096,-5.401756,2.957128
19822.0000,-7.255654,-1.900881,4.988033
19823.0000,-7.612849,-5.321309,-0.072211
19824.0000,-9.621197,-5.477737,1.382690
19825.0000,-11.171794,-6.025877,2.745912
19826.0000,-8.538207,-6.375426,1.616140
19827.0000,-8.358420,-7.263137,2.277787
19828.0000,-9.724771,-7.899308,0.365328
19829.0000,-9.848719,-8.618298,1.859231
19830.0000,-9.179895,-5.905160,4.562418
19831.0000,-10.086356,-5.581319,4.152176
19832.0000,-11.320177,-4.324280,3.228525
19833.0000,-10.071865,-5.637269,6.222990
19834.0000,-9.194794,-3.929798,6.863534
19835.0000,-10.639378,-6.510533,3.572799
19836.0000,-8.747778,-5.411687,2.321357
19837.0000,-8.279661,-1.189951,0.375768
19838.0000,-11.927118,-0.773764,2.028857
19839.0000,-9.143228,-0.764060,2.404070
19840.0000,-10.025364,0.364627,1.216656
19841.0000,-11.417559,-1.054972,4.041148
19842.0000,-14.767169,1.372274,2.134843
19843.0000,-13.785941,0.484275,0.734857
19844.0000,-14.178696,-1.764184,4.947788
19845.0000,-14.384497,0.148821,5.492440
19846.0000,-10.695641,0.226570,1.701285
19847.0000,-6.892009,-0.731861,-0.976421
19848.0000,-7.509250,-2.297006,-1.324622
19849.0000,-5.658375,-3.136747,-1.593798
19850.0000,-5.941108,-1.941637,1.074259
19851.0000,-0.869701,-4.818586,4.228403
19852.0000,-0.564133,-4.872852,3.765817
19853.0000,-1.840065,-9.134468,1.664416
19854.0000,-3.722517,-8.060489,3.320547
19855.0000,-4.082687,-8.215188,7.223334
19856.0000,-1.924075,-8.457971,8.872335
19857.0000,0.126036,-3.272403,9.765669
19858.0000,-2.311774,-2.782334,9.907783
19859.0000,-0.329036,-4.307211,10.483280
19860.0000,-2.048393,-3.016673,8.502845
19861.0000,-1.307736,-2.552479,8.727571
19862.0000,-3.687535,-1.244906,9.015330
19863.0000,-1.596445,0.573635,11.740234
19864.0000,0.633696,0.509063,10.811169
19865.0000,-1.872615,2.409993,10.832074
19866.0000,-0.412698,3.860500,12.707592
19867.0000,-2.357267,2.304439,10.579087
19868.0000,1.424694,0.320102,12.964001
19869.0000,1.951143,1.278991,10.156996
19870.0000,0.408286,-1.324976,10.210757
19871.0000,1.523556,-5.079791,13.103457
19872.0000,1.520214,-2.852976,13.074065
19873.0000,1.026428,-0.447273,14.156852
19874.0000,3.519436,0.219719,13.015626
19875.0000,0.393428,-1.868150,10.273581
19876.0000,-1.319183,-0.879463,14.323784
19877.0000,-0.795693,-3.279170,15.477433
19878.0000,-1.306701,-3.766047,14.376255
19879.0000,-2.566159,-2.371452,14.812493
19880.0000,0.122289,-1.576840,14.646459
19881.0000,-4.163257,1.213583,12.425547
19882.0000,-4.953798,-2.257170,14.939774
19883.0000,-3.585993,-4.453800,11.587078
19884.0000,-1.998566,-7.031372,14.085748
19885.0000,-1.993738,-4.390923,11.407154
19886.0000,0.081863,-3.307697,8.574208
19887.0000,-0.174211,-3.094652,10.007112
19888.0000,2.012658,-5.180497,13.913242
19889.0000,2.072166,-5.018312,14.322243
19890.0000,2.014148,-4.197635,16.470221
19891.0000,-0.246110,-4.237994,16.725158
19892.0000,1.293359,-2.304855,12.885719
19893.0000,0.079342,-3.418183,13.081302
19894.0000,-3.305946,-1.224512,12.843973
19895.0000,-5.633305,-0.474774,10.324607
19896.0000,-9.262232,0.651402,10.698610
19897.0000,-10.693166,1.406137,9.745763
19898.0000,-12.178979,2.933268,11.389744
19899.0000,-10.814356,1.261121,14.665584
19900.0000,-8.351741,1.208864,12.429416
19901.0000,-10.534351,3.071245,11.869816
19902.0000,-4.726071,0.646656,12.843644
19903.0000,-5.760414,2.138681,12.595465
19904.0000,-8.007733,2.413866,13.768909
19905.0000,-6.399267,4.314584,12.349410
19906.0000,-4.887949,6.114655,10.799294
19907.0000,-4.109360,4.843859,9.175691
19908.0000,-4.447236,2.961959,7.231158
19909.0000,-6.274209,4.528525,7.155945
19910.0000,-3.960310,4.456224,8.273700
19911.0000,-2.190108,3.325217,6.897642
19912.0000,-1.901520,3.382881,1.839054
19913.0000,-3.063054,3.728039,0.565049
19914.0000,-0.913462,3.932931,4.465166
19915.0000,-1.631627,2.333515,8.031713
19916.0000,0.642593,4.415747,7.789310
19917.0000,3.715945,4.727728,6.955109
19918.0000,1.898864,6.543009,8.677311
19919.0000,0.827504,4.810917,11.142184
19920.0000,6.110360,4.158775,14.304687
19921.0000,5.969147,7.877287,11.452289
19922.0000,4.799857,6.191999,9.717396
19923.0000,1.819452,4.772905,7.998903
19924.0000,3.576785,4.268948,9.069305
19925.0000,4.266620,5.860510,14.178348
19926.0000,3.969652,5.085479,18.532911
19927.0000,6.951630,7.386341,21.868307
19928.0000,7.209644,8.160123,21.136107
19929.0000,3.152000,10.735844,19.605345
19930.0000,3.076468,13.414026,22.557132
19931.0000,-0.440190,12.518231,26.158143
19932.0000,1.530582,9.943968,24.276663
19933.0000,0.485655,7.638131,23.773074
19934.0000,0.493591,6.801921,23.598550
19935.0000,4.128636,4.197914,23.258125
19936.0000,2.440947,2.561018,22.864683
19937.0000,2.930023,3.692080,22.157023
19938.0000,2.854650,2.542335,23.726263
19939.0000,0.968504,2.992003,26.217197
19940.0000,-1.291392,6.813385,25.565327
19941.0000,0.595599,7.225282,24.867454
19942.0000,0.431951,4.569538,27.305101
19943.0000,-2.129578,5.407000,28.920445
19944.0000,-0.356415,9.414925,29.953239
19945.0000,1.174974,10.509856,29.813574
19946.0000,-1.680568,5.842732,30.285185
19947.0000,-0.097635,5.778519,33.023505
19948.0000,5.009279,5.481262,33.781959
19949.0000,3.648402,5.695941,29.821124
19950.0000,6.506842,2.465163,29.179091
19951.0000,5.716768,4.366718,29.747901
19952.0000,4.343580,5.727357,28.139521
19953.0000,5.511313,8.597331,30.066484
19954.0000,4.606405,7.166688,29.724919
19955.0000,6.672168,7.166932,34.459268
19956.0000,5.353927,6.214749,35.291145
19957.0000,6.916998,3.165984,37.188947
19958.0000,9.951860,1.801521,36.881468
19959.0000,8.144615,1.766061,39.083009
19960.0000,6.305366,-1.613916,39.290631
19961.0000,8.309709,-2.170523,37.894346
19962.0000,8.827048,0.887696,37.766162
19963.0000,5.403916,1.393194,38.014475
19964.0000,4.997233,4.532119,37.220416
19965.0000,7.131626,4.952222,32.536398
19966.0000,1.808084,4.493554,32.570172
19967.0000,0.472315,3.196219,33.309326
19968.0000,0.659573,3.332585,33.665424
19969.0000,-3.786546,1.183637,31.298311
19970.0000,-3.556013,-1.161162,32.316133
19971.0000,-6.137324,-4.068499,34.095064
19972.0000,-5.562414,-4.345085,33.329530
19973.0000,-4.441269,-0.306802,27.079218
19974.0000,-2.993199,0.751010,25.020301
19975.0000,-1.925073,-0.262148,21.987851
19976.0000,-3.199263,2.452774,25.768583
19977.0000,-1.840521,2.047342,26.335831
19978.0000,-1.447157,1.035302,29.665538
19979.0000,1.287698,3.851000,31.614511
19980.0000,1.412793,1.402763,30.102781
19981.0000,0.599653,2.164729,28.154626
19982.0000,3.071320,-0.390746,26.767827
19983.0000,1.197623,-0.997755,25.393644
19984.0000,2.630939,-2.960534,25.394898
19985.0000,2.050704,0.280804,27.697519
19986.0000,2.264577,-1.323500,27.595173
19987.0000,2.903078,-2.537362,28.414597
19988.0000,0.092446,-0.246850,31.524161
19989.0000,-0.219611,-1.886660,30.092532
19990.0000,4.703396,-4.505172,32.316751
19991.0000,2.246817,-3.578415,31.219499
19992.0000,1.994531,-4.985856,27.801961
19993.0000,4.696013,-1.346176,24.891029
19994.0000,3.918285,-1.452858,24.495086
19995.0000,3.175944,-1.983917,27.468495
19996.0000,3.871398,-3.916793,26.608792
19997.0000,2.613770,-3.268300,24.868556
19998.0000,0.184557,-2.305122,23.182919
19999.0000,0.794095,-1.037585,23.509240
20000.0000,-0.363223,-1.813631,22.632615
